farmer_id,age,gender,location_state,education_level,marital_status,dependants,farm_type,farm_size_acres,years_of_experience,access_to_extension_services,access_to_irrigation,mobile_phone_access,financial_literacy_level,has_bank_account,previous_loan_history,previous_loan_amount,previous_loan_repaid,total_annual_income,other_income_sources,group_membership,gps_latitude,gps_longitude,credit_score,creditworthy
F0000,26,Female,Kano,,Married,1,,5,3,TRUE,FALSE,FALSE,52,TRUE,TRUE,,FALSE,0,None,TRUE,7.6445,4.1716,27,No
F0001,20,Female,Kaduna,Primary,Single,0,Crop,1.5,6,TRUE,TRUE,TRUE,49,FALSE,TRUE,82984.17,TRUE,4235310,None,FALSE,7.6259,6.8592,31,Yes
F0002,31,Female,Kano,Secondary,Married,2,Crop,4.8,3,TRUE,TRUE,FALSE,52,FALSE,TRUE,0,FALSE,2742894,Trading,TRUE,9.8415,3.2229,30,No
F0003,23,Female,Enugu,Secondary,Single,0,Crop,4.1,6,TRUE,FALSE,TRUE,67,TRUE,TRUE,0,FALSE,900000,Trading,FALSE,6.6288,7.8117,37,No
F0004,20,Female,Kano,Secondary,Single,0,Mixed,1.8,8,FALSE,TRUE,TRUE,57,FALSE,TRUE,59162.28,TRUE,3938040,None,TRUE,9.4131,7.2808,41,Yes
F0005,35,Male,Benue,Primary,Married,0,Crop,2.1,9,FALSE,FALSE,TRUE,59,TRUE,FALSE,0,FALSE,902466,None,TRUE,7.7102,3.8043,20,No
F0006,34,Male,Kaduna,Secondary,Married,2,Crop,2.4,4,TRUE,FALSE,TRUE,85,TRUE,FALSE,0,FALSE,2273895,None,FALSE,9.3278,5.0176,32,No
F0007,21,Female,Enugu,Secondary,Single,0,Livestock,1.4,1,TRUE,TRUE,TRUE,14,FALSE,TRUE,59654.11,TRUE,2618730,None,TRUE,9.8621,4.8867,42,Yes
F0008,23,Male,Benue,Primary,Single,0,Livestock,2.4,1,FALSE,FALSE,TRUE,54,TRUE,TRUE,51634.93,TRUE,5087097,Trading,FALSE,6.7343,7.1046,22,Yes
F0009,30,Male,Oyo,Primary,Married,0,Crop,4.7,2,TRUE,FALSE,TRUE,61,TRUE,TRUE,50821.55,TRUE,4079313,None,FALSE,8.1123,4.0104,34,Yes
F0010,29,Male,Oyo,Primary,Married,2,Crop,4,2,TRUE,TRUE,TRUE,49,FALSE,TRUE,67451.51,TRUE,5409864,Trading,TRUE,9.3979,5.6642,37,Yes
F0011,20,Male,Benue,Secondary,Married,0,Livestock,1.8,3,FALSE,TRUE,FALSE,45,FALSE,TRUE,11426.67,TRUE,4967154,Trading,FALSE,6.2467,5.2503,28,No
F0012,34,Female,Kaduna,Primary,Married,0,Mixed,3,6,TRUE,FALSE,TRUE,39,FALSE,TRUE,39849.21,TRUE,2817747,Trading,FALSE,7.9964,3.5507,19,Yes
F0013,23,Female,Oyo,None,Single,0,Livestock,1.6,2,FALSE,TRUE,TRUE,56,TRUE,TRUE,73295.2,TRUE,4146534,None,FALSE,8.601,3.4521,29,Yes
F0014,27,Female,Kano,,Single,0,,2,4,FALSE,FALSE,TRUE,56,TRUE,TRUE,,TRUE,0,None,TRUE,9.1938,6.5361,38,Yes
F0015,22,Male,Benue,Primary,Married,2,Crop,2.5,4,TRUE,TRUE,TRUE,48,TRUE,TRUE,45162.42,TRUE,5698872,Trading,TRUE,6.8843,6.6461,36,Yes
F0016,24,Male,Oyo,Secondary,Married,1,Crop,2.6,3,TRUE,FALSE,TRUE,67,TRUE,TRUE,99167.39,TRUE,3718089,Trading,TRUE,8.0787,3.9529,52,Yes
F0017,18,Female,Enugu,None,Single,0,Mixed,4.1,6,TRUE,FALSE,TRUE,64,TRUE,FALSE,0,FALSE,3328011,Trading,FALSE,6.2498,4.9197,27,No
F0018,26,Female,Oyo,Secondary,Married,7,Mixed,3.9,6,FALSE,FALSE,TRUE,52,TRUE,TRUE,17493.19,TRUE,4565592,Trading,TRUE,9.1317,5.2133,45,Yes
F0019,29,Male,Kaduna,Primary,Single,1,Mixed,2.9,6,TRUE,TRUE,FALSE,64,TRUE,TRUE,75118.11,TRUE,4895163,None,FALSE,6.1172,6.0905,29,Yes
F0020,29,Female,Kaduna,Secondary,Married,1,Crop,4.9,6,TRUE,TRUE,TRUE,63,TRUE,TRUE,21313.53,TRUE,5010093,None,FALSE,9.6012,6.3241,51,Yes
F0021,18,Female,Kano,Secondary,Single,0,Mixed,1.7,7,TRUE,FALSE,FALSE,34,FALSE,FALSE,0,FALSE,2033874,None,FALSE,9.6785,4.556,20,No
F0022,35,Female,Benue,Primary,Single,2,Crop,1.7,1,FALSE,FALSE,TRUE,78,FALSE,FALSE,0,FALSE,2878551,Trading,FALSE,8.1031,6.5905,15,No
F0023,32,Male,Oyo,None,Married,6,Mixed,2.1,7,TRUE,TRUE,TRUE,67,TRUE,TRUE,77514.47,TRUE,5438754,Trading,FALSE,7.1116,5.4909,45,Yes
F0024,35,Female,Kaduna,Primary,Married,1,Livestock,3.1,8,TRUE,FALSE,FALSE,56,FALSE,TRUE,14300.32,TRUE,4816053,None,FALSE,7.5842,3.9958,15,No
F0025,20,Female,Kaduna,Tertiary,Married,4,Crop,4.8,8,FALSE,TRUE,TRUE,46,TRUE,TRUE,0,FALSE,2231496,Remittances,FALSE,8.0608,6.8733,28,No
F0026,31,Female,Oyo,Secondary,Single,2,Livestock,1.8,5,TRUE,FALSE,TRUE,66,TRUE,TRUE,15724.13,TRUE,3537675,None,FALSE,9.9874,5.1517,46,Yes
F0027,29,Female,Benue,Primary,Single,0,Mixed,4.8,3,FALSE,TRUE,TRUE,61,TRUE,TRUE,16349.51,TRUE,4396401,Remittances,FALSE,8.6318,7.1195,34,Yes
F0028,25,Female,Benue,Secondary,Married,3,Crop,3.4,2,TRUE,TRUE,FALSE,45,FALSE,FALSE,0,FALSE,2975031,None,FALSE,7.5344,5.1219,26,No
F0029,27,Male,Kano,Primary,Married,4,Crop,1.3,8,TRUE,TRUE,FALSE,88,TRUE,TRUE,79432.6,TRUE,4268142,Remittances,FALSE,8.7327,3.2617,35,Yes
F0030,30,Male,Enugu,Secondary,Single,0,Crop,3.1,2,TRUE,TRUE,TRUE,21,FALSE,FALSE,0,FALSE,2295207,Trading,FALSE,8.9191,6.6773,27,No
F0031,24,Male,Oyo,Tertiary,Single,0,Mixed,2.8,3,FALSE,FALSE,TRUE,55,TRUE,TRUE,40275.44,TRUE,3512007,None,FALSE,8.7854,6.3599,32,Yes
F0032,18,Female,Oyo,,Married,4,,3.9,1,TRUE,FALSE,FALSE,42,FALSE,TRUE,,FALSE,0,None,FALSE,7.6135,6.3824,7,No
F0033,18,Female,Benue,Primary,Single,0,Livestock,4.9,8,TRUE,TRUE,TRUE,58,TRUE,TRUE,89353.81,TRUE,4793292,Remittances,FALSE,6.3465,6.3458,40,Yes
F0034,31,Female,Oyo,Secondary,Married,0,Crop,4.4,3,TRUE,TRUE,TRUE,73,TRUE,TRUE,92868.08,TRUE,3967848,None,FALSE,8.3856,4.8301,50,Yes
F0035,30,Male,Kaduna,Primary,Married,5,Crop,3.9,8,TRUE,TRUE,TRUE,86,TRUE,TRUE,37513.19,TRUE,4342239,None,FALSE,9.1179,6.8359,41,Yes
F0036,24,Male,Benue,Tertiary,Married,1,Crop,3.7,2,FALSE,TRUE,TRUE,84,TRUE,TRUE,64872.02,TRUE,3784104,None,TRUE,8.7107,4.1337,54,Yes
F0037,35,Female,Enugu,None,Single,0,Crop,2.6,2,TRUE,TRUE,TRUE,77,TRUE,TRUE,38851.08,TRUE,3746970,None,TRUE,8.2891,5.2093,46,Yes
F0038,35,Male,Kaduna,Primary,Married,1,Livestock,4.5,8,FALSE,FALSE,TRUE,34,FALSE,TRUE,0,FALSE,3302469,None,FALSE,8.1103,6.2772,10,No
F0039,28,Male,Benue,Primary,Married,2,Livestock,4.2,3,TRUE,FALSE,TRUE,59,TRUE,TRUE,37407.09,TRUE,3176559,None,TRUE,6.9088,5.032,30,Yes
F0040,30,Female,Kaduna,Tertiary,Married,1,Crop,3.8,7,TRUE,TRUE,TRUE,53,TRUE,TRUE,0,FALSE,1585800,None,FALSE,9.5474,7.4443,36,No
F0041,28,Male,Enugu,None,Married,3,Crop,1.6,4,FALSE,TRUE,FALSE,50,FALSE,TRUE,49771.71,TRUE,4350852,None,FALSE,9.1599,6.1965,20,No
F0042,20,Male,Kano,Tertiary,Single,0,Crop,3.2,9,TRUE,TRUE,FALSE,69,FALSE,TRUE,0,FALSE,1870371,Trading,FALSE,9.9968,4.4342,25,No
F0043,21,Female,Kano,Primary,Single,0,Mixed,3.5,6,FALSE,FALSE,TRUE,38,FALSE,TRUE,11352.03,TRUE,4891572,None,FALSE,6.5531,5.1306,20,No
F0044,19,Female,Kaduna,,Married,4,,4.3,6,TRUE,TRUE,TRUE,85,TRUE,TRUE,,TRUE,0,None,FALSE,6.7517,3.7403,50,Yes
F0045,26,Female,Kano,Secondary,Married,1,Livestock,1.7,6,TRUE,TRUE,TRUE,52,TRUE,TRUE,52943.17,TRUE,5020371,None,TRUE,9.73,7.2975,52,Yes
F0046,19,Female,Enugu,Secondary,Single,0,Crop,4.8,8,FALSE,TRUE,TRUE,74,TRUE,TRUE,92666.94,TRUE,3998583,Remittances,TRUE,7.4666,6.0956,45,Yes
F0047,25,Male,Enugu,Secondary,Married,5,Crop,4.5,9,TRUE,FALSE,TRUE,32,TRUE,TRUE,37575.89,TRUE,5482890,None,TRUE,7.71,6.6642,42,Yes
F0048,25,Female,Benue,Primary,Married,1,Crop,1,7,TRUE,FALSE,TRUE,45,TRUE,TRUE,94299.52,TRUE,4418451,None,FALSE,7.9314,6.2968,21,Yes
F0049,25,Female,Oyo,Tertiary,Married,3,Crop,1.2,1,TRUE,FALSE,TRUE,87,TRUE,FALSE,0,FALSE,2373597,None,FALSE,6.8023,4.0768,37,No
F0050,32,Female,Benue,Primary,Married,0,Mixed,1.7,4,TRUE,FALSE,TRUE,68,TRUE,TRUE,46273.49,TRUE,5189895,Trading,FALSE,8.5526,4.6028,35,Yes
F0051,27,Female,Kano,,Married,0,,4.5,4,TRUE,TRUE,FALSE,52,TRUE,FALSE,,FALSE,0,None,FALSE,6.0805,6.7636,16,No
F0052,33,Male,Kano,,Single,2,,2.5,1,TRUE,TRUE,FALSE,58,TRUE,TRUE,,TRUE,0,None,TRUE,9.3702,4.8109,45,Yes
F0053,28,Male,Kaduna,Primary,Married,0,Crop,1.5,3,TRUE,FALSE,FALSE,96,TRUE,TRUE,85146.11,TRUE,5587191,Trading,TRUE,7.7178,5.3535,29,Yes
F0054,23,Female,Benue,Primary,Single,0,Livestock,3.7,3,FALSE,FALSE,TRUE,33,FALSE,TRUE,69521.51,TRUE,3793950,None,TRUE,8.7601,4.9359,27,Yes
F0055,33,Male,Kano,Primary,Married,2,Crop,2.4,4,TRUE,FALSE,TRUE,58,TRUE,TRUE,87287.68,TRUE,5894253,Trading,TRUE,6.3052,6.6635,39,Yes
F0056,26,Male,Benue,Secondary,Married,1,Mixed,4.7,5,FALSE,TRUE,TRUE,56,TRUE,TRUE,55519.56,TRUE,5202405,None,FALSE,6.3133,6.4411,43,Yes
F0057,26,Female,Enugu,Primary,Married,2,Mixed,2.8,1,TRUE,TRUE,TRUE,54,FALSE,TRUE,35537.1,TRUE,4222026,None,FALSE,7.8002,4.6891,24,Yes
F0058,21,Female,Kano,Primary,Married,2,Livestock,1.7,1,TRUE,FALSE,TRUE,40,FALSE,TRUE,78859.59,TRUE,4513005,None,TRUE,8.5924,3.0918,34,Yes
F0059,34,Male,Benue,Primary,Married,3,Crop,2.3,2,FALSE,TRUE,FALSE,88,TRUE,TRUE,38938.76,TRUE,4701978,Remittances,FALSE,6.7648,4.5637,32,Yes
F0060,28,Male,Kano,Secondary,Married,2,Livestock,4.6,4,TRUE,TRUE,TRUE,61,TRUE,TRUE,20194.28,TRUE,4339935,Trading,TRUE,9.1371,5.9196,55,Yes
F0061,25,Female,Enugu,None,Married,1,Mixed,1.8,7,FALSE,FALSE,TRUE,62,TRUE,TRUE,52449.69,TRUE,4787253,None,TRUE,8.4958,6.1305,36,Yes
F0062,19,Female,Oyo,Tertiary,Married,0,Livestock,2.8,4,TRUE,FALSE,TRUE,81,TRUE,TRUE,87808.72,TRUE,3326652,None,TRUE,8.4441,6.121,50,Yes
F0063,30,Female,Enugu,,Married,0,,3,1,FALSE,TRUE,TRUE,37,FALSE,FALSE,,FALSE,0,None,FALSE,8.3703,4.8996,12,No
F0064,33,Male,Oyo,Secondary,Married,2,Livestock,1.5,3,TRUE,TRUE,TRUE,84,TRUE,TRUE,67234.56,TRUE,1315026,Trading,TRUE,9.6603,4.4667,43,Yes
F0065,22,Male,Kaduna,Secondary,Single,0,Mixed,4.6,9,FALSE,TRUE,TRUE,39,FALSE,TRUE,97117.28,TRUE,4255704,None,FALSE,8.1856,5.8474,35,Yes
F0066,20,Female,Enugu,Primary,Married,2,Livestock,4.9,7,TRUE,FALSE,FALSE,53,TRUE,TRUE,15040.21,TRUE,5363235,None,FALSE,6.6765,4.6122,30,Yes
F0067,18,Female,Kano,Tertiary,Single,0,Crop,4,5,TRUE,TRUE,TRUE,62,TRUE,TRUE,41949.56,TRUE,3906018,None,FALSE,8.5663,3.1172,53,Yes
F0068,32,Male,Kaduna,Secondary,Married,0,Crop,1.6,1,TRUE,FALSE,FALSE,68,TRUE,FALSE,0,FALSE,1949445,None,FALSE,9.3699,6.6119,23,No
F0069,34,Female,Benue,Tertiary,Single,1,Crop,3.7,4,TRUE,FALSE,TRUE,65,TRUE,TRUE,46215.42,TRUE,5751873,None,TRUE,9.0828,4.3201,47,Yes
F0070,26,Female,Benue,None,Married,1,Livestock,2.9,3,TRUE,TRUE,TRUE,31,FALSE,TRUE,27022.48,TRUE,4736709,None,TRUE,9.4465,7.7109,29,Yes
F0071,33,Female,Benue,Primary,Married,0,Mixed,2.4,1,TRUE,TRUE,TRUE,69,TRUE,TRUE,52370.65,TRUE,4911588,Trading,FALSE,7.3173,3.211,47,Yes
F0072,18,Female,Benue,Secondary,Single,0,Crop,1.8,8,TRUE,TRUE,TRUE,71,TRUE,TRUE,27016.99,TRUE,5125842,Remittances,FALSE,8.5331,3.4975,48,Yes
F0073,30,Female,Enugu,None,Single,0,Mixed,3.3,2,TRUE,TRUE,FALSE,69,TRUE,TRUE,35763.31,TRUE,3766716,None,FALSE,6.0988,7.0513,35,Yes
F0074,35,Male,Benue,Secondary,Married,1,Livestock,2.6,5,TRUE,FALSE,TRUE,48,TRUE,TRUE,39946.07,TRUE,5238495,None,TRUE,7.7351,4.779,40,Yes
F0075,25,Male,Kano,Secondary,Married,4,Crop,3.6,4,TRUE,TRUE,TRUE,67,TRUE,TRUE,0,FALSE,2065986,None,FALSE,8.812,4.0806,37,No
F0076,18,Female,Kano,Primary,Married,3,Mixed,4.1,1,TRUE,FALSE,TRUE,46,FALSE,TRUE,73715.3,TRUE,5600682,None,TRUE,8.6033,3.5814,24,Yes
F0077,31,Male,Kaduna,Primary,Single,2,Mixed,2.5,1,TRUE,FALSE,TRUE,66,FALSE,TRUE,65275.2,TRUE,3248199,None,FALSE,6.1535,7.354,27,Yes
F0078,35,Female,Enugu,Secondary,Married,2,Livestock,1.3,1,FALSE,FALSE,FALSE,63,TRUE,TRUE,89538.58,TRUE,5454126,Remittances,FALSE,8.7735,3.8513,33,Yes
F0079,21,Female,Kano,Secondary,Single,0,Crop,1.5,2,TRUE,FALSE,TRUE,35,FALSE,TRUE,89536,TRUE,4396716,None,TRUE,6.8975,5.4692,42,Yes
F0080,18,Female,Kaduna,Tertiary,Single,0,Crop,2.5,9,FALSE,FALSE,FALSE,74,TRUE,TRUE,0,FALSE,900000,Trading,FALSE,8.1905,6.2024,20,No
F0081,24,Female,Benue,Primary,Single,0,Mixed,4.3,9,TRUE,TRUE,TRUE,62,TRUE,TRUE,99029.5,TRUE,4943592,None,TRUE,9.1181,4.2629,48,Yes
F0082,25,Male,Kano,Tertiary,Married,1,Crop,1.8,4,TRUE,FALSE,TRUE,71,FALSE,TRUE,0,FALSE,1372284,Trading,TRUE,7.1707,4.9629,35,No
F0083,18,Female,Benue,Primary,Single,0,Livestock,3.9,4,FALSE,TRUE,TRUE,58,TRUE,TRUE,0,FALSE,2371707,None,FALSE,8.7005,5.0872,19,No
F0084,33,Female,Kaduna,Secondary,Married,2,Crop,5,8,TRUE,FALSE,TRUE,72,TRUE,TRUE,70121.75,TRUE,4145409,None,FALSE,9.6161,4.6009,42,Yes
F0085,23,Female,Oyo,Secondary,Single,0,Crop,3.6,1,FALSE,FALSE,TRUE,73,TRUE,TRUE,70875.04,TRUE,3652146,None,FALSE,7.3892,6.4053,37,Yes
F0086,30,Male,Enugu,Primary,Married,1,Mixed,4.4,3,TRUE,TRUE,TRUE,68,TRUE,TRUE,15070,TRUE,3642264,None,TRUE,7.3308,5.1915,42,Yes
F0087,35,Male,Oyo,Secondary,Married,3,Crop,4.2,1,FALSE,FALSE,TRUE,57,TRUE,TRUE,52929.27,TRUE,5276286,Trading,TRUE,8.4859,6.8894,36,Yes
F0088,33,Male,Kano,Secondary,Married,0,Livestock,3.2,8,TRUE,FALSE,TRUE,86,TRUE,TRUE,77438.38,TRUE,5418036,Remittances,TRUE,6.2137,7.6878,58,Yes
F0089,23,Female,Kaduna,Secondary,Single,0,Livestock,4,3,FALSE,FALSE,TRUE,54,FALSE,TRUE,51573.27,TRUE,3747879,Trading,FALSE,7.0586,6.5563,32,Yes
F0090,32,Female,Benue,None,Married,3,Crop,1.1,9,TRUE,TRUE,TRUE,80,TRUE,TRUE,50254.57,TRUE,5081391,None,FALSE,6.893,7.6115,41,Yes
F0091,25,Female,Oyo,Secondary,Married,3,Livestock,2.9,8,TRUE,FALSE,TRUE,64,TRUE,FALSE,0,FALSE,2608605,None,FALSE,9.6585,4.0433,34,No
F0092,35,Male,Enugu,Secondary,Single,1,Crop,4,2,FALSE,TRUE,TRUE,53,FALSE,TRUE,83381.92,TRUE,3846276,Trading,FALSE,8.2601,6.3484,35,Yes
F0093,24,Male,Enugu,Secondary,Single,0,Crop,2.5,9,FALSE,TRUE,TRUE,72,TRUE,TRUE,87212.54,TRUE,5116581,None,FALSE,6.9192,6.7476,46,Yes
F0094,21,Male,Benue,Secondary,Single,0,Crop,4.8,7,TRUE,FALSE,TRUE,68,TRUE,TRUE,0,FALSE,2793969,None,TRUE,9.8186,6.0179,35,Yes
F0095,22,Male,Benue,Primary,Single,0,Crop,3,3,TRUE,TRUE,TRUE,74,TRUE,FALSE,0,FALSE,1154799,None,TRUE,8.0638,4.2675,35,Yes
F0096,24,Male,Enugu,Tertiary,Single,0,Livestock,4.4,3,TRUE,TRUE,TRUE,46,TRUE,FALSE,0,FALSE,900000,None,TRUE,6.8248,7.3828,36,Yes
F0097,30,Male,Oyo,Secondary,Married,0,Crop,4.3,3,FALSE,TRUE,FALSE,47,TRUE,TRUE,20652.6,TRUE,4675419,Trading,TRUE,9.3462,5.5615,43,Yes
F0098,33,Female,Kano,Primary,Married,3,Livestock,2.6,2,TRUE,TRUE,TRUE,77,TRUE,TRUE,85528.72,TRUE,4803273,None,FALSE,9.5683,5.6776,47,Yes
F0099,34,Female,Benue,Primary,Married,4,Livestock,3,3,TRUE,TRUE,TRUE,74,TRUE,TRUE,46013.97,TRUE,4443057,None,FALSE,9.2066,5.2077,38,Yes
F0100,20,Female,Kaduna,Secondary,Single,0,Crop,2.1,1,FALSE,TRUE,TRUE,19,FALSE,TRUE,0,FALSE,2189727,None,FALSE,8.6767,6.6622,28,No
F0101,23,Male,Benue,Secondary,Married,1,Mixed,1.2,7,FALSE,TRUE,FALSE,55,TRUE,TRUE,0,FALSE,4211586,Trading,TRUE,6.3798,6.6409,28,No
F0102,30,Male,Kano,,Married,4,,2.9,7,TRUE,FALSE,TRUE,50,TRUE,TRUE,,FALSE,0,None,TRUE,8.4998,6.6444,22,No
F0103,24,Female,Oyo,Tertiary,Single,0,Crop,4.5,8,TRUE,TRUE,TRUE,50,FALSE,TRUE,12787.35,TRUE,6331509,None,TRUE,7.6813,7.4755,48,Yes
F0104,34,Male,Kaduna,Tertiary,Single,0,Livestock,3.9,6,TRUE,TRUE,TRUE,66,TRUE,TRUE,29775.05,TRUE,5319927,None,FALSE,9.1358,5.2663,52,Yes
F0105,19,Male,Oyo,Secondary,Single,0,Crop,4.6,4,FALSE,TRUE,TRUE,72,TRUE,TRUE,99195.09,TRUE,3849399,None,TRUE,6.2498,7.1054,48,Yes
F0106,21,Male,Benue,None,Married,2,Livestock,4.1,2,FALSE,TRUE,TRUE,79,TRUE,TRUE,28557.74,TRUE,4915890,None,TRUE,8.3566,5.2721,38,Yes
F0107,27,Male,Kano,None,Married,2,Mixed,4.4,3,TRUE,FALSE,TRUE,55,FALSE,FALSE,0,FALSE,2386107,None,TRUE,9.7686,7.4393,16,No
F0108,29,Male,Kaduna,Primary,Married,2,Crop,3.8,1,TRUE,TRUE,TRUE,42,FALSE,FALSE,0,FALSE,900000,None,FALSE,7.0285,7.7433,16,No
F0109,19,Male,Kaduna,Primary,Married,3,Crop,3.4,9,TRUE,TRUE,TRUE,60,TRUE,TRUE,19496.23,TRUE,2716236,Trading,FALSE,9.8024,6.6484,29,Yes
F0110,23,Female,Oyo,None,Married,2,Crop,4.7,1,TRUE,FALSE,TRUE,76,FALSE,TRUE,0,FALSE,1003131,None,FALSE,8.4175,3.9927,21,No
F0111,24,Male,Benue,Secondary,Single,0,Mixed,3.4,2,FALSE,FALSE,FALSE,64,TRUE,TRUE,12595.27,TRUE,3068874,None,TRUE,7.0492,7.1944,36,Yes
F0112,22,Male,Benue,None,Single,0,Livestock,3.8,3,TRUE,FALSE,TRUE,49,TRUE,TRUE,20299.43,TRUE,6875379,None,FALSE,7.4637,4.208,30,Yes
F0113,23,Male,Oyo,Tertiary,Single,0,Mixed,1.5,1,TRUE,TRUE,TRUE,54,FALSE,TRUE,14704.18,TRUE,5488029,Trading,TRUE,6.7792,7.0802,46,Yes
F0114,25,Male,Oyo,Tertiary,Single,0,Crop,1.2,7,TRUE,TRUE,TRUE,44,TRUE,TRUE,40639.7,TRUE,5311557,Remittances,FALSE,6.8189,4.6741,47,Yes
F0115,33,Male,Oyo,Primary,Single,0,Crop,4.7,5,FALSE,TRUE,FALSE,53,TRUE,TRUE,52083.01,TRUE,4929525,Trading,FALSE,9.9239,7.6327,30,Yes
F0116,32,Female,Kano,Tertiary,Married,3,Livestock,4.5,6,TRUE,TRUE,TRUE,70,TRUE,FALSE,0,FALSE,1652823,None,TRUE,6.5032,5.9467,38,Yes
F0117,22,Female,Benue,Secondary,Single,0,Crop,1,2,FALSE,TRUE,TRUE,67,TRUE,FALSE,0,FALSE,2347209,Trading,TRUE,8.6712,3.203,35,No
F0118,21,Male,Enugu,Primary,Married,0,Crop,1.7,7,FALSE,FALSE,TRUE,31,FALSE,TRUE,0,FALSE,2842371,None,FALSE,6.139,4.5994,13,No
F0119,27,Male,Kaduna,Secondary,Married,1,Livestock,1.7,8,TRUE,TRUE,TRUE,88,TRUE,TRUE,0,FALSE,2229696,None,TRUE,8.8917,7.0518,47,Yes
F0120,27,Female,Enugu,Secondary,Married,3,Livestock,1.4,5,FALSE,FALSE,TRUE,55,FALSE,TRUE,67998.09,TRUE,4770936,None,FALSE,9.1531,4.2952,27,No
F0121,20,Male,Enugu,None,Married,2,Mixed,3.6,2,FALSE,FALSE,TRUE,75,TRUE,TRUE,17079.59,TRUE,3686481,None,TRUE,6.4216,3.9233,29,Yes
F0122,29,Male,Benue,Primary,Married,1,Mixed,1.4,6,TRUE,TRUE,TRUE,55,FALSE,TRUE,45856.04,TRUE,3527847,None,TRUE,7.3414,6.0398,30,Yes
F0123,19,Female,Kano,Primary,Single,0,Mixed,1.2,9,TRUE,FALSE,FALSE,69,TRUE,TRUE,41322.43,TRUE,5056281,Trading,TRUE,8.1112,7.9985,37,Yes
F0124,23,Male,Benue,Tertiary,Single,0,Mixed,2.8,3,TRUE,TRUE,TRUE,87,TRUE,TRUE,76918.98,TRUE,5311899,None,TRUE,6.683,4.1342,51,Yes
F0125,29,Female,Kano,Secondary,Married,3,Livestock,1.4,7,FALSE,FALSE,TRUE,71,FALSE,TRUE,25804.01,TRUE,4097160,None,FALSE,7.4313,4.3773,37,Yes
F0126,31,Male,Kano,Tertiary,Single,0,Crop,1,5,TRUE,TRUE,TRUE,68,TRUE,TRUE,40966.79,TRUE,4658904,Remittances,FALSE,9.0451,7.7762,49,Yes
F0127,32,Female,Oyo,Primary,Married,1,Livestock,2.1,5,TRUE,FALSE,TRUE,76,TRUE,FALSE,0,FALSE,4278141,None,TRUE,9.4497,7.8075,28,Yes
F0128,30,Male,Benue,Primary,Single,2,Crop,1.7,1,TRUE,FALSE,TRUE,49,TRUE,TRUE,80709.99,TRUE,6117003,Trading,TRUE,8.7793,5.2077,33,Yes
F0129,31,Male,Kano,Tertiary,Single,2,Crop,2.7,3,TRUE,TRUE,TRUE,68,FALSE,TRUE,49923.97,TRUE,4250520,None,FALSE,8.8196,3.426,46,Yes
F0130,24,Female,Kano,Secondary,Single,0,Crop,4.7,4,FALSE,TRUE,TRUE,59,FALSE,TRUE,94472.04,TRUE,5199246,None,FALSE,9.9772,5.7781,34,Yes
F0131,34,Male,Oyo,Secondary,Married,2,Livestock,3.9,7,TRUE,TRUE,FALSE,51,TRUE,TRUE,93096.96,TRUE,5197122,None,FALSE,7.8093,5.1219,41,Yes
F0132,21,Male,Kano,Primary,Single,0,Livestock,4.6,5,TRUE,TRUE,TRUE,64,TRUE,TRUE,23695.71,TRUE,4145805,None,TRUE,9.8235,6.6705,48,Yes
F0133,32,Female,Benue,Primary,Single,0,Crop,4.9,1,TRUE,TRUE,TRUE,73,TRUE,TRUE,0,FALSE,3179457,None,TRUE,7.028,6.3208,32,Yes
F0134,27,Female,Kano,,Married,3,,1.8,9,TRUE,TRUE,TRUE,35,FALSE,TRUE,,FALSE,0,Remittances,TRUE,7.3152,6.2966,31,No
F0135,26,Male,Oyo,Primary,Single,0,Mixed,1,4,FALSE,FALSE,TRUE,55,TRUE,TRUE,93476.53,TRUE,4833963,None,TRUE,7.6108,3.0068,29,Yes
F0136,32,Male,Kaduna,Secondary,Married,2,Crop,1.6,9,TRUE,FALSE,FALSE,44,FALSE,FALSE,0,FALSE,3194289,Remittances,TRUE,9.9245,6.7951,30,No
F0137,24,Female,Oyo,Primary,Single,0,Crop,2,1,TRUE,FALSE,FALSE,68,TRUE,FALSE,0,FALSE,2644785,Trading,TRUE,8.426,6.0213,24,No
F0138,19,Female,Kano,Tertiary,Single,0,Mixed,3.4,5,TRUE,TRUE,TRUE,69,TRUE,TRUE,62547.24,TRUE,2966067,None,TRUE,8.1487,4.0177,47,Yes
F0139,32,Male,Enugu,,Single,0,,4.8,4,TRUE,TRUE,TRUE,43,TRUE,TRUE,,TRUE,0,None,TRUE,7.5954,7.522,43,Yes
F0140,21,Female,Kano,Tertiary,Married,2,Livestock,3.1,8,FALSE,TRUE,TRUE,69,FALSE,FALSE,0,FALSE,1435338,Trading,FALSE,8.3579,5.3559,29,No
F0141,32,Female,Oyo,Tertiary,Married,3,Livestock,4.2,2,FALSE,TRUE,FALSE,67,TRUE,TRUE,86070.3,TRUE,4528926,None,FALSE,9.5334,5.4786,35,Yes
F0142,29,Male,Kaduna,Primary,Married,1,Livestock,1.9,8,FALSE,FALSE,FALSE,80,TRUE,TRUE,0,FALSE,1978173,Remittances,TRUE,6.3199,3.4491,22,No
F0143,21,Male,Kano,Secondary,Single,0,Crop,1.4,2,FALSE,TRUE,TRUE,88,TRUE,TRUE,84888.53,TRUE,5409756,None,TRUE,7.5402,6.698,62,Yes
F0144,28,Female,Kano,,Married,3,,1.5,9,TRUE,TRUE,TRUE,56,TRUE,FALSE,,FALSE,0,None,FALSE,8.8192,4.6958,32,No
F0145,32,Female,Kano,Secondary,Single,0,Crop,1.7,3,FALSE,FALSE,TRUE,36,FALSE,TRUE,22658.8,TRUE,3676212,Trading,TRUE,7.6142,3.6848,33,Yes
F0146,29,Male,Enugu,Secondary,Single,3,Livestock,4,4,TRUE,FALSE,TRUE,53,TRUE,TRUE,21062.01,TRUE,5267853,None,TRUE,9.383,4.7313,50,Yes
F0147,23,Female,Enugu,Secondary,Single,0,Crop,2.5,6,FALSE,FALSE,TRUE,79,TRUE,TRUE,68987.41,TRUE,3925530,None,FALSE,8.6665,4.5439,39,Yes
F0148,21,Female,Kano,Primary,Married,1,Mixed,1.1,2,TRUE,FALSE,FALSE,25,FALSE,FALSE,0,FALSE,1361421,None,FALSE,7.8812,3.145,6,No
F0149,24,Male,Enugu,Primary,Single,0,Mixed,4.1,5,TRUE,FALSE,TRUE,94,TRUE,TRUE,41521.3,TRUE,6220809,Remittances,TRUE,8.686,3.0218,45,Yes
F0150,30,Female,Kaduna,Tertiary,Single,1,Mixed,4.8,1,TRUE,FALSE,TRUE,48,TRUE,TRUE,75238.38,TRUE,3161376,Trading,TRUE,6.3987,4.3623,43,Yes
F0151,21,Female,Enugu,Primary,Single,0,Livestock,3.5,8,TRUE,TRUE,TRUE,65,TRUE,TRUE,27613.7,TRUE,5143275,None,FALSE,6.0781,7.1534,40,Yes
F0152,22,Male,Kaduna,,Single,0,,3.4,7,TRUE,FALSE,TRUE,37,FALSE,TRUE,,FALSE,0,None,TRUE,6.6853,6.338,23,No
F0153,20,Female,Kano,None,Married,2,Mixed,4.1,4,TRUE,TRUE,TRUE,83,TRUE,FALSE,0,FALSE,1900332,None,TRUE,7.2907,6.2245,26,No
F0154,26,Male,Enugu,Tertiary,Single,0,Mixed,4.1,1,TRUE,FALSE,TRUE,47,FALSE,TRUE,16007.52,TRUE,2946591,None,FALSE,7.0999,3.3982,38,Yes
F0155,33,Female,Oyo,Primary,Married,2,Livestock,2.5,3,FALSE,FALSE,TRUE,14,FALSE,TRUE,0,FALSE,3308841,Trading,FALSE,8.2349,6.1247,6,No
F0156,22,Female,Benue,None,Married,0,Livestock,2.7,2,TRUE,FALSE,TRUE,60,FALSE,TRUE,0,FALSE,900000,None,FALSE,7.1466,4.8348,10,No
F0157,21,Female,Oyo,Primary,Single,0,Livestock,2.5,4,FALSE,TRUE,TRUE,63,TRUE,TRUE,0,FALSE,1117782,None,FALSE,7.4556,7.1664,24,No
F0158,27,Male,Kano,Secondary,Married,4,Mixed,2,9,TRUE,TRUE,TRUE,72,TRUE,FALSE,0,FALSE,2876463,Remittances,FALSE,7.2309,3.558,35,Yes
F0159,33,Female,Enugu,Tertiary,Married,5,Crop,4.7,9,FALSE,TRUE,TRUE,44,TRUE,TRUE,0,FALSE,2815245,None,TRUE,8.9631,6.9209,33,Yes
F0160,35,Male,Kaduna,Secondary,Single,1,Crop,3.9,9,TRUE,FALSE,TRUE,59,TRUE,TRUE,0,FALSE,900000,None,TRUE,6.4083,6.0071,34,Yes
F0161,24,Female,Enugu,Tertiary,Married,2,Mixed,4.2,6,TRUE,FALSE,FALSE,43,FALSE,TRUE,57499.5,TRUE,3395952,None,TRUE,7.3036,5.3783,34,Yes
F0162,30,Female,Kaduna,Secondary,Married,1,Mixed,3.9,8,FALSE,TRUE,TRUE,76,FALSE,FALSE,0,FALSE,1866303,None,TRUE,9.1064,5.7611,28,No
F0163,20,Female,Kaduna,Secondary,Single,0,Crop,4.3,7,TRUE,TRUE,TRUE,82,TRUE,TRUE,54646.79,TRUE,6065703,None,TRUE,9.7306,6.0248,57,Yes
F0164,25,Male,Benue,Secondary,Married,3,Crop,2.1,8,TRUE,TRUE,TRUE,64,FALSE,TRUE,86986.73,TRUE,5082003,None,TRUE,7.0957,3.9994,53,Yes
F0165,34,Female,Enugu,Secondary,Married,2,Crop,5,5,TRUE,FALSE,FALSE,56,TRUE,TRUE,52281.93,TRUE,3658599,None,FALSE,7.9239,4.0301,33,Yes
F0166,32,Male,Benue,Tertiary,Married,3,Livestock,2.9,3,TRUE,TRUE,TRUE,25,TRUE,TRUE,93412.6,TRUE,4652883,None,TRUE,8.2195,6.9809,45,Yes
F0167,21,Male,Kano,Secondary,Single,0,Crop,4.6,3,TRUE,FALSE,TRUE,58,FALSE,TRUE,33047.96,TRUE,4981905,None,TRUE,9.0299,4.1176,47,Yes
F0168,29,Female,Enugu,None,Married,1,Livestock,3.8,6,TRUE,TRUE,TRUE,43,TRUE,TRUE,0,FALSE,3293928,None,TRUE,7.2306,3.2117,25,Yes
F0169,25,Female,Benue,Primary,Married,4,Crop,3,3,TRUE,TRUE,TRUE,76,TRUE,TRUE,0,FALSE,1655073,None,TRUE,6.5841,4.4459,30,Yes
F0170,26,Female,Benue,,Single,0,,2.1,4,TRUE,TRUE,FALSE,67,FALSE,TRUE,,TRUE,0,None,FALSE,8.9292,6.0547,28,No
F0171,32,Female,Kaduna,Primary,Married,3,Livestock,1.1,3,FALSE,TRUE,TRUE,83,TRUE,TRUE,54555.04,TRUE,6632361,Trading,FALSE,8.9921,3.6948,42,Yes
F0172,23,Female,Oyo,Primary,Married,1,Livestock,4.6,8,TRUE,FALSE,TRUE,46,TRUE,TRUE,0,FALSE,1513494,None,TRUE,8.4649,5.4944,22,No
F0173,18,Male,Oyo,None,Single,0,Livestock,2.5,5,FALSE,TRUE,TRUE,49,FALSE,FALSE,0,FALSE,1201212,None,FALSE,8.166,7.2171,7,No
F0174,33,Male,Oyo,Secondary,Single,2,Crop,4.5,1,TRUE,FALSE,TRUE,54,FALSE,TRUE,62730.78,TRUE,4857345,None,FALSE,6.7545,3.5674,41,Yes
F0175,27,Female,Benue,None,Married,5,Livestock,1.8,8,FALSE,TRUE,TRUE,51,FALSE,TRUE,72578.71,TRUE,3960621,None,FALSE,7.1919,3.0594,27,No
F0176,25,Female,Oyo,Primary,Married,3,Livestock,2.4,5,FALSE,FALSE,TRUE,81,TRUE,TRUE,75428.19,TRUE,4587687,None,TRUE,6.037,5.3028,34,Yes
F0177,34,Male,Benue,Secondary,Single,1,Crop,3,9,FALSE,TRUE,TRUE,65,TRUE,TRUE,37479.33,TRUE,3721491,Trading,FALSE,9.0805,3.7078,43,Yes
F0178,30,Female,Kaduna,,Married,0,,2.1,4,FALSE,FALSE,TRUE,42,TRUE,TRUE,,TRUE,0,None,TRUE,7.1854,6.6278,39,Yes
F0179,26,Female,Enugu,Primary,Married,2,Crop,1.6,9,TRUE,FALSE,TRUE,73,TRUE,TRUE,27003.68,TRUE,3954888,Trading,TRUE,7.5208,7.3564,39,Yes
F0180,26,Female,Oyo,Secondary,Married,3,Livestock,2.1,7,TRUE,FALSE,TRUE,65,FALSE,TRUE,25183.15,TRUE,4449051,None,FALSE,8.582,4.9818,39,Yes
F0181,32,Male,Kano,Secondary,Married,3,Crop,3.6,5,TRUE,TRUE,TRUE,55,TRUE,TRUE,51825.23,TRUE,6543441,Trading,TRUE,9.8021,7.9021,52,Yes
F0182,28,Male,Enugu,Secondary,Married,4,Livestock,3.5,4,TRUE,FALSE,TRUE,55,TRUE,FALSE,0,FALSE,2367954,None,TRUE,9.8644,7.1612,30,Yes
F0183,30,Male,Oyo,Secondary,Married,2,Crop,1.1,9,FALSE,FALSE,TRUE,44,TRUE,TRUE,0,FALSE,3449916,None,TRUE,7.3919,5.3453,26,No
F0184,25,Male,Kaduna,Primary,Single,0,Mixed,3.9,2,TRUE,FALSE,TRUE,65,TRUE,TRUE,55642.95,TRUE,4034376,Trading,FALSE,9.3548,5.9109,37,Yes
F0185,32,Female,Kaduna,Secondary,Married,2,Crop,1.2,6,TRUE,FALSE,TRUE,47,TRUE,TRUE,14576.86,TRUE,4466547,None,TRUE,8.1904,3.7226,49,Yes
F0186,25,Male,Enugu,Primary,Married,1,Crop,1.9,2,TRUE,TRUE,TRUE,40,FALSE,FALSE,0,FALSE,1147500,None,TRUE,6.7494,7.5473,26,No
F0187,25,Male,Kano,Primary,Single,0,Crop,4.6,1,FALSE,FALSE,TRUE,67,TRUE,TRUE,24865.57,TRUE,3944538,Remittances,TRUE,7.115,5.3546,33,Yes
F0188,34,Male,Benue,,Married,2,,1.6,5,FALSE,TRUE,FALSE,60,TRUE,TRUE,,TRUE,0,Trading,FALSE,8.412,7.0153,35,No
F0189,20,Male,Kano,Secondary,Single,0,Livestock,1.8,7,TRUE,FALSE,TRUE,73,TRUE,TRUE,72919.56,TRUE,4239477,Remittances,TRUE,9.6085,7.5873,46,Yes
F0190,34,Female,Enugu,Tertiary,Married,3,Crop,1.9,6,FALSE,TRUE,TRUE,60,TRUE,TRUE,44915.7,TRUE,5311287,None,TRUE,8.3199,7.7403,46,Yes
F0191,30,Male,Enugu,Primary,Single,1,Crop,2.7,3,TRUE,TRUE,TRUE,53,TRUE,TRUE,69383.88,TRUE,5350779,None,FALSE,6.8277,7.5012,34,Yes
F0192,28,Male,Kano,,Married,2,,4.9,1,FALSE,TRUE,TRUE,56,TRUE,TRUE,,TRUE,0,Trading,TRUE,6.5872,5.395,45,Yes
F0193,22,Female,Benue,Secondary,Married,1,Mixed,1.8,6,TRUE,TRUE,TRUE,55,TRUE,TRUE,85782.18,TRUE,3850209,None,FALSE,7.7143,6.6329,47,Yes
F0194,29,Female,Kaduna,Secondary,Single,1,Mixed,3.6,6,FALSE,FALSE,FALSE,59,TRUE,TRUE,85727.48,TRUE,5826555,Trading,TRUE,9.1183,5.876,38,Yes
F0195,25,Male,Kano,None,Married,1,Mixed,1.7,2,FALSE,TRUE,TRUE,48,FALSE,FALSE,0,FALSE,1511478,Trading,TRUE,8.1501,7.9758,21,No
F0196,30,Male,Benue,Primary,Married,3,Crop,3.6,5,TRUE,FALSE,TRUE,89,TRUE,TRUE,32756.95,TRUE,3722886,None,TRUE,7.0582,5.5702,41,Yes
F0197,21,Female,Kaduna,Secondary,Single,0,Livestock,4.2,7,TRUE,FALSE,TRUE,47,FALSE,TRUE,33359.7,TRUE,3931884,Trading,TRUE,6.3328,4.467,41,Yes
F0198,32,Female,Kano,Tertiary,Single,2,Livestock,3.7,3,FALSE,FALSE,TRUE,38,TRUE,TRUE,0,FALSE,2262213,Trading,FALSE,7.6374,7.4771,22,No
F0199,18,Male,Kaduna,Secondary,Married,1,Crop,3.5,9,TRUE,FALSE,FALSE,52,FALSE,TRUE,0,FALSE,1676880,Trading,FALSE,9.7983,7.3468,18,No
F0200,26,Female,Benue,Secondary,Single,0,Mixed,3.9,5,TRUE,TRUE,FALSE,40,TRUE,TRUE,25712.56,TRUE,3371112,None,FALSE,7.0535,4.0493,36,Yes
F0201,19,Female,Kano,None,Single,0,Crop,3.9,4,TRUE,FALSE,TRUE,48,FALSE,TRUE,28031.58,TRUE,2606850,Remittances,FALSE,8.9931,6.9703,27,No
F0202,26,Male,Oyo,Tertiary,Married,2,Crop,4.7,6,FALSE,FALSE,TRUE,71,TRUE,TRUE,62183.96,TRUE,5053293,None,TRUE,6.5105,6.7712,42,Yes
F0203,30,Male,Kaduna,Primary,Married,0,Livestock,3.5,3,TRUE,FALSE,TRUE,64,TRUE,FALSE,0,FALSE,2003085,Trading,FALSE,6.4122,4.1372,24,No
F0204,24,Female,Kano,None,Single,0,Livestock,1.8,8,FALSE,TRUE,TRUE,95,TRUE,TRUE,48466.75,TRUE,4223187,None,FALSE,7.8811,5.8458,35,Yes
F0205,22,Male,Benue,Primary,Married,2,Mixed,4.1,6,FALSE,TRUE,TRUE,77,TRUE,TRUE,0,FALSE,3288141,Trading,TRUE,8.9985,3.6794,26,No
F0206,19,Male,Enugu,None,Single,0,Mixed,4.8,7,TRUE,FALSE,TRUE,44,FALSE,FALSE,0,FALSE,1630152,Remittances,FALSE,8.2329,4.624,11,No
F0207,21,Female,Kano,Primary,Married,3,Mixed,4,3,FALSE,TRUE,TRUE,65,FALSE,TRUE,78665.4,TRUE,3293892,Trading,FALSE,8.9161,7.6391,27,No
F0208,25,Male,Benue,Primary,Married,3,Crop,3.9,9,TRUE,FALSE,TRUE,61,TRUE,TRUE,34322.4,TRUE,4088502,None,FALSE,8.4651,7.6807,38,Yes
F0209,31,Female,Kano,Tertiary,Married,1,Crop,4,4,FALSE,FALSE,TRUE,34,FALSE,TRUE,51919.32,TRUE,3990096,None,TRUE,7.3641,3.9386,41,Yes
F0210,35,Female,Oyo,Tertiary,Married,2,Crop,3.6,6,FALSE,FALSE,FALSE,56,TRUE,TRUE,0,FALSE,2576538,Remittances,FALSE,8.5424,4.5186,17,No
F0211,32,Male,Kaduna,None,Single,1,Crop,4,1,FALSE,TRUE,TRUE,44,TRUE,FALSE,0,FALSE,4025790,Trading,FALSE,7.5313,5.9456,22,No
F0212,30,Male,Kaduna,Secondary,Single,3,Crop,2.9,4,TRUE,FALSE,TRUE,66,TRUE,TRUE,51624.12,TRUE,4788837,None,TRUE,6.097,6.1251,53,Yes
F0213,28,Male,Kano,Secondary,Married,2,Crop,4.3,8,FALSE,FALSE,FALSE,27,FALSE,FALSE,0,FALSE,3221748,None,TRUE,6.4932,5.4322,23,No
F0214,30,Female,Kano,Secondary,Married,0,Crop,3.5,2,TRUE,FALSE,TRUE,42,FALSE,FALSE,0,FALSE,1881369,None,TRUE,7.9784,5.4497,22,No
F0215,35,Female,Oyo,Primary,Single,0,Crop,4.7,1,TRUE,TRUE,TRUE,69,TRUE,TRUE,51186.87,TRUE,5716629,None,TRUE,8.0526,4.2121,46,Yes
F0216,25,Female,Oyo,Primary,Married,1,Crop,3.2,1,TRUE,FALSE,TRUE,74,FALSE,TRUE,86421.9,TRUE,3507075,Trading,TRUE,6.5449,6.152,33,Yes
F0217,28,Male,Benue,Tertiary,Married,1,Mixed,2.7,4,TRUE,FALSE,TRUE,51,FALSE,FALSE,0,FALSE,1683702,None,FALSE,9.4048,6.4046,20,No
F0218,18,Male,Enugu,,Single,0,,2.1,5,FALSE,TRUE,TRUE,45,FALSE,TRUE,,FALSE,0,None,FALSE,8.4289,5.0787,20,No
F0219,24,Female,Enugu,Secondary,Single,0,Crop,2.9,4,FALSE,FALSE,TRUE,43,TRUE,TRUE,77505.52,TRUE,3632886,None,FALSE,9.7257,4.6122,29,Yes
F0220,31,Male,Oyo,Tertiary,Single,2,Crop,2.2,1,FALSE,FALSE,TRUE,28,FALSE,FALSE,0,FALSE,2907459,None,TRUE,7.2406,5.2567,20,No
F0221,27,Male,Kaduna,Tertiary,Single,0,Mixed,3.3,7,FALSE,FALSE,TRUE,15,FALSE,TRUE,19731.1,TRUE,6590943,None,TRUE,8.4764,3.7185,36,Yes
F0222,20,Male,Benue,Secondary,Single,0,Livestock,1.6,6,FALSE,FALSE,FALSE,62,TRUE,TRUE,21515.49,TRUE,6322383,Remittances,TRUE,8.8968,7.5402,43,Yes
F0223,19,Female,Benue,Primary,Single,0,Crop,4.2,6,FALSE,TRUE,TRUE,62,TRUE,FALSE,0,FALSE,2503071,None,TRUE,7.6563,4.1637,33,No
F0224,19,Male,Benue,Secondary,Single,0,Livestock,2,6,FALSE,TRUE,TRUE,33,FALSE,FALSE,0,FALSE,2394801,None,TRUE,8.8192,7.5254,26,No
F0225,31,Female,Kaduna,Tertiary,Single,1,Crop,1.3,6,FALSE,FALSE,TRUE,23,TRUE,TRUE,76736.55,TRUE,6071274,None,TRUE,9.1098,4.9154,44,Yes
F0226,18,Female,Kaduna,Primary,Single,0,Crop,1.5,3,TRUE,FALSE,FALSE,81,TRUE,TRUE,79917.43,TRUE,3996252,Trading,FALSE,7.0169,7.3104,29,Yes
F0227,25,Female,Benue,Primary,Single,0,Mixed,2.3,9,FALSE,FALSE,TRUE,46,FALSE,TRUE,0,FALSE,4137930,Remittances,FALSE,7.5976,6.225,11,No
F0228,30,Male,Kaduna,Primary,Married,3,Crop,4.8,4,TRUE,TRUE,TRUE,68,TRUE,FALSE,0,FALSE,3221730,None,TRUE,7.7929,6.0051,37,Yes
F0229,19,Female,Oyo,Tertiary,Married,3,Livestock,2.8,7,FALSE,FALSE,TRUE,35,FALSE,TRUE,40928.26,TRUE,4110624,None,TRUE,7.0216,6.0676,41,Yes
F0230,24,Male,Enugu,Tertiary,Single,0,Mixed,2.8,6,TRUE,TRUE,TRUE,42,TRUE,TRUE,55455.2,TRUE,5152590,None,FALSE,9.6458,3.8086,42,Yes
F0231,34,Female,Benue,Primary,Single,2,Crop,4.8,9,TRUE,FALSE,TRUE,37,TRUE,TRUE,0,FALSE,3259521,None,FALSE,6.4149,7.1795,19,No
F0232,32,Female,Enugu,Tertiary,Married,4,Livestock,2.2,1,TRUE,TRUE,TRUE,89,TRUE,TRUE,15591.32,TRUE,5173641,Trading,FALSE,9.5269,6.1978,51,Yes
F0233,22,Female,Kaduna,Tertiary,Single,0,Livestock,4,8,TRUE,FALSE,TRUE,43,FALSE,TRUE,21390.59,TRUE,3893562,Trading,FALSE,7.7818,6.5704,38,Yes
F0234,33,Female,Benue,Tertiary,Married,1,Crop,1,2,TRUE,TRUE,TRUE,60,TRUE,TRUE,65124.06,TRUE,5458203,Trading,FALSE,9.6215,5.0474,44,Yes
F0235,29,Male,Oyo,Secondary,Single,0,Livestock,1.1,2,TRUE,FALSE,TRUE,58,TRUE,TRUE,30793.25,TRUE,5866488,None,FALSE,9.4012,5.1704,43,Yes
F0236,25,Female,Kano,Tertiary,Married,1,Crop,2.8,6,FALSE,TRUE,FALSE,38,FALSE,TRUE,52505.29,TRUE,5229774,None,FALSE,7.2869,3.3751,31,No
F0237,23,Male,Oyo,Primary,Married,0,Crop,1.7,4,TRUE,TRUE,TRUE,46,FALSE,FALSE,0,FALSE,900000,Remittances,TRUE,7.3009,7.6169,19,No
F0238,32,Male,Oyo,Secondary,Married,1,Crop,2.4,4,TRUE,TRUE,FALSE,81,TRUE,FALSE,0,FALSE,1129752,None,TRUE,7.163,6.0739,39,No
F0239,22,Female,Kano,Secondary,Single,0,Livestock,4.4,9,TRUE,FALSE,TRUE,72,TRUE,TRUE,33898.98,TRUE,5967117,None,FALSE,7.9008,7.7256,48,Yes
F0240,27,Male,Kaduna,Primary,Married,1,Livestock,2.5,4,TRUE,FALSE,TRUE,52,FALSE,TRUE,75757.32,TRUE,4663899,Trading,FALSE,8.921,5.5624,23,Yes
F0241,26,Male,Kano,Secondary,Married,2,Crop,1.9,8,FALSE,FALSE,TRUE,90,TRUE,TRUE,26938,TRUE,3561498,None,TRUE,9.8174,4.2368,37,Yes
F0242,35,Female,Benue,Secondary,Married,1,Livestock,1.3,2,TRUE,FALSE,FALSE,54,TRUE,TRUE,16430.62,TRUE,4429089,None,FALSE,6.5334,3.665,34,Yes
F0243,35,Male,Oyo,Primary,Married,1,Livestock,1.5,9,FALSE,TRUE,TRUE,64,TRUE,FALSE,0,FALSE,1831113,None,TRUE,9.7984,4.6454,28,No
F0244,25,Male,Kaduna,None,Married,1,Livestock,2.5,5,FALSE,TRUE,TRUE,61,TRUE,TRUE,0,FALSE,2477349,None,FALSE,7.9456,4.1238,21,No
F0245,29,Female,Kaduna,Secondary,Single,1,Livestock,2,4,FALSE,TRUE,TRUE,59,TRUE,TRUE,26438.65,TRUE,6492897,Trading,TRUE,8.8396,3.2393,43,Yes
F0246,18,Male,Kaduna,,Single,0,,1.9,9,TRUE,FALSE,TRUE,73,TRUE,TRUE,,FALSE,0,None,TRUE,7.2038,6.7446,37,Yes
F0247,27,Female,Kaduna,Tertiary,Married,3,Crop,3.9,6,TRUE,TRUE,TRUE,54,FALSE,TRUE,73654.11,TRUE,5430924,Trading,TRUE,8.6858,4.2622,49,Yes
F0248,28,Female,Enugu,None,Single,0,Crop,1.7,6,TRUE,FALSE,TRUE,56,FALSE,TRUE,42074.42,TRUE,2255391,None,TRUE,9.7955,6.1773,29,Yes
F0249,26,Female,Enugu,Secondary,Married,1,Livestock,1.1,9,TRUE,FALSE,TRUE,54,TRUE,TRUE,15388.72,TRUE,3690108,Remittances,FALSE,9.1866,3.2188,38,Yes
F0250,34,Male,Kano,Secondary,Married,5,Crop,4.4,7,FALSE,FALSE,FALSE,43,FALSE,TRUE,74075.77,TRUE,4076811,None,FALSE,6.4179,5.2465,23,No
F0251,29,Male,Kaduna,Secondary,Married,4,Crop,4.3,2,TRUE,FALSE,TRUE,60,TRUE,TRUE,43175.86,TRUE,3560067,None,FALSE,8.3409,4.4044,32,Yes
F0252,21,Male,Oyo,Tertiary,Single,0,Crop,3.2,6,FALSE,FALSE,TRUE,51,TRUE,TRUE,14993.55,TRUE,4591404,None,FALSE,6.3196,7.2774,39,Yes
F0253,32,Male,Enugu,Primary,Single,0,Livestock,3.6,6,TRUE,TRUE,TRUE,41,TRUE,TRUE,93648.32,TRUE,4154238,None,TRUE,7.7344,7.0345,37,Yes
F0254,35,Female,Enugu,,Single,1,,2.3,4,TRUE,FALSE,TRUE,34,FALSE,TRUE,,TRUE,0,Trading,FALSE,7.4861,4.0444,24,No
F0255,28,Male,Enugu,Primary,Married,1,Mixed,4.8,2,TRUE,FALSE,FALSE,87,TRUE,TRUE,0,FALSE,3613869,None,FALSE,6.8937,3.4042,22,No
F0256,21,Female,Enugu,,Married,1,,4,2,TRUE,FALSE,TRUE,73,TRUE,FALSE,,FALSE,0,Remittances,TRUE,8.8868,3.7025,35,Yes
F0257,21,Female,Kaduna,,Single,0,,2.2,8,FALSE,TRUE,TRUE,39,TRUE,TRUE,,FALSE,0,Trading,FALSE,8.4586,7.2461,16,No
F0258,24,Female,Oyo,Secondary,Single,0,Livestock,1.6,3,TRUE,TRUE,FALSE,68,TRUE,TRUE,0,FALSE,2651112,Trading,FALSE,9.9745,3.4605,34,No
F0259,27,Male,Enugu,Primary,Married,1,Crop,3.7,1,TRUE,TRUE,TRUE,40,FALSE,TRUE,23444.61,TRUE,3247317,None,FALSE,6.0619,4.3646,29,Yes
F0260,29,Male,Oyo,None,Single,0,Mixed,2,8,FALSE,TRUE,TRUE,23,FALSE,TRUE,54132.22,TRUE,5074371,Trading,TRUE,9.07,6.7472,34,Yes
F0261,19,Female,Kaduna,Primary,Single,0,Livestock,1.4,6,FALSE,TRUE,TRUE,67,TRUE,TRUE,29926.89,TRUE,3108654,None,TRUE,6.8979,5.7602,37,Yes
F0262,19,Female,Oyo,Primary,Single,0,Crop,1.5,3,TRUE,TRUE,TRUE,66,FALSE,TRUE,0,FALSE,2009277,None,TRUE,9.0777,3.5262,29,No
F0263,31,Female,Kano,Secondary,Married,1,Livestock,5,4,TRUE,TRUE,FALSE,81,TRUE,TRUE,0,FALSE,2416788,None,FALSE,8.1293,4.4615,28,No
F0264,29,Male,Benue,Secondary,Married,2,Crop,4.7,5,TRUE,FALSE,TRUE,64,TRUE,TRUE,68162.73,TRUE,4090347,None,FALSE,8.5664,6.2178,45,Yes
F0265,27,Male,Enugu,Secondary,Married,6,Crop,1.5,5,FALSE,TRUE,TRUE,59,FALSE,TRUE,0,FALSE,1389582,Trading,FALSE,6.0892,6.0475,15,No
F0266,35,Male,Benue,,Married,2,,2,3,FALSE,TRUE,TRUE,50,FALSE,TRUE,,TRUE,0,None,TRUE,6.3439,7.2167,30,Yes
F0267,26,Male,Oyo,Secondary,Married,4,Crop,3.5,7,TRUE,FALSE,FALSE,66,TRUE,TRUE,0,FALSE,2531583,None,FALSE,8.7428,6.7221,28,No
F0268,32,Female,Kano,Tertiary,Married,3,Crop,3,2,TRUE,TRUE,TRUE,47,TRUE,TRUE,77980.5,TRUE,4917906,Remittances,FALSE,9.1066,4.1417,45,Yes
F0269,35,Female,Oyo,Primary,Single,2,Crop,2.6,7,FALSE,TRUE,TRUE,41,FALSE,TRUE,0,FALSE,1871190,Trading,TRUE,8.5459,4.9694,12,No
F0270,22,Male,Oyo,,Married,4,,3.7,6,TRUE,FALSE,TRUE,38,FALSE,TRUE,,TRUE,0,None,FALSE,7.8975,4.7557,28,No
F0271,18,Male,Oyo,Secondary,Single,0,Mixed,2.1,3,FALSE,FALSE,TRUE,39,FALSE,FALSE,0,FALSE,1990251,Trading,FALSE,8.6968,4.0223,19,No
F0272,33,Male,Oyo,Tertiary,Single,1,Crop,2.1,3,FALSE,TRUE,TRUE,67,TRUE,TRUE,72480.41,TRUE,3731652,Trading,FALSE,6.8892,3.2671,43,Yes
F0273,35,Male,Kano,Secondary,Married,1,Crop,2.8,1,TRUE,TRUE,TRUE,47,FALSE,TRUE,20476.03,TRUE,3123072,None,FALSE,8.5805,4.4118,38,Yes
F0274,25,Male,Kano,Primary,Single,0,Crop,4.8,8,FALSE,FALSE,TRUE,66,FALSE,TRUE,0,FALSE,2138769,None,FALSE,8.4116,5.8954,12,No
F0275,35,Female,Enugu,Secondary,Married,2,Crop,4.4,8,TRUE,FALSE,FALSE,50,FALSE,TRUE,54413.98,TRUE,3824388,None,TRUE,9.3699,5.9832,36,Yes
F0276,32,Male,Enugu,Secondary,Married,1,Livestock,2.7,6,FALSE,FALSE,TRUE,71,FALSE,TRUE,60211.07,TRUE,3539403,None,TRUE,6.8759,5.8888,39,Yes
F0277,35,Female,Enugu,Primary,Married,4,Crop,4,2,TRUE,FALSE,TRUE,54,TRUE,TRUE,38199.14,TRUE,4818429,None,TRUE,9.9234,4.7813,37,Yes
F0278,32,Female,Oyo,Secondary,Married,1,Crop,2.8,8,TRUE,TRUE,FALSE,76,FALSE,TRUE,47907.22,TRUE,3741345,Trading,FALSE,6.7675,5.9055,32,Yes
F0279,24,Male,Oyo,Primary,Married,2,Livestock,2.2,3,FALSE,TRUE,FALSE,67,TRUE,TRUE,57707.96,TRUE,4335480,Trading,TRUE,6.4008,6.3686,32,Yes
F0280,35,Male,Kaduna,None,Married,0,Livestock,4.5,2,TRUE,FALSE,TRUE,68,TRUE,TRUE,20539.65,TRUE,4541148,None,FALSE,8.5323,5.771,33,Yes
F0281,26,Male,Benue,Secondary,Married,4,Mixed,1.4,4,TRUE,TRUE,TRUE,70,FALSE,TRUE,22834,TRUE,3674682,None,TRUE,7.5698,4.3966,46,Yes
F0282,28,Female,Benue,Tertiary,Single,0,Crop,5,4,TRUE,FALSE,TRUE,80,TRUE,TRUE,61757.77,TRUE,4866498,None,TRUE,7.0522,3.355,53,Yes
F0283,35,Male,Oyo,Secondary,Married,4,Livestock,3.2,3,TRUE,TRUE,FALSE,67,TRUE,TRUE,37751.96,TRUE,4571262,Trading,FALSE,7.3637,5.7177,46,Yes
F0284,28,Male,Enugu,Tertiary,Married,0,Mixed,2.4,4,TRUE,TRUE,FALSE,46,TRUE,TRUE,0,FALSE,1143423,Trading,FALSE,8.7434,3.0894,31,No
F0285,27,Female,Benue,Primary,Married,2,Livestock,3.4,8,TRUE,TRUE,TRUE,71,TRUE,FALSE,0,FALSE,2001681,None,TRUE,7.6956,5.5461,29,No
F0286,30,Female,Kaduna,Tertiary,Married,2,Livestock,4.4,5,TRUE,TRUE,TRUE,54,FALSE,TRUE,40365.35,TRUE,3767040,None,TRUE,6.186,3.5548,47,Yes
F0287,24,Female,Oyo,Primary,Single,0,Mixed,1.5,2,TRUE,TRUE,TRUE,19,FALSE,FALSE,0,FALSE,3851109,None,FALSE,8.8604,6.1978,20,No
F0288,30,Female,Kaduna,Secondary,Married,1,Mixed,4,2,TRUE,FALSE,TRUE,75,TRUE,TRUE,93040.82,TRUE,5461200,None,TRUE,6.2191,6.5165,52,Yes
F0289,27,Male,Kaduna,,Single,0,,1.9,7,TRUE,TRUE,FALSE,77,TRUE,TRUE,,TRUE,0,None,TRUE,6.2608,3.2496,51,Yes
F0290,33,Female,Enugu,Primary,Married,1,Crop,1.3,8,FALSE,TRUE,TRUE,13,FALSE,TRUE,65234.1,TRUE,4323141,Trading,TRUE,7.6026,7.9309,29,Yes
F0291,35,Male,Kaduna,,Married,0,,3.3,2,FALSE,TRUE,TRUE,84,TRUE,TRUE,,TRUE,0,None,FALSE,7.5228,5.6925,39,Yes
F0292,21,Female,Kaduna,Tertiary,Married,0,Livestock,1.1,1,FALSE,FALSE,FALSE,64,TRUE,FALSE,0,FALSE,2104533,None,TRUE,7.2383,6.0844,23,No
F0293,26,Male,Benue,Primary,Married,5,Livestock,1.7,5,FALSE,FALSE,TRUE,68,TRUE,TRUE,40137.13,TRUE,3874005,None,FALSE,9.6055,3.4494,29,Yes
F0294,19,Male,Benue,Primary,Married,3,Livestock,1.3,1,TRUE,FALSE,TRUE,51,TRUE,TRUE,72060.8,TRUE,4128192,None,TRUE,7.611,3.3798,31,Yes
F0295,35,Male,Kano,Primary,Married,2,Crop,4,1,TRUE,FALSE,TRUE,58,FALSE,TRUE,37609.55,TRUE,6991533,None,TRUE,8.8343,6.1172,32,Yes
F0296,18,Female,Oyo,Secondary,Single,0,Mixed,1.2,5,TRUE,TRUE,TRUE,55,TRUE,FALSE,0,FALSE,900000,Trading,TRUE,7.7173,6.7724,38,Yes
F0297,28,Male,Oyo,Tertiary,Married,1,Crop,2.7,3,TRUE,TRUE,TRUE,67,TRUE,TRUE,11994.36,TRUE,4523985,None,TRUE,6.958,4.1061,57,Yes
F0298,29,Male,Kano,Tertiary,Married,3,Livestock,3.9,9,TRUE,FALSE,TRUE,82,TRUE,TRUE,69377.05,TRUE,4629798,None,TRUE,9.3851,6.351,52,Yes
F0299,25,Male,Kano,,Married,0,,1.5,3,TRUE,FALSE,TRUE,88,TRUE,FALSE,,FALSE,0,Remittances,FALSE,6.7757,3.8084,35,No
F0300,21,Male,Benue,Primary,Married,2,Livestock,2.7,7,TRUE,FALSE,TRUE,76,TRUE,TRUE,31801.21,TRUE,3802122,None,FALSE,6.7961,6.9348,36,Yes
F0301,27,Female,Kaduna,Tertiary,Married,1,Mixed,3.7,8,FALSE,TRUE,FALSE,56,FALSE,TRUE,93223.81,TRUE,4101129,Remittances,TRUE,8.1276,7.7707,34,Yes
F0302,18,Male,Enugu,Tertiary,Single,0,Mixed,4.8,8,TRUE,TRUE,TRUE,86,TRUE,FALSE,0,FALSE,2526102,Trading,FALSE,7.8176,5.3708,36,No
F0303,26,Female,Benue,Primary,Single,0,Crop,1,9,TRUE,TRUE,TRUE,44,FALSE,TRUE,60434.19,TRUE,3887811,None,FALSE,6.2226,3.6197,28,Yes
F0304,28,Female,Kano,Secondary,Single,0,Livestock,2.7,7,FALSE,FALSE,TRUE,54,TRUE,TRUE,30476.35,TRUE,4829949,None,TRUE,9.4263,6.6093,41,Yes
F0305,23,Male,Kano,Primary,Married,2,Crop,4.9,1,TRUE,FALSE,TRUE,78,TRUE,TRUE,56620.21,TRUE,3115197,Trading,FALSE,8.7443,5.2,35,Yes
F0306,29,Female,Oyo,Primary,Married,2,Crop,4.4,4,TRUE,TRUE,TRUE,74,TRUE,FALSE,0,FALSE,2546730,None,FALSE,9.9735,3.6579,28,No
F0307,19,Female,Oyo,Tertiary,Single,0,Crop,1.5,1,TRUE,FALSE,TRUE,41,FALSE,TRUE,0,FALSE,2263527,None,FALSE,7.7753,4.2305,24,No
F0308,19,Female,Kaduna,Secondary,Single,0,Mixed,2.9,9,FALSE,TRUE,TRUE,61,TRUE,TRUE,0,FALSE,3310416,None,TRUE,8.3571,4.3784,40,Yes
F0309,24,Male,Kano,Tertiary,Married,1,Livestock,1.3,8,FALSE,TRUE,FALSE,56,TRUE,TRUE,50405.99,TRUE,4156533,Remittances,FALSE,7.3165,7.4296,37,Yes
F0310,29,Male,Oyo,Tertiary,Single,3,Livestock,1.1,6,TRUE,FALSE,TRUE,67,FALSE,TRUE,78131.07,TRUE,2826306,None,FALSE,8.1742,4.1913,39,Yes
F0311,20,Female,Oyo,Primary,Single,0,Crop,4.9,9,TRUE,TRUE,TRUE,82,TRUE,TRUE,57086.48,TRUE,4354146,Trading,FALSE,8.039,5.0179,43,Yes
F0312,20,Female,Oyo,Secondary,Single,0,Livestock,4.7,2,FALSE,TRUE,TRUE,44,TRUE,TRUE,67326.19,TRUE,4827267,Remittances,TRUE,7.6717,4.2295,48,Yes
F0313,34,Male,Kaduna,Secondary,Married,3,Crop,1.8,2,FALSE,TRUE,TRUE,64,TRUE,TRUE,49646.96,TRUE,4391604,None,FALSE,8.5368,6.8627,45,Yes
F0314,34,Female,Enugu,Primary,Married,1,Livestock,2.6,2,FALSE,FALSE,TRUE,26,FALSE,FALSE,0,FALSE,1124910,None,FALSE,7.7505,7.8411,7,No
F0315,31,Male,Benue,Tertiary,Married,2,Crop,2.8,1,FALSE,TRUE,FALSE,71,TRUE,TRUE,34242.12,TRUE,4088781,Remittances,FALSE,7.854,6.067,44,Yes
F0316,27,Male,Kaduna,Primary,Single,0,Livestock,1.4,2,FALSE,TRUE,TRUE,60,TRUE,TRUE,24061.97,TRUE,3776913,Remittances,FALSE,8.9469,6.451,31,Yes
F0317,32,Female,Enugu,None,Married,2,Livestock,2.6,7,TRUE,TRUE,TRUE,63,TRUE,TRUE,0,FALSE,2451285,None,TRUE,7.7864,4.3836,27,No
F0318,30,Female,Oyo,Primary,Married,4,Crop,3.1,1,TRUE,TRUE,FALSE,82,TRUE,TRUE,59498.96,TRUE,4837014,None,TRUE,8.8565,6.5143,41,Yes
F0319,29,Female,Kano,Secondary,Married,4,Crop,2.2,8,TRUE,TRUE,TRUE,100,TRUE,TRUE,97789.45,TRUE,4615137,Trading,FALSE,9.7353,7.4698,52,Yes
F0320,26,Female,Kano,Secondary,Married,4,Crop,1,1,TRUE,TRUE,TRUE,71,TRUE,FALSE,0,FALSE,4347585,None,TRUE,9.1391,5.4275,43,Yes
F0321,21,Female,Kano,Secondary,Single,0,Crop,5,7,TRUE,FALSE,FALSE,41,FALSE,TRUE,18152.68,TRUE,4376034,None,TRUE,6.418,4.0471,30,Yes
F0322,18,Female,Benue,,Married,2,,4.3,1,TRUE,FALSE,TRUE,48,FALSE,TRUE,,TRUE,0,None,TRUE,7.453,6.0532,39,Yes
F0323,19,Male,Oyo,Primary,Married,1,Crop,2.7,7,TRUE,FALSE,TRUE,63,FALSE,FALSE,0,FALSE,1326285,None,TRUE,7.7098,5.0517,26,No
F0324,35,Male,Oyo,Tertiary,Married,2,Mixed,1.8,6,FALSE,TRUE,TRUE,65,TRUE,TRUE,96282.16,TRUE,5390820,None,FALSE,8.4579,6.3984,42,Yes
F0325,19,Female,Benue,Secondary,Single,0,Crop,3.3,7,FALSE,TRUE,TRUE,49,TRUE,TRUE,98707.03,TRUE,4441374,Trading,FALSE,7.3704,3.5279,41,Yes
F0326,22,Male,Oyo,Primary,Married,3,Mixed,4.5,2,FALSE,TRUE,TRUE,51,FALSE,TRUE,15781.17,TRUE,3661173,None,FALSE,9.4197,4.2634,25,No
F0327,28,Male,Benue,Primary,Married,4,Livestock,1.2,8,TRUE,TRUE,FALSE,15,FALSE,TRUE,0,FALSE,2143818,None,FALSE,6.2006,4.983,9,No
F0328,33,Male,Enugu,Primary,Married,2,Livestock,3,6,TRUE,TRUE,TRUE,48,FALSE,TRUE,84158.66,TRUE,6134022,Trading,FALSE,8.1643,7.8037,33,Yes
F0329,34,Male,Kaduna,Primary,Married,2,Crop,3.2,3,TRUE,TRUE,FALSE,57,TRUE,TRUE,98131.44,TRUE,4741317,Trading,FALSE,6.8558,7.8602,25,Yes
F0330,30,Male,Kaduna,Primary,Married,3,Livestock,2.1,6,FALSE,TRUE,TRUE,86,TRUE,TRUE,34061.02,TRUE,4834260,Trading,FALSE,6.1962,7.4327,31,Yes
F0331,19,Female,Enugu,,Single,0,,1.6,9,TRUE,FALSE,FALSE,71,TRUE,TRUE,,TRUE,0,None,FALSE,9.1269,3.0771,37,Yes
F0332,35,Female,Oyo,,Married,2,,4.7,8,FALSE,FALSE,TRUE,62,TRUE,TRUE,,TRUE,0,None,TRUE,9.0268,5.2697,42,Yes
F0333,25,Male,Enugu,Tertiary,Married,2,Crop,2.5,2,TRUE,FALSE,TRUE,56,TRUE,TRUE,45409.19,TRUE,3271761,None,TRUE,9.1716,7.022,38,Yes
F0334,32,Female,Oyo,Primary,Married,3,Mixed,1.1,5,FALSE,TRUE,FALSE,73,TRUE,TRUE,69886.43,TRUE,6348681,Remittances,TRUE,9.4558,4.6068,41,Yes
F0335,32,Female,Oyo,Secondary,Single,0,Mixed,2.1,2,FALSE,FALSE,TRUE,46,FALSE,TRUE,31217.79,TRUE,6206508,None,FALSE,7.3323,5.8261,28,No
F0336,30,Male,Oyo,Secondary,Married,1,Crop,4.8,6,TRUE,TRUE,TRUE,83,TRUE,TRUE,71188.56,TRUE,4612824,Trading,FALSE,7.9457,3.6723,53,Yes
F0337,19,Female,Kano,Secondary,Single,0,Crop,3.7,3,TRUE,FALSE,TRUE,26,FALSE,TRUE,15357.36,TRUE,5275899,None,TRUE,9.8693,7.057,42,Yes
F0338,22,Female,Kaduna,Primary,Single,0,Crop,4.4,6,TRUE,TRUE,TRUE,61,TRUE,TRUE,78855.71,TRUE,4420197,Remittances,FALSE,9.5259,6.1935,36,Yes
F0339,18,Female,Oyo,None,Married,1,Crop,2.9,4,TRUE,TRUE,TRUE,16,FALSE,TRUE,63895.06,TRUE,6072111,Remittances,FALSE,6.608,3.8709,26,Yes
F0340,18,Female,Kano,Primary,Single,0,Crop,3.5,6,FALSE,FALSE,TRUE,45,FALSE,FALSE,0,FALSE,2543427,None,TRUE,7.9161,5.9965,12,No
F0341,24,Male,Kaduna,Primary,Single,0,Livestock,4.9,4,FALSE,FALSE,TRUE,59,TRUE,TRUE,46993.67,TRUE,4807125,None,TRUE,8.7736,7.5852,29,Yes
F0342,20,Female,Oyo,Primary,Single,0,Mixed,3,4,TRUE,FALSE,FALSE,38,TRUE,TRUE,49158.18,TRUE,4152033,None,FALSE,6.43,7.3115,24,Yes
F0343,19,Female,Oyo,Primary,Single,0,Crop,4.1,5,TRUE,TRUE,TRUE,46,TRUE,TRUE,49632.33,TRUE,5384169,Trading,TRUE,7.495,7.2303,40,Yes
F0344,27,Female,Benue,Secondary,Married,2,Mixed,3.9,9,TRUE,TRUE,TRUE,51,TRUE,FALSE,0,FALSE,2924370,None,TRUE,7.0356,6.7726,36,Yes
F0345,23,Male,Enugu,Tertiary,Single,0,Crop,1.4,6,TRUE,TRUE,TRUE,51,FALSE,TRUE,74069.39,TRUE,2720862,None,FALSE,6.3387,7.5187,37,Yes
F0346,27,Female,Oyo,Tertiary,Single,0,Crop,3.2,7,TRUE,TRUE,TRUE,52,FALSE,TRUE,30974.51,TRUE,4890375,None,FALSE,8.9924,6.3321,39,Yes
F0347,23,Female,Kaduna,Primary,Married,3,Crop,4.2,1,TRUE,TRUE,TRUE,100,TRUE,TRUE,0,FALSE,2444103,Trading,FALSE,8.6694,5.5702,27,No
F0348,29,Female,Kaduna,Primary,Married,2,Crop,1.6,7,TRUE,FALSE,FALSE,31,TRUE,FALSE,0,FALSE,3572307,None,TRUE,6.7131,7.6222,19,No
F0349,32,Male,Oyo,Secondary,Married,3,Livestock,2.7,2,TRUE,TRUE,TRUE,89,TRUE,TRUE,0,FALSE,2500317,Trading,TRUE,6.7779,6.75,38,Yes
F0350,34,Male,Kano,Primary,Married,0,Livestock,1.6,8,FALSE,TRUE,TRUE,59,TRUE,TRUE,77531.78,TRUE,3115728,Trading,TRUE,7.5864,5.5362,33,Yes
F0351,29,Male,Benue,Primary,Single,1,Crop,1.6,4,TRUE,TRUE,TRUE,47,FALSE,TRUE,25618.32,TRUE,3878442,None,TRUE,7.2024,6.2831,31,Yes
F0352,32,Male,Kaduna,Tertiary,Married,5,Mixed,4.1,8,TRUE,FALSE,FALSE,75,TRUE,TRUE,17551.23,TRUE,4096359,None,TRUE,7.6431,7.3842,38,Yes
F0353,25,Female,Benue,Primary,Married,0,Crop,3.9,5,TRUE,FALSE,TRUE,50,FALSE,TRUE,0,FALSE,906129,None,TRUE,9.8621,5.6348,16,No
F0354,25,Female,Kaduna,,Single,0,,4.9,1,TRUE,TRUE,TRUE,29,FALSE,FALSE,,FALSE,0,None,TRUE,8.2467,5.0574,31,No
F0355,22,Male,Enugu,Secondary,Single,0,Mixed,4.5,5,FALSE,FALSE,TRUE,72,FALSE,TRUE,70252.3,TRUE,3028698,None,FALSE,7.1696,5.0114,30,Yes
F0356,23,Male,Kano,Secondary,Single,0,Mixed,1.9,5,FALSE,TRUE,TRUE,54,FALSE,TRUE,49648.3,TRUE,2467350,None,FALSE,9.2028,5.2605,33,No
F0357,27,Female,Kano,Primary,Married,3,Mixed,3.8,9,FALSE,TRUE,TRUE,65,FALSE,TRUE,84654.16,TRUE,3903579,Trading,FALSE,6.7571,6.0167,30,Yes
F0358,32,Female,Kaduna,None,Married,3,Mixed,2.4,9,TRUE,FALSE,TRUE,50,TRUE,TRUE,26256.45,TRUE,4364082,Trading,TRUE,8.3575,5.8388,39,Yes
F0359,25,Female,Kaduna,Primary,Married,5,Crop,2.4,2,TRUE,TRUE,TRUE,78,TRUE,TRUE,91782.35,TRUE,4907682,None,TRUE,6.4411,4.9175,45,Yes
F0360,24,Female,Enugu,Tertiary,Single,0,Livestock,4.2,8,TRUE,FALSE,FALSE,39,FALSE,TRUE,96906.32,TRUE,4387752,None,TRUE,8.2622,6.1865,33,Yes
F0361,22,Female,Enugu,Tertiary,Single,0,Livestock,3.2,4,TRUE,TRUE,TRUE,54,FALSE,TRUE,28076.61,TRUE,2396043,None,TRUE,7.2197,4.8003,46,Yes
F0362,35,Female,Kaduna,Secondary,Married,0,Livestock,3.2,9,FALSE,FALSE,TRUE,71,TRUE,TRUE,68024.52,TRUE,6289029,None,FALSE,9.9253,5.5916,42,Yes
F0363,24,Male,Benue,Tertiary,Single,0,Livestock,2.7,4,FALSE,FALSE,TRUE,76,TRUE,TRUE,79583.37,TRUE,3067110,None,TRUE,8.0268,4.3437,45,Yes
F0364,32,Female,Enugu,Secondary,Single,2,Livestock,4.4,4,TRUE,TRUE,FALSE,41,FALSE,FALSE,0,FALSE,1798722,Trading,TRUE,6.0164,4.7147,23,No
F0365,21,Female,Enugu,Primary,Single,0,Mixed,4.1,1,FALSE,FALSE,TRUE,59,TRUE,TRUE,91813.68,TRUE,4094334,Remittances,TRUE,6.8921,5.6282,24,Yes
F0366,21,Female,Oyo,None,Married,0,Mixed,1.6,3,TRUE,FALSE,TRUE,34,TRUE,TRUE,12011.21,TRUE,4741659,None,FALSE,8.8134,4.0124,27,Yes
F0367,32,Female,Enugu,Secondary,Married,3,Mixed,3.4,7,FALSE,FALSE,FALSE,53,FALSE,TRUE,37035.08,TRUE,3783168,None,TRUE,6.4087,5.3512,25,No
F0368,25,Male,Oyo,Secondary,Married,3,Crop,2.3,2,TRUE,FALSE,TRUE,29,FALSE,TRUE,49081.3,TRUE,5457555,None,FALSE,6.8775,6.6711,35,Yes
F0369,34,Male,Benue,Primary,Married,1,Mixed,4.8,9,TRUE,TRUE,FALSE,87,TRUE,TRUE,17291.34,TRUE,4516452,None,FALSE,6.6124,6.713,31,Yes
F0370,32,Male,Oyo,Primary,Married,1,Livestock,4.4,7,FALSE,TRUE,TRUE,65,TRUE,TRUE,85998.07,TRUE,2746647,Trading,TRUE,7.9454,4.0488,40,Yes
F0371,27,Female,Enugu,Primary,Single,0,Crop,1.2,2,TRUE,FALSE,TRUE,61,FALSE,TRUE,48970.44,TRUE,4974210,Trading,TRUE,7.5364,6.6707,31,Yes
F0372,22,Male,Kano,Tertiary,Single,0,Crop,3.3,7,FALSE,TRUE,TRUE,49,TRUE,TRUE,36413.07,TRUE,3003120,None,TRUE,6.3793,4.7343,41,Yes
F0373,26,Male,Enugu,Secondary,Married,1,Mixed,4.7,2,FALSE,TRUE,FALSE,82,TRUE,TRUE,0,FALSE,2090376,None,TRUE,7.7892,6.9508,33,No
F0374,19,Female,Oyo,Tertiary,Single,0,Crop,3.2,9,TRUE,FALSE,TRUE,89,TRUE,FALSE,0,FALSE,2623437,None,FALSE,8.5937,6.39,32,No
F0375,33,Male,Benue,Primary,Married,1,Crop,1.4,3,TRUE,TRUE,FALSE,72,TRUE,FALSE,0,FALSE,1899486,Trading,TRUE,8.6951,7.6386,27,No
F0376,25,Female,Kano,Primary,Married,2,Crop,3,1,TRUE,FALSE,FALSE,76,TRUE,TRUE,80239.57,TRUE,3381057,Remittances,TRUE,6.9908,4.9215,28,Yes
F0377,34,Male,Kaduna,Primary,Married,3,Livestock,1.9,2,FALSE,TRUE,TRUE,52,FALSE,TRUE,44329.7,TRUE,5154165,None,TRUE,7.2731,6.1057,30,Yes
F0378,21,Female,Kaduna,Primary,Single,0,Livestock,2.8,9,FALSE,FALSE,TRUE,63,FALSE,TRUE,0,FALSE,2179494,None,FALSE,8.6333,3.3974,6,No
F0379,24,Female,Kaduna,Tertiary,Single,0,Mixed,3.9,9,TRUE,TRUE,TRUE,44,FALSE,FALSE,0,FALSE,3387699,None,TRUE,8.4389,6.4344,36,Yes
F0380,18,Female,Kano,Secondary,Married,3,Livestock,4.2,1,TRUE,FALSE,TRUE,50,FALSE,TRUE,16989.93,TRUE,4715757,Remittances,FALSE,9.0187,7.6674,37,Yes
F0381,32,Female,Kaduna,Secondary,Single,1,Livestock,1.8,8,TRUE,TRUE,FALSE,38,FALSE,TRUE,0,FALSE,3319929,None,TRUE,9.0764,4.9697,27,No
F0382,32,Female,Enugu,Secondary,Married,2,Crop,4.1,7,TRUE,FALSE,TRUE,82,TRUE,TRUE,73457.19,TRUE,4908744,None,FALSE,7.1682,5.9741,43,Yes
F0383,31,Male,Kano,Primary,Married,2,Mixed,2.6,8,TRUE,TRUE,FALSE,82,TRUE,TRUE,61504.1,TRUE,4398390,None,FALSE,6.1373,7.9128,34,Yes
F0384,26,Male,Kano,Tertiary,Married,1,Livestock,3.8,7,FALSE,TRUE,FALSE,54,TRUE,TRUE,18501.13,TRUE,3684978,None,FALSE,6.9039,6.2821,38,Yes
F0385,26,Female,Benue,Primary,Single,0,Crop,2.6,3,FALSE,FALSE,TRUE,69,TRUE,TRUE,73110.71,TRUE,3047238,None,FALSE,6.2386,4.5887,36,Yes
F0386,28,Male,Kano,Tertiary,Married,2,Mixed,2.2,9,TRUE,TRUE,FALSE,70,TRUE,TRUE,69554.86,TRUE,4267161,Trading,FALSE,6.5251,7.7029,44,Yes
F0387,27,Female,Kaduna,Primary,Married,4,Crop,3.4,7,TRUE,TRUE,TRUE,56,FALSE,FALSE,0,FALSE,2509416,Remittances,TRUE,8.8734,6.0613,20,No
F0388,19,Female,Benue,Primary,Single,0,Crop,1.5,2,FALSE,FALSE,TRUE,32,FALSE,TRUE,46474.26,TRUE,4679442,Remittances,TRUE,6.1144,7.5444,26,Yes
F0389,25,Male,Kaduna,Secondary,Married,1,Crop,4,5,FALSE,TRUE,TRUE,55,TRUE,TRUE,60161.06,TRUE,5370984,Trading,TRUE,6.5342,5.4464,52,Yes
F0390,21,Female,Enugu,Secondary,Single,0,Crop,2.6,8,TRUE,FALSE,FALSE,37,TRUE,TRUE,26333.84,TRUE,4355964,None,TRUE,8.6441,6.3072,41,Yes
F0391,33,Male,Oyo,Secondary,Married,0,Crop,1.7,2,TRUE,TRUE,TRUE,54,FALSE,TRUE,97141.16,TRUE,1783296,None,FALSE,7.1367,5.9569,42,Yes
F0392,28,Male,Kaduna,Secondary,Married,5,Crop,1.1,2,TRUE,TRUE,TRUE,22,FALSE,TRUE,78217.78,TRUE,3597768,Remittances,FALSE,9.7042,6.991,36,Yes
F0393,19,Male,Enugu,Secondary,Single,0,Crop,2.1,8,TRUE,TRUE,TRUE,49,FALSE,TRUE,87681.78,TRUE,6223698,None,TRUE,9.979,5.8561,46,Yes
F0394,32,Female,Oyo,Secondary,Married,2,Livestock,4,6,TRUE,TRUE,TRUE,28,FALSE,TRUE,32222.48,TRUE,3062610,Remittances,FALSE,7.652,3.7567,37,Yes
F0395,35,Female,Enugu,Primary,Single,1,Crop,4.4,6,TRUE,FALSE,TRUE,69,TRUE,TRUE,29724.54,TRUE,3897216,Trading,FALSE,6.3986,7.6269,37,Yes
F0396,28,Male,Enugu,Secondary,Married,0,Livestock,4.1,5,FALSE,FALSE,TRUE,62,TRUE,TRUE,42774.24,TRUE,3540492,None,FALSE,6.5229,4.6287,44,Yes
F0397,32,Male,Kaduna,Secondary,Single,2,Crop,1.2,1,TRUE,TRUE,FALSE,77,TRUE,TRUE,53951.92,TRUE,4489614,None,FALSE,7.5548,5.6557,42,Yes
F0398,25,Female,Benue,Tertiary,Married,1,Livestock,3.8,3,TRUE,TRUE,TRUE,52,TRUE,TRUE,79168.43,TRUE,3392370,None,FALSE,9.1394,7.6475,40,Yes
F0399,33,Female,Benue,Primary,Married,3,Livestock,1.5,5,TRUE,FALSE,TRUE,52,FALSE,FALSE,0,FALSE,3232404,None,TRUE,6.6976,5.9452,19,No
F0400,21,Male,Benue,Primary,Single,0,Mixed,2.6,8,TRUE,TRUE,TRUE,52,TRUE,TRUE,90238.53,TRUE,4802940,None,FALSE,8.0678,5.7965,33,Yes
F0401,24,Female,Kano,Primary,Married,3,Livestock,2.8,3,TRUE,TRUE,TRUE,73,FALSE,TRUE,98650.88,TRUE,4250637,None,TRUE,9.4778,3.3614,40,Yes
F0402,27,Female,Oyo,Tertiary,Married,2,Livestock,3.7,5,TRUE,FALSE,TRUE,48,TRUE,TRUE,39019.71,TRUE,3557007,None,FALSE,8.6178,5.6376,37,Yes
F0403,23,Female,Kano,Tertiary,Single,0,Livestock,1.6,1,TRUE,TRUE,TRUE,56,TRUE,TRUE,78795.93,TRUE,3543840,Trading,TRUE,9.7241,5.7647,48,Yes
F0404,22,Female,Kano,Secondary,Married,1,Livestock,2.8,3,FALSE,TRUE,FALSE,76,TRUE,TRUE,30773.6,TRUE,3970701,Trading,TRUE,8.3209,7.4405,49,Yes
F0405,28,Female,Kaduna,Tertiary,Single,0,Livestock,3.5,6,TRUE,TRUE,TRUE,42,FALSE,FALSE,0,FALSE,1109646,Trading,TRUE,8.6013,4.0524,31,No
F0406,21,Female,Kaduna,Secondary,Single,0,Mixed,1.6,2,TRUE,TRUE,TRUE,62,FALSE,TRUE,92586.99,TRUE,3119643,None,TRUE,8.1296,7.4935,48,Yes
F0407,25,Female,Benue,Secondary,Married,0,Crop,1.9,3,FALSE,FALSE,TRUE,54,TRUE,TRUE,90920.99,TRUE,5131539,None,FALSE,9.0392,6.2528,36,Yes
F0408,33,Female,Enugu,Primary,Married,1,Livestock,3.7,7,TRUE,TRUE,TRUE,60,TRUE,TRUE,16973.86,TRUE,4706784,None,TRUE,7.445,7.3101,43,Yes
F0409,18,Female,Kano,Secondary,Married,1,Livestock,4.9,5,FALSE,FALSE,TRUE,43,FALSE,TRUE,40316.5,TRUE,4332087,None,FALSE,8.305,7.7612,36,Yes
F0410,23,Female,Enugu,,Single,0,,3.6,1,TRUE,FALSE,TRUE,70,TRUE,TRUE,,TRUE,0,None,TRUE,7.2839,5.0967,52,Yes
F0411,26,Female,Oyo,Primary,Single,0,Crop,1.3,4,FALSE,FALSE,TRUE,69,TRUE,TRUE,33881.61,TRUE,5952906,None,FALSE,6.7983,3.1016,25,Yes
F0412,35,Female,Kano,Secondary,Married,3,Crop,3.2,2,FALSE,TRUE,TRUE,48,FALSE,TRUE,28958.1,TRUE,4325121,None,TRUE,7.3896,7.6568,41,Yes
F0413,32,Male,Enugu,Secondary,Married,1,Crop,2.8,4,TRUE,TRUE,TRUE,50,TRUE,TRUE,82831.43,TRUE,3317454,None,TRUE,6.5054,5.4202,49,Yes
F0414,30,Female,Enugu,Secondary,Single,1,Crop,2.2,3,FALSE,TRUE,TRUE,15,FALSE,FALSE,0,FALSE,1005264,Trading,TRUE,9.3178,6.0136,27,No
F0415,33,Male,Kano,Primary,Single,1,Livestock,1.5,4,FALSE,FALSE,TRUE,45,TRUE,TRUE,69120.39,TRUE,4553865,None,TRUE,7.6593,5.1677,30,Yes
F0416,21,Male,Benue,Secondary,Single,0,Livestock,3.1,9,TRUE,FALSE,TRUE,59,TRUE,TRUE,0,FALSE,2097603,Remittances,TRUE,9.7061,3.049,31,Yes
F0417,34,Male,Benue,Secondary,Single,0,Crop,3.9,1,FALSE,TRUE,FALSE,41,FALSE,TRUE,11222.34,TRUE,4940433,None,TRUE,6.5065,7.0771,38,Yes
F0418,24,Male,Benue,Tertiary,Married,3,Livestock,4.9,9,TRUE,FALSE,TRUE,38,FALSE,TRUE,0,FALSE,1918341,None,FALSE,9.4697,3.091,22,No
F0419,18,Female,Kano,Secondary,Married,4,Livestock,2.9,1,TRUE,FALSE,TRUE,49,TRUE,FALSE,0,FALSE,3371607,Trading,TRUE,9.4587,7.63,38,Yes
F0420,31,Male,Oyo,None,Married,2,Crop,3.3,4,TRUE,TRUE,TRUE,55,FALSE,TRUE,98775.87,TRUE,4155219,None,FALSE,8.0873,5.6972,29,Yes
F0421,19,Female,Kaduna,None,Married,3,Mixed,4.8,8,FALSE,TRUE,TRUE,65,TRUE,TRUE,95284.58,TRUE,3649878,Trading,TRUE,6.3824,5.2033,41,Yes
F0422,29,Male,Benue,Secondary,Married,1,Crop,4.8,2,FALSE,TRUE,TRUE,79,TRUE,TRUE,91119.1,TRUE,4338369,None,FALSE,6.9012,3.8314,44,Yes
F0423,18,Male,Benue,,Married,2,,1.7,8,TRUE,TRUE,FALSE,81,TRUE,TRUE,,TRUE,0,None,FALSE,8.9513,5.6895,47,Yes
F0424,18,Female,Oyo,Primary,Single,0,Crop,3.1,3,TRUE,FALSE,TRUE,36,FALSE,FALSE,0,FALSE,1060263,None,TRUE,7.7359,5.4911,16,No
F0425,35,Female,Oyo,Secondary,Married,3,Livestock,4.7,4,FALSE,TRUE,TRUE,47,FALSE,FALSE,0,FALSE,2481579,Remittances,TRUE,9.3648,7.319,32,No
F0426,35,Male,Benue,Primary,Married,5,Crop,2,3,FALSE,FALSE,FALSE,80,TRUE,FALSE,0,FALSE,4350123,None,FALSE,6.7618,7.913,17,No
F0427,33,Male,Enugu,Secondary,Married,1,Crop,2.1,3,TRUE,TRUE,FALSE,58,FALSE,TRUE,39594.97,TRUE,5531643,Trading,FALSE,9.8082,6.9505,35,Yes
F0428,20,Male,Benue,Secondary,Single,0,Crop,4.8,5,FALSE,FALSE,TRUE,69,TRUE,FALSE,0,FALSE,2231280,None,TRUE,9.14,5.2729,28,No
F0429,24,Male,Kaduna,Secondary,Single,0,Livestock,2.5,6,FALSE,FALSE,TRUE,65,TRUE,TRUE,10945.72,TRUE,5426586,Trading,TRUE,6.4675,6.0281,41,Yes
F0430,19,Female,Benue,,Married,0,,1.1,2,TRUE,TRUE,TRUE,54,FALSE,TRUE,,TRUE,0,Trading,TRUE,8.4395,5.2165,45,Yes
F0431,32,Male,Enugu,None,Married,2,Crop,2.5,3,TRUE,TRUE,TRUE,35,FALSE,FALSE,0,FALSE,1278090,Trading,TRUE,9.4346,7.5971,22,No
F0432,35,Male,Kano,Primary,Single,1,Crop,4.3,6,TRUE,FALSE,TRUE,46,TRUE,TRUE,0,FALSE,3378357,None,TRUE,8.0135,6.1932,24,Yes
F0433,25,Female,Kaduna,,Married,1,,1.2,5,FALSE,FALSE,FALSE,42,FALSE,TRUE,,TRUE,0,Trading,FALSE,6.1983,5.7199,25,No
F0434,34,Female,Enugu,Secondary,Single,1,Crop,3.7,5,TRUE,TRUE,FALSE,60,TRUE,TRUE,28876.51,TRUE,4776795,None,FALSE,8.9851,4.0952,41,Yes
F0435,24,Female,Kano,Primary,Single,0,Crop,3.1,9,FALSE,FALSE,FALSE,59,TRUE,FALSE,0,FALSE,1672083,Remittances,FALSE,9.7366,6.7858,1,No
F0436,20,Female,Kano,Primary,Married,1,Mixed,1.1,6,FALSE,FALSE,TRUE,65,TRUE,TRUE,54642.69,TRUE,3339567,None,TRUE,7.4432,7.1318,38,Yes
F0437,19,Male,Kano,Tertiary,Single,0,Livestock,2.3,5,FALSE,TRUE,TRUE,25,TRUE,TRUE,86192.31,TRUE,4010418,None,FALSE,8.7187,6.7726,41,Yes
F0438,29,Female,Enugu,Primary,Married,1,Crop,3,7,FALSE,TRUE,TRUE,46,FALSE,TRUE,15577.39,TRUE,4692249,None,FALSE,7.8049,3.7454,24,No
F0439,25,Male,Kaduna,Primary,Married,1,Crop,1.9,6,TRUE,TRUE,TRUE,86,TRUE,FALSE,0,FALSE,1875762,Trading,TRUE,7.6922,7.2966,35,Yes
F0440,35,Male,Kano,Primary,Single,0,Crop,1.7,8,TRUE,TRUE,TRUE,82,TRUE,TRUE,0,FALSE,3410361,None,TRUE,8.0423,3.9079,34,Yes
F0441,30,Male,Oyo,Secondary,Married,2,Mixed,1.3,3,TRUE,TRUE,FALSE,72,TRUE,TRUE,51793.33,TRUE,4084839,None,TRUE,7.1067,6.2797,51,Yes
F0442,29,Female,Kano,Primary,Married,3,Crop,2.6,1,TRUE,FALSE,TRUE,54,FALSE,FALSE,0,FALSE,1394910,Trading,FALSE,8.8659,5.4627,8,No
F0443,30,Male,Oyo,Primary,Married,2,Livestock,1.9,8,TRUE,TRUE,FALSE,92,TRUE,FALSE,0,FALSE,2914236,None,TRUE,8.1539,3.7294,27,No
F0444,21,Male,Kaduna,Secondary,Married,5,Crop,4.5,2,FALSE,TRUE,TRUE,81,TRUE,TRUE,13775.51,TRUE,4496274,Trading,TRUE,8.2376,7.6637,49,Yes
F0445,29,Male,Kano,Secondary,Single,3,Crop,1.5,7,TRUE,FALSE,TRUE,43,FALSE,FALSE,0,FALSE,1938285,None,FALSE,8.2947,7.571,19,No
F0446,28,Female,Kano,Secondary,Married,1,Livestock,5,1,FALSE,TRUE,TRUE,56,TRUE,TRUE,65214.35,TRUE,4391550,None,TRUE,7.0044,7.5776,46,Yes
F0447,24,Male,Kano,Secondary,Married,3,Crop,4.6,2,TRUE,TRUE,TRUE,62,FALSE,FALSE,0,FALSE,2679831,Trading,TRUE,6.4536,5.1686,35,No
F0448,29,Male,Benue,Secondary,Married,1,Livestock,3.1,9,TRUE,TRUE,TRUE,67,TRUE,TRUE,13458.98,TRUE,3229578,None,TRUE,9.9114,5.5378,59,Yes
F0449,31,Male,Kaduna,Secondary,Married,3,Crop,1.1,4,FALSE,FALSE,FALSE,72,TRUE,TRUE,89160.69,TRUE,4387995,None,TRUE,9.0994,6.6991,42,Yes
F0450,28,Male,Benue,Secondary,Single,0,Crop,4.9,7,FALSE,TRUE,TRUE,13,FALSE,TRUE,65521.1,TRUE,3878991,Trading,FALSE,6.9192,3.1895,31,Yes
F0451,35,Male,Benue,Primary,Married,1,Crop,4.3,5,TRUE,TRUE,TRUE,70,TRUE,TRUE,55691.54,TRUE,4250187,Trading,FALSE,9.215,5.26,41,Yes
F0452,28,Male,Enugu,Secondary,Married,1,Livestock,3.3,3,TRUE,TRUE,TRUE,56,TRUE,FALSE,0,FALSE,3836223,None,FALSE,9.5672,4.5777,36,Yes
F0453,22,Male,Kano,None,Single,0,Livestock,3.4,1,TRUE,FALSE,TRUE,25,FALSE,TRUE,0,FALSE,2961738,None,TRUE,9.6944,6.7054,17,No
F0454,24,Male,Oyo,Primary,Married,1,Mixed,2.7,8,TRUE,TRUE,TRUE,40,TRUE,FALSE,0,FALSE,2407833,None,TRUE,9.5589,5.1868,28,No
F0455,23,Female,Benue,Secondary,Single,0,Crop,2.4,1,TRUE,FALSE,FALSE,53,FALSE,TRUE,50728.03,TRUE,3397023,None,TRUE,6.2773,4.2878,34,Yes
F0456,34,Female,Benue,Secondary,Married,1,Livestock,3.1,8,TRUE,FALSE,TRUE,31,FALSE,TRUE,0,FALSE,2014398,None,TRUE,9.7432,5.2896,27,No
F0457,35,Female,Benue,Primary,Married,1,Mixed,2.5,4,TRUE,TRUE,TRUE,49,TRUE,TRUE,41054.58,TRUE,4001679,None,FALSE,6.1968,5.2057,34,Yes
F0458,23,Female,Kano,Secondary,Single,0,Crop,4.2,2,TRUE,FALSE,FALSE,71,TRUE,TRUE,19340.37,TRUE,4049550,None,FALSE,7.7266,4.6611,45,Yes
F0459,22,Male,Kaduna,Tertiary,Single,0,Livestock,2,5,TRUE,FALSE,TRUE,43,TRUE,TRUE,85753.52,TRUE,6003765,None,TRUE,9.5544,5.8023,53,Yes
F0460,23,Male,Enugu,Secondary,Married,2,Crop,3.7,8,TRUE,FALSE,TRUE,68,TRUE,TRUE,92869.07,TRUE,3251691,None,FALSE,8.188,4.2831,44,Yes
F0461,18,Female,Oyo,Secondary,Single,0,Mixed,3.5,1,FALSE,TRUE,FALSE,47,FALSE,TRUE,17535.17,TRUE,4369059,Trading,TRUE,9.5248,4.521,35,Yes
F0462,20,Male,Benue,Secondary,Single,0,Livestock,4.6,6,TRUE,TRUE,FALSE,72,TRUE,TRUE,47336.32,TRUE,4637043,None,TRUE,6.6344,6.2084,52,Yes
F0463,31,Male,Benue,Primary,Married,5,Crop,1.1,3,FALSE,TRUE,TRUE,90,TRUE,TRUE,19898.13,TRUE,5486076,None,FALSE,6.772,7.0098,36,Yes
F0464,29,Female,Enugu,Secondary,Married,3,Livestock,1.2,8,FALSE,TRUE,FALSE,45,TRUE,TRUE,61501.91,TRUE,3175497,Trading,TRUE,9.7105,4.0575,35,Yes
F0465,32,Male,Benue,Secondary,Married,2,Livestock,3.7,6,TRUE,TRUE,TRUE,47,FALSE,TRUE,60445.79,TRUE,3911472,Trading,FALSE,6.2798,5.0955,39,Yes
F0466,31,Female,Kano,Secondary,Married,1,Mixed,3.7,5,TRUE,TRUE,TRUE,51,FALSE,TRUE,20047.3,TRUE,4725774,None,TRUE,6.8933,6.2109,48,Yes
F0467,32,Female,Oyo,Secondary,Single,0,Crop,4.3,2,TRUE,TRUE,FALSE,58,FALSE,FALSE,0,FALSE,3507759,Trading,FALSE,8.8406,6.8084,20,No
F0468,32,Female,Kaduna,Tertiary,Married,2,Crop,2.7,5,TRUE,TRUE,TRUE,45,FALSE,TRUE,50442.93,TRUE,3167658,None,TRUE,6.6359,3.2367,45,Yes
F0469,24,Female,Enugu,Secondary,Single,0,Crop,2.2,7,TRUE,TRUE,TRUE,45,TRUE,TRUE,79725.12,TRUE,3750174,None,TRUE,8.6941,5.1185,52,Yes
F0470,20,Female,Kano,Secondary,Single,0,Crop,3.2,6,TRUE,TRUE,TRUE,51,TRUE,TRUE,53939.74,TRUE,3769047,None,FALSE,9.0544,3.67,48,Yes
F0471,29,Female,Kaduna,None,Married,2,Mixed,4.8,8,FALSE,TRUE,FALSE,67,TRUE,TRUE,11244,TRUE,4029732,None,TRUE,8.1004,5.7672,30,Yes
F0472,23,Male,Kaduna,Primary,Single,0,Mixed,1.6,5,FALSE,TRUE,TRUE,42,FALSE,TRUE,0,FALSE,3075507,None,TRUE,8.3305,4.5846,20,No
F0473,22,Female,Benue,Secondary,Single,0,Livestock,2.9,9,TRUE,TRUE,TRUE,46,FALSE,TRUE,31046.35,TRUE,3559779,None,TRUE,8.4333,4.8107,45,Yes
F0474,26,Female,Kano,Secondary,Married,2,Mixed,4.4,1,TRUE,FALSE,TRUE,91,TRUE,TRUE,90161.07,TRUE,3536577,Trading,FALSE,7.394,7.165,47,Yes
F0475,32,Male,Kaduna,Primary,Married,1,Crop,3.5,9,TRUE,FALSE,TRUE,62,FALSE,TRUE,0,FALSE,2759958,None,TRUE,7.3407,4.6798,19,No
F0476,21,Male,Kaduna,Secondary,Married,3,Crop,4,9,TRUE,FALSE,TRUE,50,TRUE,TRUE,29182.34,TRUE,3586437,Trading,FALSE,6.0801,5.7323,35,Yes
F0477,19,Female,Kaduna,Primary,Married,1,Crop,2.1,7,FALSE,TRUE,TRUE,52,TRUE,TRUE,10304.1,TRUE,4436136,Trading,FALSE,7.5802,5.8211,33,Yes
F0478,29,Female,Kaduna,Primary,Married,1,Crop,3.5,9,TRUE,FALSE,TRUE,98,TRUE,TRUE,22274.69,TRUE,4342626,None,FALSE,6.0424,7.3083,34,Yes
F0479,32,Female,Kaduna,,Married,1,,2.7,2,FALSE,TRUE,FALSE,45,FALSE,TRUE,,TRUE,0,None,FALSE,9.7673,6.2778,36,No
F0480,27,Female,Benue,Primary,Married,4,Crop,2.5,9,TRUE,FALSE,TRUE,57,TRUE,TRUE,23760,TRUE,5267061,Trading,TRUE,9.7291,4.2529,33,Yes
F0481,25,Female,Oyo,Primary,Married,1,Crop,1.2,6,TRUE,TRUE,TRUE,60,FALSE,TRUE,71777.79,TRUE,5400540,None,FALSE,9.7402,5.826,31,Yes
F0482,20,Female,Kano,Secondary,Single,0,Livestock,2.8,1,TRUE,FALSE,FALSE,57,FALSE,TRUE,90886.65,TRUE,3154257,None,FALSE,8.3217,6.4673,29,No
F0483,18,Female,Enugu,Tertiary,Single,0,Mixed,1.1,4,FALSE,FALSE,TRUE,64,TRUE,TRUE,91825.93,TRUE,4497084,Trading,FALSE,9.8838,4.831,41,Yes
F0484,29,Male,Enugu,Secondary,Single,0,Livestock,1.3,4,TRUE,TRUE,TRUE,33,FALSE,FALSE,0,FALSE,2354589,Trading,TRUE,8.4563,6.6132,35,No
F0485,26,Male,Kaduna,Tertiary,Married,4,Livestock,3.5,8,TRUE,TRUE,TRUE,74,TRUE,TRUE,48345.07,TRUE,4486518,Trading,TRUE,6.2923,5.9467,61,Yes
F0486,28,Male,Kaduna,Tertiary,Married,0,Crop,3.6,1,TRUE,TRUE,TRUE,50,FALSE,TRUE,51743.95,TRUE,3139587,Trading,TRUE,9.9589,4.8197,44,Yes
F0487,32,Male,Benue,Primary,Married,3,Livestock,2.8,2,TRUE,TRUE,TRUE,63,FALSE,TRUE,0,FALSE,3656043,None,FALSE,7.6632,4.5,33,No
F0488,19,Female,Enugu,None,Single,0,Crop,2.2,3,FALSE,TRUE,TRUE,62,FALSE,TRUE,0,FALSE,3487302,Remittances,FALSE,9.68,7.5386,14,No
F0489,31,Male,Kano,Secondary,Married,0,Crop,3.6,8,TRUE,TRUE,TRUE,67,TRUE,TRUE,81516.41,TRUE,4579911,Trading,FALSE,7.593,4.0319,45,Yes
F0490,34,Female,Benue,Secondary,Married,3,Livestock,3.4,9,TRUE,FALSE,TRUE,58,TRUE,TRUE,21431.87,TRUE,3326400,None,FALSE,8.6269,5.3117,38,Yes
F0491,30,Male,Oyo,None,Single,3,Livestock,3.3,8,FALSE,FALSE,FALSE,67,TRUE,TRUE,98241.33,TRUE,3857877,None,TRUE,7.8485,5.1417,30,Yes
F0492,33,Female,Kano,Secondary,Married,1,Livestock,4.5,6,TRUE,TRUE,TRUE,63,FALSE,TRUE,97985.38,TRUE,4468338,Trading,TRUE,6.1042,5.8269,49,Yes
F0493,29,Male,Oyo,Secondary,Single,4,Crop,4.1,7,TRUE,FALSE,TRUE,89,TRUE,TRUE,0,FALSE,2690307,Remittances,FALSE,7.4428,5.4095,34,No
F0494,33,Female,Kaduna,Primary,Married,3,Livestock,1.2,3,TRUE,TRUE,TRUE,61,FALSE,TRUE,57428.76,TRUE,4366746,None,FALSE,7.2087,4.3876,36,Yes
F0495,26,Female,Oyo,,Married,4,,4.1,2,TRUE,TRUE,TRUE,45,TRUE,TRUE,,FALSE,0,Trading,TRUE,8.1945,3.0597,27,No
F0496,35,Male,Kaduna,Secondary,Married,2,Mixed,1.4,8,TRUE,FALSE,TRUE,64,TRUE,TRUE,86935.07,TRUE,5137056,None,FALSE,6.0789,6.7891,50,Yes
F0497,34,Male,Benue,Secondary,Married,0,Livestock,4.1,8,TRUE,TRUE,TRUE,33,FALSE,TRUE,61387.99,TRUE,4472982,None,FALSE,9.7967,4.7434,38,Yes
F0498,26,Female,Oyo,Primary,Single,0,Crop,1.2,9,TRUE,FALSE,TRUE,60,FALSE,TRUE,96646.32,TRUE,5916231,None,FALSE,8.6187,5.2711,28,Yes
F0499,31,Male,Benue,Primary,Married,3,Livestock,3.2,4,TRUE,FALSE,TRUE,55,FALSE,TRUE,0,FALSE,2807325,Trading,FALSE,8.5906,7.5841,14,No
F0500,27,Male,Kaduna,Secondary,Married,1,Crop,3.9,9,TRUE,TRUE,TRUE,49,FALSE,TRUE,96339.15,TRUE,3917844,Trading,TRUE,6.7993,7.0551,43,Yes
F0501,27,Male,Oyo,Primary,Single,0,Crop,1.4,9,TRUE,FALSE,TRUE,57,TRUE,TRUE,0,FALSE,2234808,Trading,FALSE,7.4912,6.3984,14,No
F0502,22,Female,Oyo,Secondary,Single,0,Mixed,3.3,5,TRUE,TRUE,TRUE,70,TRUE,FALSE,0,FALSE,2599659,None,TRUE,8.7549,7.4594,39,Yes
F0503,29,Female,Kano,Secondary,Married,0,Crop,3.4,1,TRUE,TRUE,TRUE,84,TRUE,FALSE,0,FALSE,2073177,None,TRUE,7.6028,3.6938,38,Yes
F0504,27,Female,Kaduna,Primary,Single,0,Livestock,1.3,2,FALSE,FALSE,TRUE,52,FALSE,TRUE,39319.13,TRUE,4333689,None,FALSE,8.1396,5.2967,14,No
F0505,31,Male,Kano,Primary,Single,2,Crop,3.2,8,FALSE,FALSE,TRUE,65,TRUE,FALSE,0,FALSE,1285929,None,TRUE,8.1207,4.9073,25,No
F0506,34,Female,Enugu,,Single,2,,2,2,FALSE,FALSE,TRUE,62,TRUE,TRUE,,FALSE,0,None,TRUE,6.1074,5.2216,26,No
F0507,22,Male,Kaduna,Secondary,Single,0,Mixed,2.3,4,FALSE,TRUE,TRUE,52,TRUE,TRUE,12825.97,TRUE,5649570,None,TRUE,7.0089,7.388,40,Yes
F0508,23,Female,Enugu,Secondary,Single,0,Crop,4.7,5,FALSE,TRUE,TRUE,59,TRUE,TRUE,38759.42,TRUE,3925494,None,FALSE,9.0395,5.4221,37,Yes
F0509,22,Female,Kaduna,Secondary,Single,0,Crop,2.5,6,FALSE,TRUE,FALSE,66,TRUE,TRUE,0,FALSE,3025899,None,FALSE,7.1724,4.6142,25,No
F0510,34,Male,Kano,None,Single,0,Livestock,2.2,7,TRUE,FALSE,TRUE,26,FALSE,TRUE,64766.11,TRUE,3863025,None,FALSE,8.2867,7.6889,24,Yes
F0511,19,Male,Oyo,,Single,0,,2.5,1,FALSE,FALSE,TRUE,43,FALSE,FALSE,,FALSE,0,None,FALSE,9.9493,6.9601,17,No
F0512,23,Male,Oyo,Tertiary,Married,3,Livestock,3.8,6,TRUE,TRUE,TRUE,55,TRUE,FALSE,0,FALSE,2549223,None,FALSE,7.6713,6.7516,26,No
F0513,28,Female,Benue,Tertiary,Married,3,Mixed,4.2,9,FALSE,FALSE,FALSE,78,TRUE,TRUE,78563.18,TRUE,5723451,None,FALSE,7.738,3.1223,32,Yes
F0514,19,Male,Enugu,Primary,Single,0,Crop,1.4,6,TRUE,TRUE,TRUE,63,TRUE,TRUE,65863.98,TRUE,4440654,Trading,TRUE,8.2107,6.2107,48,Yes
F0515,35,Male,Kano,Primary,Married,2,Livestock,4.8,8,TRUE,TRUE,TRUE,62,TRUE,TRUE,49514.77,TRUE,3828024,None,TRUE,8.1115,5.9713,43,Yes
F0516,25,Female,Enugu,Secondary,Married,0,Crop,1.6,4,TRUE,TRUE,TRUE,72,TRUE,TRUE,52023,TRUE,3613554,None,TRUE,9.7163,4.2473,54,Yes
F0517,25,Female,Kaduna,Tertiary,Married,2,Crop,4.6,2,TRUE,FALSE,TRUE,44,FALSE,TRUE,97655.52,TRUE,5166855,None,TRUE,8.7433,4.5308,38,Yes
F0518,20,Female,Enugu,Primary,Single,0,Livestock,3.8,6,FALSE,TRUE,TRUE,19,FALSE,TRUE,93413.47,TRUE,3578265,Trading,TRUE,7.574,3.2813,33,Yes
F0519,30,Male,Enugu,Secondary,Married,7,Mixed,3.2,5,FALSE,FALSE,FALSE,60,TRUE,TRUE,99758.86,TRUE,4922136,None,FALSE,7.8029,5.8191,34,Yes
F0520,26,Female,Kano,Primary,Married,0,Crop,1.5,9,FALSE,FALSE,TRUE,19,FALSE,TRUE,0,FALSE,1890837,Remittances,FALSE,9.6034,6.8743,4,No
F0521,32,Female,Kano,Primary,Single,1,Crop,1.9,9,TRUE,FALSE,TRUE,47,FALSE,TRUE,90200.5,TRUE,3969675,None,TRUE,8.4108,3.617,28,Yes
F0522,30,Male,Enugu,Secondary,Married,3,Crop,2.9,3,FALSE,TRUE,TRUE,63,FALSE,TRUE,0,FALSE,3966552,None,FALSE,7.1658,3.8239,32,No
F0523,22,Female,Benue,Tertiary,Single,0,Crop,4.4,6,TRUE,FALSE,TRUE,66,FALSE,FALSE,0,FALSE,2407545,Remittances,FALSE,6.3498,3.1012,26,No
F0524,24,Female,Oyo,Secondary,Single,0,Mixed,3.3,8,FALSE,FALSE,TRUE,48,FALSE,TRUE,61013.72,TRUE,5154183,Remittances,TRUE,8.9698,3.4137,39,Yes
F0525,23,Female,Kano,Secondary,Single,0,Mixed,4.9,4,FALSE,TRUE,FALSE,46,FALSE,TRUE,76239.49,TRUE,5390721,Trading,TRUE,9.6138,3.4864,39,Yes
F0526,24,Male,Kaduna,Primary,Single,0,Livestock,3.4,6,TRUE,FALSE,TRUE,62,FALSE,TRUE,81693.18,TRUE,3553326,Trading,FALSE,7.252,5.5277,25,Yes
F0527,25,Female,Kano,,Married,3,,1.8,4,FALSE,FALSE,TRUE,82,TRUE,TRUE,,TRUE,0,None,FALSE,6.4081,6.0058,27,No
F0528,28,Male,Benue,Primary,Married,3,Crop,4.9,7,TRUE,TRUE,TRUE,29,FALSE,TRUE,0,FALSE,1869993,None,FALSE,8.0264,7.4523,12,No
F0529,34,Female,Benue,Tertiary,Married,2,Crop,4,2,TRUE,FALSE,TRUE,56,TRUE,TRUE,26154.52,TRUE,4568742,None,TRUE,7.5139,7.7256,45,Yes
F0530,19,Male,Enugu,Primary,Single,0,Crop,2.8,5,TRUE,FALSE,TRUE,68,TRUE,TRUE,13669.59,TRUE,4624605,Trading,TRUE,6.0704,4.2569,43,Yes
F0531,21,Male,Enugu,Primary,Married,1,Crop,3.8,6,TRUE,TRUE,FALSE,42,TRUE,TRUE,90634.1,TRUE,4900374,None,TRUE,7.9849,7.5014,35,Yes
F0532,22,Female,Kaduna,Primary,Single,0,Mixed,4.1,9,FALSE,FALSE,TRUE,50,FALSE,TRUE,46944.72,TRUE,5811633,None,FALSE,6.9857,3.3198,25,No
F0533,30,Male,Enugu,Secondary,Married,1,Livestock,3.8,6,TRUE,TRUE,TRUE,47,FALSE,FALSE,0,FALSE,4280400,None,FALSE,6.3728,7.689,26,No
F0534,19,Male,Benue,Tertiary,Single,0,Livestock,1.6,1,FALSE,FALSE,TRUE,62,FALSE,TRUE,0,FALSE,1985400,None,FALSE,8.3524,4.9038,25,No
F0535,24,Female,Enugu,Tertiary,Single,0,Crop,4.3,4,FALSE,FALSE,FALSE,59,TRUE,TRUE,53612.93,TRUE,5017725,Remittances,TRUE,8.8981,4.5049,38,Yes
F0536,25,Male,Enugu,None,Married,6,Crop,2.3,1,FALSE,FALSE,TRUE,45,FALSE,TRUE,26103.57,TRUE,3425139,None,TRUE,7.8838,7.0041,22,Yes
F0537,29,Male,Benue,Tertiary,Married,0,Livestock,3,3,FALSE,TRUE,TRUE,44,FALSE,TRUE,31685.68,TRUE,3845286,None,TRUE,6.1492,4.6029,40,Yes
F0538,31,Male,Oyo,Primary,Single,3,Mixed,1.4,9,TRUE,TRUE,TRUE,86,FALSE,TRUE,69541.91,TRUE,5520420,Trading,TRUE,8.4531,7.0687,41,Yes
F0539,22,Female,Kaduna,Secondary,Single,0,Livestock,1.5,9,FALSE,FALSE,TRUE,38,FALSE,TRUE,16715.19,TRUE,4726197,None,TRUE,8.0448,3.966,35,Yes
F0540,35,Female,Oyo,Tertiary,Married,3,Livestock,5,2,FALSE,FALSE,FALSE,47,TRUE,TRUE,24767.5,TRUE,4347891,None,TRUE,7.2095,6.6219,35,Yes
F0541,19,Male,Benue,Primary,Single,0,Crop,4.4,1,FALSE,FALSE,FALSE,46,TRUE,TRUE,0,FALSE,2712735,None,FALSE,6.2111,3.9014,4,No
F0542,20,Male,Enugu,Secondary,Married,2,Livestock,3.4,7,FALSE,TRUE,TRUE,68,FALSE,TRUE,62028.54,TRUE,3888702,None,TRUE,6.8553,5.859,47,Yes
F0543,31,Female,Kaduna,Primary,Married,4,Crop,3.9,4,TRUE,TRUE,TRUE,83,TRUE,FALSE,0,FALSE,1878903,None,TRUE,7.5825,5.5739,29,No
F0544,27,Male,Kaduna,Tertiary,Married,0,Livestock,4.4,4,TRUE,TRUE,TRUE,72,TRUE,TRUE,12743.49,TRUE,5456394,None,TRUE,9.7641,7.3568,64,Yes
F0545,31,Female,Oyo,None,Married,3,Livestock,3.5,2,FALSE,FALSE,TRUE,72,TRUE,TRUE,62864.52,TRUE,3960315,None,FALSE,8.9954,6.0719,31,Yes
F0546,18,Female,Oyo,Secondary,Married,5,Mixed,3.9,4,TRUE,TRUE,TRUE,64,TRUE,TRUE,61948.2,TRUE,4170060,None,TRUE,8.8701,4.5827,53,Yes
F0547,18,Male,Kaduna,Secondary,Single,0,Crop,1.6,5,TRUE,FALSE,TRUE,53,FALSE,TRUE,43645.61,TRUE,6368355,None,FALSE,6.7822,6.6501,36,Yes
F0548,21,Female,Oyo,Tertiary,Married,3,Crop,2.8,6,TRUE,TRUE,TRUE,64,TRUE,TRUE,92909.36,TRUE,5199957,None,FALSE,7.9064,6.9976,44,Yes
F0549,30,Male,Kano,Secondary,Married,2,Crop,4.2,2,TRUE,FALSE,TRUE,67,TRUE,TRUE,0,FALSE,900000,None,FALSE,7.7511,3.0156,30,No
F0550,28,Female,Kano,Tertiary,Single,0,Livestock,2.7,3,TRUE,TRUE,FALSE,35,FALSE,FALSE,0,FALSE,1034433,None,TRUE,9.0174,4.6157,28,No
F0551,19,Male,Oyo,Secondary,Married,1,Livestock,4.6,4,FALSE,TRUE,TRUE,81,TRUE,TRUE,73322.66,TRUE,4035753,None,TRUE,7.1652,6.0077,50,Yes
F0552,33,Male,Enugu,Primary,Single,1,Crop,3.4,7,TRUE,TRUE,TRUE,75,FALSE,TRUE,91193.88,TRUE,4638555,None,FALSE,9.3124,6.9577,37,Yes
F0553,22,Female,Kaduna,Secondary,Married,3,Livestock,2.6,6,TRUE,FALSE,FALSE,44,FALSE,TRUE,28579.84,TRUE,5048739,None,TRUE,6.4828,5.555,36,Yes
F0554,32,Female,Oyo,None,Married,4,Mixed,3.9,9,TRUE,TRUE,TRUE,67,TRUE,TRUE,37891.2,TRUE,3639825,Trading,TRUE,9.6125,3.354,42,Yes
F0555,18,Male,Enugu,,Married,2,,4.8,2,TRUE,FALSE,TRUE,42,FALSE,TRUE,,TRUE,0,None,TRUE,7.5467,7.4011,41,Yes
F0556,24,Male,Oyo,Tertiary,Married,1,Crop,2.1,2,TRUE,FALSE,TRUE,72,FALSE,TRUE,48935.34,TRUE,4573044,None,TRUE,8.0164,7.0623,47,Yes
F0557,27,Male,Benue,Secondary,Married,2,Mixed,3.5,1,FALSE,FALSE,TRUE,68,FALSE,TRUE,42585.03,TRUE,3058128,Remittances,FALSE,7.1422,3.7853,35,Yes
F0558,24,Male,Benue,Secondary,Married,3,Crop,4.6,2,FALSE,FALSE,TRUE,44,FALSE,TRUE,65842.12,TRUE,4789584,Trading,FALSE,7.8732,7.4875,36,Yes
F0559,26,Female,Enugu,Tertiary,Married,1,Crop,2.5,2,FALSE,FALSE,TRUE,66,TRUE,TRUE,13213.99,TRUE,3610071,None,TRUE,6.7457,3.601,43,Yes
F0560,24,Female,Kano,Tertiary,Single,0,Livestock,3.1,1,FALSE,TRUE,TRUE,70,TRUE,TRUE,0,FALSE,2143737,Remittances,FALSE,9.0647,6.6997,35,No
F0561,20,Female,Enugu,Secondary,Single,0,Mixed,1.7,9,TRUE,FALSE,TRUE,72,TRUE,TRUE,69054.56,TRUE,4335552,Trading,TRUE,9.8166,7.2537,55,Yes
F0562,34,Male,Kaduna,Primary,Single,2,Crop,3.2,5,TRUE,FALSE,TRUE,74,TRUE,TRUE,96197.02,TRUE,4205574,None,TRUE,8.2479,5.6891,34,Yes
F0563,27,Female,Oyo,None,Married,2,Mixed,4.2,1,FALSE,FALSE,TRUE,61,FALSE,TRUE,70371.75,TRUE,5691555,None,FALSE,9.4811,4.9359,27,No
F0564,35,Male,Kano,,Married,4,,3.6,8,TRUE,TRUE,TRUE,54,TRUE,TRUE,,FALSE,0,Trading,TRUE,6.9578,5.7147,39,Yes
F0565,30,Male,Kaduna,Secondary,Married,0,Mixed,3.1,2,TRUE,TRUE,TRUE,70,TRUE,TRUE,12799.77,TRUE,3835359,None,TRUE,7.8776,7.6647,56,Yes
F0566,33,Female,Oyo,Secondary,Single,1,Crop,3.3,9,FALSE,FALSE,FALSE,76,TRUE,TRUE,41859.6,TRUE,4778874,None,FALSE,7.2863,5.8512,34,Yes
F0567,27,Male,Benue,Primary,Married,2,Livestock,4.2,1,TRUE,FALSE,TRUE,39,FALSE,FALSE,0,FALSE,4149306,None,TRUE,8.1273,7.0061,18,No
F0568,30,Male,Benue,,Married,1,,1.3,3,TRUE,TRUE,TRUE,51,TRUE,TRUE,,TRUE,0,None,TRUE,7.4427,5.7772,47,Yes
F0569,23,Female,Kaduna,Primary,Married,2,Crop,4.2,3,TRUE,TRUE,TRUE,78,TRUE,TRUE,82739.15,TRUE,4803435,Trading,TRUE,8.4647,4.2173,44,Yes
F0570,22,Female,Oyo,Tertiary,Married,3,Mixed,1.4,6,FALSE,TRUE,TRUE,79,TRUE,TRUE,0,FALSE,2815461,None,TRUE,6.5892,5.5288,38,Yes
F0571,32,Female,Kaduna,Secondary,Married,3,Livestock,3.5,3,FALSE,FALSE,TRUE,65,TRUE,TRUE,0,FALSE,2601171,Trading,FALSE,9.3299,4.3542,31,No
F0572,35,Male,Enugu,Secondary,Married,3,Crop,3.7,7,TRUE,TRUE,TRUE,57,TRUE,TRUE,46827.04,TRUE,5993478,Remittances,TRUE,6.7888,3.942,49,Yes
F0573,19,Male,Enugu,Secondary,Single,0,Livestock,3.9,1,TRUE,FALSE,FALSE,85,TRUE,TRUE,43961.36,TRUE,4571280,Trading,FALSE,7.7998,3.6117,37,Yes
F0574,35,Female,Benue,Primary,Married,0,Crop,2,7,TRUE,FALSE,FALSE,53,TRUE,TRUE,63674.18,TRUE,5206311,Remittances,TRUE,8.2732,6.9906,28,Yes
F0575,30,Male,Benue,Secondary,Married,1,Livestock,4.8,1,TRUE,TRUE,TRUE,46,FALSE,TRUE,46024.93,TRUE,5190867,Trading,TRUE,8.7945,5.4576,48,Yes
F0576,19,Female,Oyo,Tertiary,Single,0,Crop,1.9,2,TRUE,FALSE,TRUE,61,TRUE,TRUE,68724.94,TRUE,3881925,Trading,FALSE,8.5526,3.324,45,Yes
F0577,32,Male,Kano,Tertiary,Married,2,Livestock,4,6,TRUE,TRUE,TRUE,45,TRUE,TRUE,39173.9,TRUE,4302135,None,FALSE,6.9287,6.5935,43,Yes
F0578,22,Female,Kano,Secondary,Married,4,Mixed,4.3,1,TRUE,TRUE,TRUE,52,FALSE,TRUE,48923.2,TRUE,4215060,Trading,FALSE,7.1815,3.2585,38,Yes
F0579,19,Female,Kaduna,Tertiary,Single,0,Livestock,3,7,FALSE,TRUE,TRUE,63,FALSE,TRUE,10319.41,TRUE,4658085,Trading,TRUE,8.0166,7.0212,47,Yes
F0580,33,Male,Benue,Secondary,Single,3,Crop,4,5,TRUE,TRUE,TRUE,59,FALSE,TRUE,75913.11,TRUE,3677355,Trading,FALSE,7.0268,5.2217,37,Yes
F0581,22,Female,Oyo,Secondary,Single,0,Crop,2.6,5,TRUE,FALSE,TRUE,94,TRUE,TRUE,60892.49,TRUE,5144319,None,FALSE,6.7647,6.9748,48,Yes
F0582,18,Male,Enugu,Tertiary,Single,0,Crop,4.3,2,FALSE,TRUE,TRUE,27,FALSE,FALSE,0,FALSE,2816181,None,TRUE,7.0708,3.2648,25,No
F0583,29,Male,Oyo,Secondary,Single,1,Mixed,4.5,3,TRUE,FALSE,TRUE,49,FALSE,TRUE,67476.29,TRUE,5045166,None,FALSE,8.8159,6.7669,33,Yes
F0584,20,Male,Benue,None,Married,3,Crop,3.5,8,TRUE,TRUE,TRUE,27,FALSE,TRUE,0,FALSE,3149946,None,TRUE,7.7879,7.9256,27,No
F0585,23,Female,Enugu,Primary,Married,2,Crop,5,2,FALSE,FALSE,TRUE,25,FALSE,TRUE,87631.69,TRUE,3686760,Remittances,TRUE,9.225,6.7508,28,Yes
F0586,29,Male,Enugu,Secondary,Single,1,Livestock,3.7,7,TRUE,TRUE,FALSE,80,TRUE,TRUE,0,FALSE,2722545,None,TRUE,9.1841,5.7133,38,Yes
F0587,23,Male,Oyo,Primary,Married,0,Mixed,1.8,8,TRUE,TRUE,TRUE,99,TRUE,TRUE,40828.53,TRUE,3737295,None,TRUE,9.558,6.452,49,Yes
F0588,18,Male,Oyo,Primary,Married,4,Crop,2.7,1,FALSE,FALSE,FALSE,33,FALSE,TRUE,10715.88,TRUE,4910580,Remittances,TRUE,7.0631,5.5749,28,No
F0589,31,Male,Enugu,Secondary,Married,5,Livestock,3.8,8,TRUE,TRUE,FALSE,58,TRUE,TRUE,0,FALSE,2589624,None,FALSE,8.679,7.7061,27,No
F0590,35,Female,Benue,Secondary,Married,3,Mixed,1.7,1,FALSE,FALSE,FALSE,85,FALSE,TRUE,81043.85,TRUE,3645324,Trading,TRUE,8.5356,6.2164,33,Yes
F0591,33,Female,Oyo,Secondary,Married,2,Crop,3,4,FALSE,TRUE,FALSE,26,TRUE,TRUE,0,FALSE,2771100,None,FALSE,8.1161,4.9105,19,No
F0592,33,Male,Enugu,Secondary,Single,0,Livestock,1.4,4,TRUE,FALSE,TRUE,71,FALSE,TRUE,82660.35,TRUE,6764625,Trading,FALSE,9.5899,3.2658,40,Yes
F0593,35,Male,Kano,None,Single,1,Livestock,3.5,6,FALSE,FALSE,TRUE,69,TRUE,TRUE,67733.87,TRUE,3149100,None,FALSE,6.9173,3.7942,30,Yes
F0594,25,Male,Kano,Secondary,Single,0,Livestock,1.1,9,TRUE,TRUE,TRUE,55,TRUE,TRUE,0,FALSE,3248082,Trading,TRUE,8.9381,5.4744,39,Yes
F0595,30,Female,Enugu,Tertiary,Single,1,Mixed,1.8,9,FALSE,FALSE,TRUE,62,TRUE,TRUE,88659.95,TRUE,5573223,Trading,TRUE,7.8475,6.198,47,Yes
F0596,35,Male,Kano,Secondary,Married,2,Livestock,2.4,5,FALSE,FALSE,TRUE,64,TRUE,TRUE,74780.85,TRUE,3324123,None,FALSE,7.2096,4.1937,42,Yes
F0597,25,Female,Kaduna,Primary,Married,2,Mixed,3.6,5,TRUE,FALSE,TRUE,69,TRUE,FALSE,0,FALSE,2232684,Trading,FALSE,9.2423,6.2414,25,No
F0598,28,Male,Oyo,Tertiary,Married,5,Livestock,4.1,5,TRUE,FALSE,FALSE,60,TRUE,TRUE,95509.69,TRUE,4869063,Trading,FALSE,6.7308,3.6161,36,Yes
F0599,25,Female,Enugu,Secondary,Married,2,Crop,2.5,7,FALSE,TRUE,TRUE,49,FALSE,TRUE,0,FALSE,1821132,None,FALSE,6.4032,3.7026,28,No
F0600,20,Male,Kaduna,Secondary,Married,4,Mixed,2,2,FALSE,TRUE,TRUE,51,TRUE,TRUE,0,FALSE,1053531,None,TRUE,8.0569,7.2603,28,No
F0601,25,Female,Benue,Primary,Single,0,Mixed,3.5,1,TRUE,FALSE,FALSE,72,TRUE,TRUE,41916.44,TRUE,3997647,None,FALSE,7.0548,3.6331,34,Yes
F0602,34,Male,Kaduna,Primary,Single,0,Crop,3.5,4,FALSE,FALSE,TRUE,38,TRUE,FALSE,0,FALSE,3705624,None,FALSE,7.9696,7.7576,13,No
F0603,23,Male,Oyo,Secondary,Married,2,Crop,4,1,TRUE,FALSE,TRUE,61,TRUE,TRUE,84201.54,TRUE,5712561,Trading,FALSE,6.6952,4.1128,47,Yes
F0604,30,Male,Oyo,Secondary,Married,1,Crop,4.1,2,TRUE,TRUE,FALSE,59,TRUE,FALSE,0,FALSE,1911681,None,TRUE,6.6455,6.357,27,No
F0605,20,Male,Benue,None,Single,0,Livestock,2.7,3,FALSE,TRUE,FALSE,31,FALSE,TRUE,95733.71,TRUE,3972699,None,TRUE,8.9731,5.2814,27,No
F0606,32,Female,Kano,None,Married,3,Livestock,2.6,2,FALSE,FALSE,TRUE,69,TRUE,TRUE,0,FALSE,992538,None,TRUE,7.423,7.2114,19,No
F0607,35,Male,Enugu,None,Married,1,Crop,1.6,3,FALSE,FALSE,TRUE,99,TRUE,TRUE,0,FALSE,1564209,None,TRUE,6.1793,7.7875,27,No
F0608,26,Female,Kano,Tertiary,Married,4,Crop,4.1,8,FALSE,FALSE,TRUE,23,FALSE,TRUE,24682.59,TRUE,4900248,None,FALSE,9.1019,4.6206,31,Yes
F0609,19,Female,Benue,Primary,Single,0,Mixed,3.4,8,TRUE,TRUE,FALSE,34,FALSE,TRUE,45535.69,TRUE,5188950,None,FALSE,7.8517,3.843,26,No
F0610,26,Female,Benue,None,Single,0,Livestock,4.7,8,TRUE,FALSE,TRUE,42,FALSE,TRUE,69289.99,TRUE,4277349,None,FALSE,6.6663,3.2446,28,Yes
F0611,32,Female,Kano,Secondary,Single,2,Crop,3.8,5,TRUE,FALSE,FALSE,60,TRUE,TRUE,74503.89,TRUE,5061843,Trading,FALSE,6.539,7.8258,39,Yes
F0612,19,Male,Enugu,Secondary,Married,0,Crop,1,1,TRUE,FALSE,TRUE,71,FALSE,TRUE,0,FALSE,2787372,None,FALSE,6.4429,4.5251,25,No
F0613,35,Female,Oyo,Secondary,Single,1,Livestock,1.7,6,TRUE,TRUE,TRUE,66,FALSE,TRUE,18081.75,TRUE,3855591,None,FALSE,7.4701,6.5254,46,Yes
F0614,19,Female,Kano,Secondary,Single,0,Crop,3.2,7,TRUE,FALSE,TRUE,35,FALSE,TRUE,22586.91,TRUE,3971853,None,TRUE,8.5179,5.5244,38,Yes
F0615,19,Male,Oyo,Primary,Single,0,Crop,4.9,7,FALSE,TRUE,TRUE,45,FALSE,TRUE,85873.91,TRUE,5039982,Trading,FALSE,8.5035,6.5025,25,No
F0616,31,Female,Kaduna,Primary,Married,1,Livestock,2.4,3,TRUE,FALSE,TRUE,73,FALSE,FALSE,0,FALSE,1959705,None,FALSE,9.2181,7.5559,15,No
F0617,22,Male,Benue,Primary,Married,1,Mixed,4.5,8,FALSE,FALSE,TRUE,85,FALSE,TRUE,0,FALSE,3926727,Trading,FALSE,9.6048,7.154,16,No
F0618,30,Male,Kaduna,Tertiary,Married,3,Crop,2.9,9,FALSE,FALSE,TRUE,21,FALSE,TRUE,0,FALSE,3531852,None,FALSE,7.557,7.0246,19,No
F0619,26,Male,Oyo,Tertiary,Married,3,Crop,3.8,4,TRUE,TRUE,TRUE,48,FALSE,FALSE,0,FALSE,1715085,None,FALSE,6.7728,3.158,19,No
F0620,23,Male,Oyo,Tertiary,Single,0,Livestock,4.3,8,FALSE,FALSE,TRUE,44,FALSE,TRUE,42888.33,TRUE,5271147,None,FALSE,9.9798,5.3368,31,Yes
F0621,35,Female,Benue,Secondary,Single,1,Mixed,4.9,3,TRUE,TRUE,TRUE,92,TRUE,TRUE,37422.67,TRUE,5700546,None,TRUE,8.8859,4.6348,54,Yes
F0622,23,Male,Kano,Secondary,Married,1,Crop,3.9,1,FALSE,FALSE,TRUE,43,FALSE,TRUE,77710.96,TRUE,5325003,Trading,TRUE,8.705,6.2044,40,Yes
F0623,23,Female,Benue,Primary,Married,0,Livestock,3.9,6,FALSE,FALSE,TRUE,39,TRUE,TRUE,46150.42,TRUE,5076567,Remittances,FALSE,8.0543,3.8872,31,Yes
F0624,18,Female,Oyo,Secondary,Single,0,Livestock,4.1,3,FALSE,TRUE,FALSE,46,TRUE,TRUE,66032.06,TRUE,4380732,Remittances,FALSE,6.1772,4.603,40,Yes
F0625,30,Male,Kaduna,Secondary,Married,2,Crop,1.1,5,FALSE,TRUE,TRUE,73,TRUE,TRUE,0,FALSE,3845682,None,TRUE,6.8374,6.4009,41,Yes
F0626,21,Female,Benue,Primary,Single,0,Crop,1.4,4,TRUE,TRUE,TRUE,75,TRUE,TRUE,63341.03,TRUE,3934359,None,TRUE,6.3876,4.4525,42,Yes
F0627,35,Female,Kano,Secondary,Married,2,Crop,2.7,5,TRUE,FALSE,TRUE,69,TRUE,TRUE,25834.89,TRUE,4114953,None,TRUE,8.245,3.629,56,Yes
F0628,20,Male,Oyo,Tertiary,Single,0,Livestock,1.6,3,TRUE,FALSE,FALSE,66,TRUE,FALSE,0,FALSE,1081431,None,TRUE,7.9023,7.2835,29,No
F0629,25,Male,Enugu,Tertiary,Married,2,Crop,4.8,8,FALSE,FALSE,TRUE,66,TRUE,TRUE,0,FALSE,2165535,None,TRUE,6.341,5.6731,35,No
F0630,28,Male,Enugu,Tertiary,Single,0,Crop,4.7,8,TRUE,FALSE,TRUE,38,FALSE,TRUE,39046.26,TRUE,2868039,Trading,TRUE,7.0244,4.1122,40,Yes
F0631,29,Male,Kaduna,Tertiary,Single,1,Livestock,2.6,1,FALSE,FALSE,TRUE,53,TRUE,TRUE,44577.02,TRUE,5485428,None,FALSE,7.8727,7.0506,32,Yes
F0632,29,Female,Oyo,Secondary,Married,0,Crop,2,3,FALSE,FALSE,TRUE,57,FALSE,TRUE,66498.14,TRUE,5146254,None,FALSE,6.623,3.6404,28,No
F0633,24,Female,Kaduna,Primary,Single,0,Livestock,3.5,4,TRUE,TRUE,FALSE,41,FALSE,TRUE,29727.98,TRUE,3468834,Trading,FALSE,6.0461,5.585,20,No
F0634,35,Male,Kano,None,Single,2,Livestock,3.8,6,FALSE,TRUE,TRUE,54,TRUE,TRUE,84427.92,TRUE,5315247,None,FALSE,8.2858,7.9305,29,Yes
F0635,19,Female,Oyo,None,Single,0,Mixed,4.9,1,FALSE,TRUE,FALSE,47,FALSE,FALSE,0,FALSE,3314601,None,FALSE,8.8268,6.0804,4,No
F0636,34,Male,Kano,Tertiary,Married,6,Mixed,4,7,TRUE,FALSE,TRUE,43,FALSE,TRUE,42699.95,TRUE,5268573,None,TRUE,9.3716,4.351,39,Yes
F0637,30,Male,Benue,Secondary,Single,0,Crop,1.6,4,FALSE,TRUE,FALSE,73,TRUE,FALSE,0,FALSE,2261484,Remittances,FALSE,9.7964,4.6455,30,No
F0638,26,Female,Kaduna,Secondary,Single,0,Crop,2,2,FALSE,FALSE,TRUE,73,TRUE,FALSE,0,FALSE,2038473,Remittances,FALSE,8.2648,4.3095,31,No
F0639,19,Male,Enugu,Primary,Single,0,Crop,1.5,8,TRUE,FALSE,TRUE,73,FALSE,TRUE,0,FALSE,2470257,None,TRUE,8.1038,3.3252,28,No
F0640,21,Male,Benue,Primary,Married,1,Livestock,4.1,4,TRUE,TRUE,TRUE,25,FALSE,TRUE,59119.94,TRUE,4199274,None,FALSE,9.6261,7.1096,34,Yes
F0641,21,Male,Benue,Primary,Married,1,Mixed,4.3,3,TRUE,TRUE,TRUE,53,TRUE,TRUE,70526.02,TRUE,4312341,None,TRUE,7.8227,4.655,38,Yes
F0642,31,Female,Kaduna,Secondary,Married,3,Crop,3.5,2,TRUE,FALSE,TRUE,60,TRUE,TRUE,14242.54,TRUE,5041296,None,TRUE,6.9798,6.6534,45,Yes
F0643,26,Female,Oyo,Tertiary,Married,0,Mixed,2.4,8,FALSE,FALSE,FALSE,55,TRUE,TRUE,66409.25,TRUE,4740345,None,TRUE,7.1116,5.5103,37,Yes
F0644,34,Male,Benue,Secondary,Married,1,Mixed,4,2,TRUE,TRUE,TRUE,59,FALSE,TRUE,15438.76,TRUE,4881987,None,FALSE,7.1957,6.6807,35,Yes
F0645,19,Female,Benue,None,Married,5,Crop,3,8,FALSE,TRUE,FALSE,53,FALSE,TRUE,57761.93,TRUE,3856140,Remittances,TRUE,8.4183,5.0194,23,No
F0646,19,Male,Benue,Secondary,Single,0,Livestock,2.8,7,TRUE,TRUE,FALSE,62,TRUE,TRUE,81713.09,TRUE,5165460,None,TRUE,6.4017,7.243,49,Yes
F0647,31,Female,Enugu,Primary,Married,0,Mixed,3,2,FALSE,TRUE,TRUE,17,FALSE,TRUE,55660.92,TRUE,4607955,None,FALSE,7.3437,4.3033,30,Yes
F0648,30,Male,Oyo,Tertiary,Single,1,Mixed,1.8,4,TRUE,TRUE,TRUE,61,FALSE,TRUE,0,FALSE,2601999,Trading,FALSE,9.9008,7.832,36,No
F0649,30,Male,Kano,Primary,Married,0,Crop,4.6,7,TRUE,TRUE,TRUE,43,FALSE,TRUE,75192.12,TRUE,4626054,None,TRUE,7.4279,5.7525,36,Yes
F0650,30,Female,Benue,Secondary,Married,4,Livestock,2,1,TRUE,FALSE,TRUE,30,TRUE,TRUE,73175.03,TRUE,3766221,None,TRUE,7.3729,7.0834,44,Yes
F0651,31,Female,Kano,Tertiary,Married,1,Mixed,4.7,8,FALSE,FALSE,TRUE,53,FALSE,TRUE,35905.09,TRUE,4770594,None,TRUE,6.8754,5.5178,41,Yes
F0652,33,Female,Kano,Tertiary,Married,2,Crop,3,4,FALSE,FALSE,TRUE,45,FALSE,TRUE,0,FALSE,2958831,Remittances,TRUE,8.7268,5.3276,24,No
F0653,26,Female,Kano,Primary,Married,0,Crop,2.7,6,TRUE,FALSE,TRUE,73,TRUE,FALSE,0,FALSE,1839852,None,FALSE,9.3746,5.9742,23,No
F0654,25,Male,Benue,Secondary,Married,1,Mixed,2.9,3,TRUE,TRUE,TRUE,82,TRUE,FALSE,0,FALSE,1492641,Trading,TRUE,9.7396,7.9455,48,Yes
F0655,35,Female,Kano,Secondary,Married,3,Mixed,4.9,8,FALSE,TRUE,TRUE,24,FALSE,FALSE,0,FALSE,2430738,None,FALSE,9.9433,4.2817,20,No
F0656,26,Female,Oyo,None,Married,2,Crop,2,9,TRUE,FALSE,TRUE,45,FALSE,FALSE,0,FALSE,1545894,None,TRUE,8.6462,5.2992,13,No
F0657,29,Female,Kaduna,None,Married,3,Crop,3.9,7,TRUE,TRUE,TRUE,54,TRUE,TRUE,15973.86,TRUE,5425992,None,TRUE,6.0367,6.8106,44,Yes
F0658,24,Male,Enugu,Secondary,Single,0,Crop,2.5,5,FALSE,TRUE,FALSE,79,TRUE,TRUE,0,FALSE,1419948,None,FALSE,6.2345,3.7484,24,No
F0659,19,Male,Kaduna,Primary,Married,1,Livestock,3,9,TRUE,FALSE,TRUE,74,TRUE,FALSE,0,FALSE,1898883,None,FALSE,9.6216,4.7659,22,No
F0660,27,Female,Kaduna,Primary,Married,3,Livestock,3.4,4,FALSE,TRUE,TRUE,59,TRUE,FALSE,0,FALSE,2011680,None,TRUE,7.9642,7.6093,21,No
F0661,18,Female,Oyo,Secondary,Single,0,Livestock,3.8,3,TRUE,FALSE,TRUE,45,FALSE,TRUE,0,FALSE,900000,None,FALSE,8.2981,6.7135,21,No
F0662,20,Male,Kano,Secondary,Single,0,Crop,4.7,2,TRUE,FALSE,TRUE,56,TRUE,TRUE,91367.35,TRUE,4862322,None,TRUE,8.7166,3.4758,47,Yes
F0663,19,Female,Kano,Secondary,Married,1,Livestock,2.9,2,FALSE,TRUE,FALSE,63,TRUE,FALSE,0,FALSE,2799216,Trading,TRUE,9.4253,6.5083,38,No
F0664,29,Female,Kaduna,Secondary,Single,2,Livestock,2,7,FALSE,TRUE,FALSE,60,TRUE,TRUE,67962.09,TRUE,4439223,Trading,TRUE,6.0024,7.3269,40,Yes
F0665,34,Female,Enugu,Primary,Married,1,Crop,4.7,5,TRUE,TRUE,TRUE,47,FALSE,TRUE,44802.23,TRUE,3704301,Trading,TRUE,6.8186,3.325,34,Yes
F0666,24,Male,Oyo,None,Single,0,Livestock,3.9,4,TRUE,TRUE,TRUE,79,TRUE,FALSE,0,FALSE,3282768,Trading,TRUE,6.9819,3.8178,35,Yes
F0667,20,Male,Benue,Primary,Single,0,Livestock,4.8,4,TRUE,TRUE,TRUE,48,FALSE,TRUE,73543.69,TRUE,4505337,None,FALSE,6.1018,6.541,29,Yes
F0668,31,Female,Kano,Primary,Married,1,Mixed,4.8,7,FALSE,TRUE,TRUE,48,TRUE,TRUE,98255.01,TRUE,4514202,None,FALSE,8.9398,4.2668,31,Yes
F0669,23,Female,Oyo,Secondary,Married,3,Crop,3.8,8,TRUE,TRUE,TRUE,35,FALSE,TRUE,68003.02,TRUE,4691205,Remittances,TRUE,6.397,7.264,52,Yes
F0670,35,Female,Benue,Secondary,Married,3,Crop,1.7,3,FALSE,TRUE,TRUE,53,TRUE,TRUE,0,FALSE,2499705,None,FALSE,8.4323,3.5407,30,No
F0671,19,Male,Benue,Primary,Single,0,Crop,5,7,TRUE,FALSE,TRUE,68,TRUE,TRUE,42391.71,TRUE,2883348,None,TRUE,6.7202,5.783,37,Yes
F0672,18,Female,Enugu,Tertiary,Single,0,Crop,2.9,3,TRUE,FALSE,TRUE,70,TRUE,TRUE,66372.9,TRUE,5563098,None,FALSE,7.103,3.2549,48,Yes
F0673,32,Male,Kaduna,Primary,Single,2,Livestock,4.3,2,FALSE,TRUE,TRUE,93,TRUE,TRUE,29801.13,TRUE,4539474,None,TRUE,6.9947,7.1065,42,Yes
F0674,24,Female,Kano,Secondary,Single,0,Livestock,2.8,4,TRUE,FALSE,TRUE,75,TRUE,TRUE,0,FALSE,3125250,Trading,TRUE,7.6148,6.042,41,Yes
F0675,31,Female,Kano,None,Married,3,Livestock,3.3,3,FALSE,TRUE,TRUE,78,TRUE,TRUE,77596.58,TRUE,6884010,None,FALSE,9.1881,6.8721,41,Yes
F0676,23,Female,Kano,None,Married,1,Crop,4.2,3,TRUE,FALSE,TRUE,91,TRUE,TRUE,66344,TRUE,4865535,None,TRUE,9.9678,6.7654,40,Yes
F0677,19,Female,Kano,Secondary,Single,0,Livestock,2.9,4,TRUE,FALSE,FALSE,26,FALSE,TRUE,71508.39,TRUE,3487806,None,FALSE,8.5169,7.9733,27,No
F0678,26,Female,Kaduna,Tertiary,Married,2,Crop,3.9,9,TRUE,TRUE,TRUE,67,TRUE,TRUE,0,FALSE,2705976,None,FALSE,6.6934,3.7274,42,Yes
F0679,23,Male,Kano,,Single,0,,2.3,4,FALSE,FALSE,TRUE,75,TRUE,FALSE,,FALSE,0,None,TRUE,9.2262,7.5182,28,No
F0680,24,Male,Kano,Secondary,Single,0,Crop,3.5,9,FALSE,FALSE,TRUE,29,FALSE,TRUE,99743.45,TRUE,4102659,None,FALSE,8.2056,4.5649,33,Yes
F0681,27,Female,Benue,Secondary,Single,0,Crop,1.2,8,TRUE,TRUE,TRUE,70,TRUE,TRUE,17698.75,TRUE,4777317,Trading,TRUE,9.4644,4.789,55,Yes
F0682,24,Male,Kano,,Married,3,,1.5,1,FALSE,TRUE,TRUE,82,TRUE,TRUE,,TRUE,0,Remittances,TRUE,6.6519,5.6711,48,Yes
F0683,35,Female,Kaduna,Secondary,Married,1,Mixed,2.3,7,TRUE,TRUE,TRUE,35,FALSE,TRUE,0,FALSE,2750967,Trading,TRUE,7.5196,7.7906,31,Yes
F0684,28,Female,Benue,None,Married,2,Crop,1.8,5,TRUE,FALSE,TRUE,83,TRUE,FALSE,0,FALSE,1417761,Trading,TRUE,8.9968,3.2576,27,No
F0685,34,Female,Benue,Primary,Married,3,Livestock,2.4,7,TRUE,FALSE,TRUE,48,FALSE,TRUE,51473.15,TRUE,4945959,None,TRUE,9.5048,5.6291,32,Yes
F0686,20,Male,Benue,Tertiary,Single,0,Crop,3,3,TRUE,TRUE,TRUE,100,TRUE,TRUE,70281.89,TRUE,3712887,Remittances,TRUE,7.3099,5.2203,59,Yes
F0687,25,Female,Enugu,Secondary,Married,0,Crop,1.9,8,TRUE,FALSE,FALSE,41,FALSE,TRUE,54376.81,TRUE,4533219,None,FALSE,8.6924,3.2044,33,Yes
F0688,25,Female,Enugu,Primary,Married,3,Livestock,3.4,4,FALSE,FALSE,FALSE,66,TRUE,TRUE,35344.34,TRUE,4335831,None,FALSE,9.8659,4.8579,25,No
F0689,30,Female,Benue,Secondary,Married,2,Mixed,1.9,2,TRUE,FALSE,TRUE,38,FALSE,FALSE,0,FALSE,3120948,None,FALSE,9.9261,7.0735,19,No
F0690,21,Male,Oyo,Primary,Married,3,Livestock,2.5,8,TRUE,FALSE,FALSE,92,TRUE,TRUE,97251.72,TRUE,3654351,Trading,FALSE,7.0771,7.9965,34,Yes
F0691,20,Male,Benue,Secondary,Married,3,Livestock,1.8,4,FALSE,FALSE,TRUE,78,TRUE,TRUE,0,FALSE,2851497,Trading,FALSE,6.2281,3.1949,25,No
F0692,27,Female,Benue,Tertiary,Married,2,Livestock,1.4,8,TRUE,TRUE,TRUE,41,FALSE,TRUE,30861.68,TRUE,3438180,None,FALSE,6.5308,6.6898,40,Yes
F0693,24,Female,Kano,,Married,2,,2,4,TRUE,FALSE,FALSE,59,FALSE,TRUE,,TRUE,0,None,FALSE,7.1564,6.4174,17,No
F0694,25,Male,Oyo,Secondary,Single,0,Crop,3.9,6,TRUE,FALSE,TRUE,62,TRUE,TRUE,24017.48,TRUE,4254984,None,TRUE,7.2797,5.3675,53,Yes
F0695,21,Female,Oyo,Primary,Single,0,Crop,2.1,5,TRUE,TRUE,TRUE,81,TRUE,TRUE,25547.99,TRUE,5203908,Trading,TRUE,9.188,6.992,45,Yes
F0696,32,Male,Kano,Secondary,Married,0,Livestock,3.7,7,FALSE,FALSE,TRUE,57,TRUE,TRUE,48247.51,TRUE,4948659,None,TRUE,7.1031,7.9032,39,Yes
F0697,28,Female,Benue,Primary,Married,3,Mixed,3.3,1,FALSE,TRUE,TRUE,57,FALSE,TRUE,99163.83,TRUE,5480352,Trading,TRUE,7.0313,3.1988,25,Yes
F0698,22,Female,Benue,Secondary,Single,0,Mixed,3.4,1,TRUE,TRUE,FALSE,25,FALSE,TRUE,88112,TRUE,3189420,Trading,FALSE,8.3907,4.0146,39,Yes
F0699,24,Female,Kaduna,Secondary,Married,1,Crop,4.6,6,TRUE,TRUE,FALSE,35,FALSE,TRUE,44258.15,TRUE,4070718,None,TRUE,6.171,5.0457,42,Yes
F0700,35,Female,Oyo,Secondary,Single,1,Crop,3.7,6,FALSE,TRUE,TRUE,28,FALSE,TRUE,51784.02,TRUE,5260536,None,FALSE,7.3148,3.6071,35,Yes
F0701,23,Female,Oyo,Secondary,Single,0,Mixed,2.3,9,TRUE,TRUE,TRUE,65,TRUE,TRUE,81766.79,TRUE,4674231,Trading,TRUE,6.9467,5.8763,51,Yes
F0702,34,Male,Kano,Primary,Married,1,Crop,3.1,5,FALSE,TRUE,TRUE,43,TRUE,TRUE,17219.6,TRUE,5005998,Trading,TRUE,9.9338,4.7917,34,Yes
F0703,19,Male,Kaduna,Secondary,Married,0,Mixed,2.2,2,TRUE,TRUE,TRUE,61,TRUE,TRUE,33023.78,TRUE,3594870,None,FALSE,7.2897,5.1304,45,Yes
F0704,28,Male,Enugu,Tertiary,Married,0,Livestock,2.8,3,TRUE,FALSE,TRUE,53,FALSE,TRUE,16505.76,TRUE,3177279,Trading,FALSE,6.4629,5.5547,31,Yes
F0705,31,Male,Benue,Secondary,Single,3,Crop,2.9,9,TRUE,TRUE,FALSE,45,FALSE,TRUE,0,FALSE,2605140,Trading,TRUE,6.7841,7.9787,27,No
F0706,35,Female,Kano,Tertiary,Married,2,Crop,2.6,9,TRUE,TRUE,TRUE,81,TRUE,TRUE,33511.08,TRUE,3859164,None,FALSE,8.7141,7.1332,50,Yes
F0707,24,Female,Oyo,Tertiary,Single,0,Crop,2.9,5,FALSE,FALSE,TRUE,39,TRUE,TRUE,24187.08,TRUE,2313216,None,TRUE,7.224,4.9618,38,Yes
F0708,28,Male,Enugu,Primary,Single,0,Livestock,3.4,4,FALSE,TRUE,FALSE,78,TRUE,TRUE,92078.58,TRUE,3907233,Trading,FALSE,6.4598,3.4235,29,No
F0709,19,Female,Oyo,Secondary,Married,2,Crop,4.8,9,TRUE,TRUE,TRUE,63,FALSE,FALSE,0,FALSE,1787814,Trading,FALSE,9.9299,6.7384,30,No
F0710,20,Female,Kaduna,Secondary,Single,0,Crop,1.5,9,FALSE,FALSE,TRUE,52,TRUE,FALSE,0,FALSE,3079512,Trading,FALSE,9.1391,5.6532,24,No
F0711,28,Female,Benue,Primary,Married,6,Crop,3.5,9,TRUE,FALSE,TRUE,36,FALSE,TRUE,63400.93,TRUE,3475098,Remittances,TRUE,9.6353,7.7508,27,Yes
F0712,29,Female,Enugu,Primary,Single,1,Mixed,2.4,2,TRUE,FALSE,TRUE,77,TRUE,FALSE,0,FALSE,2836647,None,FALSE,7.1181,3.8153,15,No
F0713,18,Male,Benue,Secondary,Married,3,Livestock,4.4,6,TRUE,FALSE,FALSE,24,FALSE,TRUE,0,FALSE,1372446,Remittances,FALSE,7.0731,3.6629,17,No
F0714,34,Male,Benue,Tertiary,Single,1,Crop,2,4,TRUE,FALSE,TRUE,70,TRUE,TRUE,86474.17,TRUE,5435928,None,TRUE,9.5822,5.1291,49,Yes
F0715,34,Female,Kaduna,Tertiary,Married,4,Crop,2.2,6,FALSE,FALSE,FALSE,56,FALSE,TRUE,29164.65,TRUE,4485717,None,FALSE,9.0887,6.1889,22,No
F0716,20,Male,Kano,Secondary,Married,1,Crop,4.6,8,TRUE,TRUE,TRUE,49,TRUE,TRUE,0,FALSE,3705453,None,TRUE,7.306,6.3648,32,Yes
F0717,23,Female,Kano,Primary,Single,0,Crop,1.3,2,FALSE,TRUE,TRUE,74,TRUE,TRUE,55297.23,TRUE,4682601,None,TRUE,9.9979,3.4977,39,Yes
F0718,28,Female,Kano,,Married,1,,4.2,1,FALSE,FALSE,TRUE,73,TRUE,TRUE,,FALSE,0,Remittances,FALSE,6.7797,6.549,27,No
F0719,28,Female,Oyo,Primary,Single,0,Crop,2.9,3,TRUE,FALSE,TRUE,57,TRUE,FALSE,0,FALSE,2760471,None,FALSE,7.6514,6.4827,23,No
F0720,31,Male,Kano,Secondary,Married,2,Livestock,3,4,FALSE,FALSE,TRUE,46,FALSE,TRUE,65318.11,TRUE,3732102,None,FALSE,6.4708,7.732,31,Yes
F0721,21,Male,Enugu,Secondary,Single,0,Mixed,2.2,8,TRUE,FALSE,TRUE,63,FALSE,TRUE,62914.8,TRUE,4763088,None,TRUE,6.3125,4.7867,47,Yes
F0722,22,Male,Kano,Secondary,Single,0,Livestock,3.5,8,FALSE,TRUE,TRUE,77,FALSE,FALSE,0,FALSE,3245094,None,TRUE,9.6218,5.6043,36,No
F0723,27,Male,Oyo,Tertiary,Married,1,Mixed,1.3,8,TRUE,FALSE,FALSE,49,FALSE,FALSE,0,FALSE,1140921,None,TRUE,8.4544,4.2428,23,No
F0724,18,Male,Benue,Primary,Single,0,Livestock,2.6,9,TRUE,FALSE,FALSE,61,FALSE,TRUE,16482.4,TRUE,5104134,None,TRUE,7.5375,3.6552,28,Yes
F0725,20,Male,Enugu,Tertiary,Married,4,Crop,3.8,5,TRUE,FALSE,TRUE,37,FALSE,TRUE,69873.66,TRUE,4497363,None,FALSE,8.1345,3.5273,36,Yes
F0726,20,Male,Oyo,Secondary,Married,3,Livestock,1.9,3,TRUE,TRUE,TRUE,61,TRUE,TRUE,0,FALSE,900000,None,TRUE,9.1131,4.4116,42,Yes
F0727,29,Male,Oyo,Secondary,Married,5,Crop,2.5,5,TRUE,FALSE,TRUE,46,TRUE,TRUE,35347.22,TRUE,4303620,None,TRUE,9.5092,7.1828,47,Yes
F0728,25,Male,Oyo,Primary,Married,2,Crop,1,9,FALSE,TRUE,FALSE,24,FALSE,TRUE,39998.6,TRUE,5023233,None,FALSE,6.2812,7.741,21,No
F0729,27,Male,Benue,Tertiary,Single,0,Livestock,3.6,4,TRUE,TRUE,TRUE,100,TRUE,FALSE,0,FALSE,2457918,Trading,TRUE,7.1129,5.0198,40,Yes
F0730,31,Female,Kano,Tertiary,Married,3,Mixed,3.7,8,TRUE,TRUE,TRUE,36,FALSE,FALSE,0,FALSE,2635758,Trading,FALSE,9.4183,3.4058,26,No
F0731,24,Male,Benue,Secondary,Single,0,Livestock,2.3,7,TRUE,TRUE,TRUE,57,FALSE,TRUE,90007.56,TRUE,3733695,Trading,TRUE,7.4717,6.0822,48,Yes
F0732,21,Male,Kaduna,Secondary,Single,0,Livestock,1.9,7,FALSE,FALSE,TRUE,24,FALSE,TRUE,10164.7,TRUE,4369185,None,FALSE,7.5527,5.8191,29,No
F0733,27,Male,Kano,Secondary,Single,0,Crop,3.4,6,TRUE,FALSE,TRUE,68,TRUE,TRUE,39135.18,TRUE,3235122,Remittances,TRUE,9.0421,7.6791,50,Yes
F0734,35,Male,Kano,Secondary,Single,3,Livestock,4.4,1,TRUE,TRUE,FALSE,62,TRUE,TRUE,42390.87,TRUE,3656646,None,TRUE,7.0616,3.8944,52,Yes
F0735,31,Female,Benue,Primary,Married,6,Crop,4.1,5,TRUE,FALSE,TRUE,51,FALSE,TRUE,47961.89,TRUE,3903993,None,FALSE,8.3056,6.5319,24,Yes
F0736,28,Female,Kano,Secondary,Married,1,Crop,2.8,2,TRUE,FALSE,FALSE,45,FALSE,TRUE,58242.25,TRUE,6729237,None,TRUE,6.2777,3.0371,37,Yes
F0737,29,Male,Enugu,Secondary,Married,2,Livestock,3,3,TRUE,TRUE,TRUE,57,FALSE,FALSE,0,FALSE,900000,None,TRUE,6.9566,7.4228,33,No
F0738,22,Female,Enugu,Secondary,Married,4,Crop,3.1,2,TRUE,FALSE,FALSE,42,FALSE,TRUE,69337.19,TRUE,5836032,Trading,TRUE,8.4184,6.445,38,Yes
F0739,19,Female,Benue,Secondary,Single,0,Crop,2.5,6,TRUE,TRUE,TRUE,79,TRUE,FALSE,0,FALSE,1660365,Trading,FALSE,9.4158,7.1511,40,No
F0740,34,Male,Benue,None,Single,2,Livestock,4.8,1,TRUE,TRUE,TRUE,51,FALSE,FALSE,0,FALSE,1483515,None,FALSE,9.5202,4.2729,17,No
F0741,28,Male,Benue,Secondary,Married,2,Crop,5,9,FALSE,FALSE,TRUE,38,FALSE,TRUE,97917.53,TRUE,5045067,Remittances,FALSE,7.9841,4.2304,32,Yes
F0742,18,Male,Benue,Secondary,Single,0,Livestock,3.8,5,FALSE,TRUE,FALSE,92,TRUE,TRUE,12035.94,TRUE,3733569,None,FALSE,9.1516,3.1714,37,Yes
F0743,31,Female,Kaduna,None,Single,2,Livestock,2.5,4,TRUE,TRUE,FALSE,100,TRUE,TRUE,49726.4,TRUE,4057479,None,FALSE,6.5479,5.8077,39,Yes
F0744,26,Female,Enugu,None,Married,3,Livestock,3,4,FALSE,TRUE,TRUE,95,TRUE,TRUE,46179.65,TRUE,4700925,None,FALSE,6.6295,6.8179,35,Yes
F0745,33,Male,Oyo,Secondary,Married,2,Mixed,2.6,4,FALSE,TRUE,TRUE,33,FALSE,TRUE,93092.8,TRUE,4899231,Trading,TRUE,6.6091,4.2615,39,Yes
F0746,19,Female,Kaduna,Primary,Single,0,Crop,3.3,4,FALSE,TRUE,TRUE,53,FALSE,TRUE,54873.82,TRUE,4335822,Trading,FALSE,8.7747,4.9471,27,No
F0747,30,Female,Benue,Secondary,Married,2,Mixed,1.2,6,TRUE,TRUE,FALSE,72,TRUE,TRUE,15706.18,TRUE,4441671,None,TRUE,8.7825,6.1015,51,Yes
F0748,31,Male,Enugu,Secondary,Married,4,Crop,1.7,9,TRUE,TRUE,TRUE,78,TRUE,TRUE,26630.93,TRUE,5041746,None,FALSE,8.3577,5.6134,49,Yes
F0749,18,Female,Kaduna,Tertiary,Single,0,Crop,2.6,7,TRUE,FALSE,TRUE,68,TRUE,TRUE,70056.3,TRUE,5631768,Remittances,FALSE,8.3284,7.2378,51,Yes
F0750,21,Female,Benue,Secondary,Single,0,Livestock,2.5,4,TRUE,FALSE,TRUE,79,TRUE,TRUE,23938.89,TRUE,5301027,None,FALSE,6.3388,6.0017,45,Yes
F0751,30,Female,Kano,Tertiary,Married,2,Mixed,2.2,6,TRUE,TRUE,FALSE,49,TRUE,TRUE,52081.33,TRUE,6133608,Trading,TRUE,9.8305,4.0473,42,Yes
F0752,27,Female,Benue,None,Single,0,Mixed,1.1,4,TRUE,FALSE,TRUE,55,FALSE,FALSE,0,FALSE,2252916,None,FALSE,8.3955,6.8184,13,No
F0753,34,Male,Kano,Tertiary,Single,1,Crop,4,8,TRUE,TRUE,TRUE,71,TRUE,TRUE,13769.74,TRUE,3841866,None,TRUE,9.4635,4.7606,47,Yes
F0754,20,Male,Kano,Secondary,Single,0,Crop,3.5,4,FALSE,TRUE,TRUE,42,TRUE,TRUE,10766.93,TRUE,6894000,None,FALSE,7.1897,7.5284,39,Yes
F0755,32,Male,Benue,Secondary,Married,1,Crop,3.4,9,FALSE,FALSE,TRUE,59,TRUE,FALSE,0,FALSE,3647898,Trading,FALSE,7.4974,3.6743,24,No
F0756,35,Female,Kaduna,Secondary,Single,1,Mixed,2.8,4,TRUE,TRUE,TRUE,13,TRUE,FALSE,0,FALSE,1124082,Trading,TRUE,7.207,5.3392,43,Yes
F0757,22,Female,Kaduna,Primary,Single,0,Crop,2.3,5,TRUE,FALSE,TRUE,68,TRUE,FALSE,0,FALSE,2338272,Trading,TRUE,9.9883,7.771,31,Yes
F0758,32,Female,Kaduna,Tertiary,Married,4,Crop,3.7,2,FALSE,TRUE,TRUE,42,TRUE,TRUE,0,FALSE,2412288,None,FALSE,7.3427,6.8027,28,No
F0759,26,Male,Kaduna,,Married,1,,3.3,7,TRUE,TRUE,FALSE,72,TRUE,TRUE,,TRUE,0,None,TRUE,8.7583,5.1211,51,Yes
F0760,21,Male,Oyo,Primary,Married,2,Crop,4.3,4,TRUE,TRUE,TRUE,42,FALSE,TRUE,72299.45,TRUE,3947283,Trading,FALSE,8.1965,7.7325,32,Yes
F0761,28,Male,Kano,Tertiary,Married,4,Crop,3,8,TRUE,TRUE,FALSE,55,TRUE,TRUE,44642.24,TRUE,3583125,None,TRUE,8.5922,3.0606,46,Yes
F0762,25,Male,Kaduna,Primary,Married,0,Livestock,3.5,2,FALSE,FALSE,FALSE,81,TRUE,TRUE,24206.13,TRUE,3383811,None,FALSE,9.8386,5.8219,17,No
F0763,27,Male,Benue,Secondary,Single,0,Livestock,3.5,8,TRUE,FALSE,TRUE,51,FALSE,TRUE,45736.14,TRUE,5634153,None,TRUE,6.3532,7.8529,41,Yes
F0764,29,Male,Oyo,Primary,Single,2,Livestock,2,6,TRUE,TRUE,FALSE,44,FALSE,FALSE,0,FALSE,3037068,Trading,TRUE,6.265,4.5749,21,No
F0765,30,Female,Kano,Primary,Single,0,Crop,4.3,5,FALSE,TRUE,TRUE,66,FALSE,TRUE,83064.73,TRUE,6562017,None,FALSE,6.2818,7.5086,40,Yes
F0766,26,Female,Kaduna,Primary,Single,0,Crop,2.9,6,FALSE,FALSE,TRUE,41,FALSE,TRUE,97565.93,TRUE,4859406,None,TRUE,9.5754,7.489,25,Yes
F0767,32,Female,Enugu,Tertiary,Single,0,Livestock,1.8,6,TRUE,FALSE,FALSE,53,TRUE,TRUE,10086.85,TRUE,5058990,Remittances,TRUE,7.3584,3.7253,43,Yes
F0768,19,Male,Benue,Tertiary,Single,0,Livestock,2.7,4,FALSE,TRUE,TRUE,69,TRUE,FALSE,0,FALSE,1422495,Remittances,FALSE,6.0484,6.5216,33,No
F0769,23,Female,Kano,Primary,Single,0,Crop,3.6,9,TRUE,FALSE,TRUE,44,FALSE,TRUE,0,FALSE,2609712,None,FALSE,7.3186,3.3626,10,No
F0770,35,Female,Kano,Tertiary,Married,2,Crop,1.5,1,TRUE,FALSE,TRUE,83,TRUE,FALSE,0,FALSE,3328470,Trading,TRUE,8.043,7.4882,45,Yes
F0771,22,Male,Kaduna,Tertiary,Single,0,Crop,1.1,9,TRUE,TRUE,TRUE,54,TRUE,TRUE,65601.28,TRUE,3167280,None,TRUE,9.1939,6.5792,50,Yes
F0772,28,Male,Oyo,,Married,7,,3.6,4,TRUE,FALSE,TRUE,55,TRUE,TRUE,,TRUE,0,None,FALSE,6.7412,3.196,27,Yes
F0773,24,Male,Benue,Secondary,Single,0,Livestock,1.9,4,FALSE,TRUE,TRUE,39,FALSE,TRUE,30405.83,TRUE,4496985,None,FALSE,6.8658,4.9126,33,Yes
F0774,19,Female,Kaduna,Secondary,Single,0,Mixed,3.3,5,TRUE,TRUE,FALSE,34,TRUE,TRUE,37145.87,TRUE,4413006,Trading,FALSE,9.5425,6.5098,40,Yes
F0775,30,Female,Kano,Tertiary,Single,1,Mixed,2.2,8,FALSE,FALSE,TRUE,73,FALSE,TRUE,92961.93,TRUE,3692070,None,TRUE,8.2549,3.2836,45,Yes
F0776,26,Male,Kaduna,Secondary,Married,2,Livestock,1.7,8,TRUE,FALSE,TRUE,51,TRUE,TRUE,82895.05,TRUE,2340531,Trading,TRUE,8.7303,7.9209,46,Yes
F0777,31,Male,Kaduna,Tertiary,Married,1,Livestock,2.8,3,TRUE,FALSE,FALSE,53,TRUE,TRUE,83785.99,TRUE,4441491,None,FALSE,6.9691,3.8643,37,Yes
F0778,30,Male,Enugu,Tertiary,Married,2,Crop,1.7,4,FALSE,TRUE,TRUE,62,FALSE,FALSE,0,FALSE,2149596,None,TRUE,9.964,3.863,35,No
F0779,24,Male,Benue,Primary,Married,4,Livestock,3.3,4,TRUE,TRUE,TRUE,75,TRUE,FALSE,0,FALSE,3555072,None,TRUE,6.2037,5.388,38,Yes
F0780,26,Female,Benue,Tertiary,Single,0,Mixed,1.1,3,TRUE,TRUE,TRUE,75,TRUE,TRUE,82616.55,TRUE,5114187,None,TRUE,7.6574,5.1686,56,Yes
F0781,21,Male,Enugu,Tertiary,Married,2,Mixed,4.3,7,FALSE,FALSE,TRUE,6,FALSE,FALSE,0,FALSE,2300562,Trading,FALSE,6.8215,5.4978,17,No
F0782,32,Male,Kaduna,Tertiary,Married,3,Livestock,4.8,8,TRUE,TRUE,TRUE,29,FALSE,TRUE,55096.33,TRUE,6629112,Trading,FALSE,6.0893,3.2702,38,Yes
F0783,31,Male,Benue,Secondary,Married,2,Livestock,4.5,4,FALSE,FALSE,TRUE,67,TRUE,TRUE,33039.61,TRUE,5385870,None,FALSE,7.6262,3.3135,37,Yes
F0784,27,Female,Kaduna,Tertiary,Married,2,Livestock,5,9,TRUE,TRUE,TRUE,46,TRUE,TRUE,47510.83,TRUE,3634875,Trading,TRUE,9.661,5.3145,45,Yes
F0785,20,Male,Kano,,Married,1,,4.4,2,TRUE,TRUE,TRUE,77,TRUE,TRUE,,FALSE,0,None,FALSE,9.3524,7.1643,32,No
F0786,25,Female,Kaduna,Primary,Single,0,Mixed,3.8,5,FALSE,FALSE,TRUE,72,TRUE,TRUE,94037.29,TRUE,5161464,None,FALSE,7.301,6.664,35,Yes
F0787,32,Male,Kano,Primary,Married,3,Livestock,2.6,4,FALSE,TRUE,TRUE,48,FALSE,TRUE,39296.62,TRUE,4910256,None,FALSE,9.2199,4.5538,24,No
F0788,22,Female,Oyo,Primary,Single,0,Mixed,1.4,9,TRUE,FALSE,TRUE,68,TRUE,TRUE,33101.9,TRUE,6206013,None,FALSE,7.4462,4.1013,35,Yes
F0789,27,Female,Kaduna,Tertiary,Single,0,Crop,2.5,2,TRUE,FALSE,FALSE,45,FALSE,TRUE,98347.46,TRUE,5574294,None,TRUE,9.9256,7.3076,36,Yes
F0790,22,Female,Benue,None,Married,2,Crop,3.3,2,FALSE,FALSE,FALSE,94,TRUE,TRUE,76433.17,TRUE,5122638,Trading,TRUE,9.6991,3.8977,30,Yes
F0791,21,Male,Enugu,Primary,Single,0,Livestock,2.5,3,TRUE,TRUE,TRUE,74,TRUE,TRUE,0,FALSE,1778679,None,TRUE,9.7615,6.2295,34,Yes
F0792,32,Female,Oyo,Primary,Married,4,Livestock,4.2,5,FALSE,TRUE,FALSE,77,TRUE,FALSE,0,FALSE,4189428,None,FALSE,9.9535,5.9386,21,No
F0793,25,Female,Kaduna,Tertiary,Single,0,Crop,2.5,5,FALSE,FALSE,FALSE,24,FALSE,FALSE,0,FALSE,1959507,None,TRUE,9.4079,4.9054,19,No
F0794,24,Male,Kano,Secondary,Married,3,Mixed,1.7,6,FALSE,TRUE,FALSE,87,TRUE,TRUE,64865.83,TRUE,5920506,None,TRUE,8.2923,3.4531,47,Yes
F0795,22,Male,Benue,Primary,Married,1,Mixed,3.5,8,FALSE,FALSE,TRUE,75,TRUE,TRUE,90592.8,TRUE,4509630,Trading,FALSE,9.905,6.8616,30,Yes
F0796,19,Female,Benue,Tertiary,Married,1,Crop,3.1,5,FALSE,TRUE,FALSE,44,FALSE,TRUE,0,FALSE,3376854,None,TRUE,9.5864,7.5612,24,No
F0797,20,Male,Enugu,Primary,Single,0,Mixed,4.4,3,TRUE,FALSE,TRUE,34,FALSE,TRUE,0,FALSE,1648818,None,TRUE,6.6332,7.4024,16,No
F0798,22,Male,Kano,Primary,Single,0,Mixed,1.1,4,TRUE,TRUE,TRUE,65,TRUE,FALSE,0,FALSE,900000,Trading,TRUE,9.0338,3.4353,30,Yes
F0799,28,Female,Enugu,Tertiary,Married,2,Mixed,4.8,9,TRUE,FALSE,TRUE,65,TRUE,TRUE,0,FALSE,1373211,None,TRUE,9.5637,3.407,35,Yes
F0800,18,Male,Enugu,Secondary,Single,0,Crop,1.9,4,TRUE,FALSE,TRUE,78,TRUE,TRUE,0,FALSE,2759643,Trading,TRUE,7.5155,3.9971,38,Yes
F0801,21,Female,Kano,Tertiary,Married,1,Crop,2.9,8,FALSE,FALSE,TRUE,52,FALSE,TRUE,86115.27,TRUE,4286862,None,FALSE,6.8271,4.4306,32,Yes
F0802,30,Female,Kano,Secondary,Single,1,Livestock,4.9,9,FALSE,FALSE,TRUE,35,TRUE,TRUE,14091.33,TRUE,4974597,Trading,FALSE,7.8899,7.848,30,Yes
F0803,22,Male,Kaduna,Primary,Married,0,Mixed,2.2,6,FALSE,TRUE,TRUE,98,TRUE,TRUE,99267.11,TRUE,3792951,None,TRUE,8.51,3.9001,35,Yes
F0804,28,Female,Kaduna,Primary,Married,2,Livestock,2.4,7,TRUE,TRUE,TRUE,72,TRUE,FALSE,0,FALSE,900000,None,TRUE,7.4269,7.9279,30,Yes
F0805,23,Male,Kano,None,Single,0,Crop,1.9,1,FALSE,FALSE,TRUE,72,FALSE,TRUE,58509.28,TRUE,3294000,Trading,TRUE,8.6768,3.6081,29,Yes
F0806,19,Female,Kano,Primary,Married,6,Crop,3.4,2,TRUE,FALSE,FALSE,38,FALSE,FALSE,0,FALSE,2287170,None,TRUE,6.8799,3.0562,10,No
F0807,29,Female,Benue,None,Single,1,Crop,3.6,7,TRUE,TRUE,FALSE,48,TRUE,TRUE,33445.58,TRUE,4679442,None,FALSE,9.5041,3.2574,28,Yes
F0808,26,Female,Kano,Primary,Married,0,Mixed,2.9,8,FALSE,TRUE,TRUE,48,FALSE,TRUE,33407.66,TRUE,4015755,Remittances,TRUE,6.4442,4.4479,29,Yes
F0809,24,Female,Enugu,Secondary,Single,0,Livestock,1.5,1,TRUE,FALSE,TRUE,77,TRUE,TRUE,52159.18,TRUE,5240241,None,TRUE,6.3258,6.4106,51,Yes
F0810,29,Male,Oyo,Secondary,Single,0,Crop,2.2,9,FALSE,FALSE,TRUE,100,TRUE,TRUE,0,FALSE,3323232,None,FALSE,8.3771,4.7885,27,No
F0811,24,Female,Oyo,Tertiary,Married,1,Livestock,3.6,2,TRUE,TRUE,TRUE,71,TRUE,TRUE,0,FALSE,2269701,None,TRUE,9.2714,3.2738,46,Yes
F0812,22,Female,Kano,Secondary,Single,0,Mixed,1.4,1,FALSE,FALSE,TRUE,46,FALSE,TRUE,26156.32,TRUE,4652325,Remittances,TRUE,6.6762,4.8118,35,Yes
F0813,22,Male,Kano,Tertiary,Married,0,Crop,2.1,4,TRUE,TRUE,TRUE,78,TRUE,TRUE,93205.22,TRUE,6676551,None,TRUE,7.672,6.3441,57,Yes
F0814,22,Male,Enugu,Secondary,Single,0,Livestock,4.8,2,FALSE,FALSE,FALSE,29,FALSE,TRUE,50913.65,TRUE,4893300,Trading,FALSE,8.7333,4.2137,27,No
F0815,20,Female,Benue,Tertiary,Married,2,Mixed,4.7,7,TRUE,TRUE,TRUE,46,FALSE,TRUE,77330.76,TRUE,3928266,None,TRUE,8.3281,7.7333,42,Yes
F0816,29,Female,Enugu,Tertiary,Single,0,Crop,2.9,3,FALSE,TRUE,TRUE,75,TRUE,FALSE,0,FALSE,1812582,Trading,FALSE,7.8104,5.5003,32,No
F0817,35,Female,Enugu,Secondary,Single,1,Crop,3.1,8,FALSE,TRUE,TRUE,73,TRUE,TRUE,82225.18,TRUE,6221547,None,TRUE,8.081,5.644,49,Yes
F0818,34,Female,Kaduna,Secondary,Married,0,Livestock,3.1,1,TRUE,TRUE,TRUE,90,TRUE,TRUE,0,FALSE,3021021,Trading,TRUE,8.9105,3.7187,42,Yes
F0819,24,Female,Enugu,Tertiary,Married,2,Crop,2.8,1,TRUE,FALSE,TRUE,40,FALSE,TRUE,42987.42,TRUE,4332888,None,TRUE,9.6814,5.2831,35,Yes
F0820,24,Female,Kaduna,Secondary,Single,0,Livestock,1.2,3,TRUE,FALSE,TRUE,42,FALSE,TRUE,96074.36,TRUE,4927743,None,TRUE,6.4175,4.7524,39,Yes
F0821,27,Male,Kano,Tertiary,Married,2,Mixed,4.2,4,TRUE,FALSE,TRUE,51,TRUE,TRUE,74963.78,TRUE,3994992,None,TRUE,6.2521,5.6111,40,Yes
F0822,33,Female,Enugu,Secondary,Single,0,Mixed,4.7,2,TRUE,FALSE,FALSE,64,TRUE,TRUE,85345.8,TRUE,5170824,None,FALSE,9.1124,6.8398,40,Yes
F0823,20,Female,Oyo,Tertiary,Single,0,Crop,1.7,7,TRUE,FALSE,TRUE,63,TRUE,TRUE,47600.53,TRUE,2855520,None,TRUE,8.3595,6.5197,45,Yes
F0824,18,Female,Kano,None,Married,3,Crop,2.1,5,TRUE,TRUE,TRUE,88,TRUE,TRUE,45617.85,TRUE,5602122,None,TRUE,8.0877,4.0095,43,Yes
F0825,27,Female,Kano,Secondary,Single,0,Mixed,2.3,4,FALSE,TRUE,TRUE,61,TRUE,TRUE,76758.35,TRUE,5055858,Trading,TRUE,7.6294,5.1658,54,Yes
F0826,32,Female,Enugu,Tertiary,Married,0,Crop,1.9,7,TRUE,FALSE,TRUE,57,TRUE,TRUE,15874.69,TRUE,3908358,None,TRUE,9.3434,6.2893,44,Yes
F0827,23,Female,Kaduna,Primary,Married,3,Mixed,1.2,7,FALSE,FALSE,TRUE,55,TRUE,TRUE,76796.11,TRUE,2721402,None,FALSE,7.4034,6.8445,22,Yes
F0828,31,Male,Kano,Tertiary,Single,1,Crop,3.5,4,TRUE,FALSE,TRUE,62,TRUE,TRUE,81634.23,TRUE,3630078,None,FALSE,8.2147,4.6788,45,Yes
F0829,22,Female,Kaduna,Secondary,Single,0,Livestock,1.4,7,FALSE,TRUE,TRUE,52,FALSE,TRUE,78640.1,TRUE,3593295,Trading,FALSE,6.6449,3.0761,28,No
F0830,35,Male,Kano,Secondary,Single,0,Livestock,3.5,9,TRUE,TRUE,TRUE,41,FALSE,TRUE,99742.17,TRUE,5676741,Trading,FALSE,7.8081,4.5598,42,Yes
F0831,21,Male,Kaduna,Tertiary,Single,0,Crop,1.5,3,TRUE,FALSE,TRUE,62,FALSE,TRUE,26053.63,TRUE,4237335,Remittances,TRUE,7.3171,4.8458,48,Yes
F0832,33,Male,Kano,None,Single,1,Livestock,1.9,5,FALSE,TRUE,TRUE,58,TRUE,TRUE,49313.6,TRUE,5630373,Trading,TRUE,7.3249,3.3525,39,Yes
F0833,28,Male,Oyo,Secondary,Married,3,Crop,2.7,1,TRUE,TRUE,TRUE,50,TRUE,TRUE,49279.1,TRUE,5749695,Trading,TRUE,7.5578,6.2328,49,Yes
F0834,26,Male,Enugu,Primary,Married,0,Mixed,4.6,1,FALSE,TRUE,TRUE,69,TRUE,TRUE,50565.21,TRUE,4258179,None,FALSE,7.846,7.7982,34,Yes
F0835,18,Male,Enugu,Secondary,Married,3,Mixed,3,8,FALSE,FALSE,FALSE,60,TRUE,TRUE,27778.95,TRUE,2738700,None,FALSE,6.0573,7.8034,28,No
F0836,18,Female,Kaduna,Tertiary,Single,0,Livestock,3,3,TRUE,TRUE,FALSE,72,TRUE,FALSE,0,FALSE,1119438,None,TRUE,6.8137,4.431,33,No
F0837,23,Male,Benue,Primary,Single,0,Mixed,1.6,3,FALSE,FALSE,TRUE,41,FALSE,TRUE,0,FALSE,2284533,None,TRUE,9.9642,5.8706,18,No
F0838,27,Female,Enugu,Secondary,Married,2,Livestock,1.1,8,FALSE,FALSE,TRUE,47,FALSE,TRUE,97266.34,TRUE,4909329,None,FALSE,8.8104,6.0684,33,Yes
F0839,20,Female,Enugu,Primary,Single,0,Crop,2.5,3,TRUE,TRUE,TRUE,55,TRUE,TRUE,18133.62,TRUE,3328677,None,TRUE,8.2499,3.745,40,Yes
F0840,32,Male,Kano,,Single,2,,4.8,9,FALSE,FALSE,TRUE,46,TRUE,TRUE,,TRUE,0,Trading,FALSE,6.246,5.3522,27,No
F0841,24,Male,Benue,Secondary,Single,0,Livestock,2.2,2,FALSE,FALSE,TRUE,35,FALSE,TRUE,0,FALSE,1671480,Remittances,FALSE,7.3013,5.1085,19,No
F0842,26,Male,Benue,Primary,Single,0,Mixed,4,8,TRUE,TRUE,TRUE,65,FALSE,TRUE,65965.56,TRUE,3140172,None,TRUE,9.0285,4.153,35,Yes
F0843,18,Male,Benue,Secondary,Single,0,Livestock,4.4,2,FALSE,FALSE,TRUE,51,FALSE,TRUE,73042.83,TRUE,4171005,Remittances,TRUE,9.4805,4.0931,33,Yes
F0844,32,Female,Kaduna,Secondary,Single,0,Livestock,4.3,3,TRUE,FALSE,TRUE,75,FALSE,FALSE,0,FALSE,1643292,None,FALSE,8.9078,3.0594,27,No
F0845,22,Male,Benue,Secondary,Single,0,Crop,2.3,3,FALSE,FALSE,TRUE,63,FALSE,TRUE,31118.67,TRUE,5938776,Trading,TRUE,7.7619,4.3718,44,Yes
F0846,32,Female,Enugu,Secondary,Married,0,Crop,2.7,8,TRUE,FALSE,FALSE,70,TRUE,TRUE,75323.85,TRUE,3893382,Trading,FALSE,9.9869,4.39,41,Yes
F0847,19,Female,Oyo,Tertiary,Married,3,Livestock,3.7,1,TRUE,FALSE,TRUE,66,FALSE,FALSE,0,FALSE,1051083,Trading,TRUE,7.4262,7.7028,32,No
F0848,22,Female,Kaduna,Primary,Single,0,Crop,1.2,3,FALSE,TRUE,TRUE,99,TRUE,TRUE,15511.79,TRUE,4565772,Trading,FALSE,6.063,7.8382,37,Yes
F0849,30,Female,Kano,Primary,Married,1,Crop,1.2,2,TRUE,FALSE,TRUE,49,TRUE,TRUE,17137.22,TRUE,5733693,None,TRUE,6.4656,5.2845,34,Yes
F0850,35,Female,Oyo,Tertiary,Married,5,Livestock,1,3,FALSE,TRUE,TRUE,58,FALSE,TRUE,62191.53,TRUE,4905234,Trading,TRUE,8.6683,4.7696,35,Yes
F0851,25,Male,Kano,Primary,Married,1,Crop,2.9,1,FALSE,TRUE,TRUE,63,FALSE,TRUE,0,FALSE,1517337,Trading,TRUE,9.7197,4.982,16,No
F0852,35,Female,Benue,Tertiary,Married,3,Crop,4.2,7,FALSE,FALSE,TRUE,36,FALSE,TRUE,81659.24,TRUE,5704425,None,FALSE,6.8615,5.562,29,No
F0853,21,Male,Kano,Secondary,Single,0,Crop,3.2,8,TRUE,FALSE,FALSE,60,FALSE,TRUE,97234.32,TRUE,6086511,Trading,TRUE,7.3492,3.3427,37,Yes
F0854,34,Male,Benue,Secondary,Married,4,Crop,3.1,2,TRUE,FALSE,TRUE,98,TRUE,TRUE,70863.66,TRUE,4606974,None,TRUE,8.5004,7.809,50,Yes
F0855,26,Male,Enugu,Secondary,Married,2,Crop,2.1,4,TRUE,TRUE,TRUE,38,FALSE,TRUE,49034.77,TRUE,4435902,None,FALSE,6.8119,4.0097,42,Yes
F0856,25,Female,Benue,Secondary,Married,0,Crop,1.4,4,FALSE,FALSE,TRUE,74,TRUE,TRUE,0,FALSE,1318869,Trading,FALSE,6.6585,5.7151,26,No
F0857,25,Male,Kano,Primary,Married,0,Crop,3,3,TRUE,TRUE,TRUE,37,FALSE,TRUE,36588.07,TRUE,5283612,None,FALSE,9.9688,3.4959,32,Yes
F0858,33,Male,Kano,Secondary,Married,1,Livestock,1.2,5,TRUE,TRUE,TRUE,44,TRUE,TRUE,54350.46,TRUE,5293359,None,TRUE,9.2056,5.6991,51,Yes
F0859,18,Male,Enugu,None,Single,0,Livestock,1.9,8,TRUE,TRUE,TRUE,47,TRUE,TRUE,26759.94,TRUE,5486706,None,TRUE,8.6062,7.9424,39,Yes
F0860,25,Female,Benue,Secondary,Married,1,Livestock,3.9,7,TRUE,TRUE,TRUE,62,FALSE,TRUE,63986.38,TRUE,4713606,Remittances,TRUE,6.6097,7.3472,50,Yes
F0861,30,Female,Kano,Primary,Married,2,Livestock,2,3,TRUE,TRUE,TRUE,76,TRUE,TRUE,20194.22,TRUE,4817790,Trading,FALSE,9.877,4.1796,42,Yes
F0862,21,Female,Oyo,Tertiary,Single,0,Mixed,2.4,9,FALSE,FALSE,TRUE,19,FALSE,TRUE,75122.04,TRUE,3615822,Trading,FALSE,6.2725,4.5104,27,No
F0863,25,Male,Kano,Primary,Married,1,Mixed,3.5,3,TRUE,FALSE,TRUE,17,FALSE,TRUE,46720.92,TRUE,6390828,None,FALSE,7.2061,6.1866,27,Yes
F0864,35,Female,Kano,Primary,Single,0,Mixed,2,9,TRUE,TRUE,TRUE,35,FALSE,FALSE,0,FALSE,1238877,Trading,TRUE,6.3379,7.1018,19,No
F0865,29,Male,Benue,None,Married,2,Livestock,4.9,5,FALSE,TRUE,TRUE,60,FALSE,TRUE,59278.99,TRUE,4007295,Trading,TRUE,6.5316,4.9154,31,Yes
F0866,19,Female,Kano,Tertiary,Married,6,Crop,4,4,TRUE,FALSE,FALSE,55,TRUE,TRUE,78001.36,TRUE,4700214,None,FALSE,6.7368,4.4064,40,Yes
F0867,30,Male,Enugu,None,Single,1,Crop,3.2,1,TRUE,TRUE,TRUE,47,FALSE,TRUE,49028.13,TRUE,5109201,None,FALSE,8.931,3.6254,30,Yes
F0868,25,Male,Kaduna,Primary,Married,3,Livestock,3.3,2,TRUE,TRUE,TRUE,77,TRUE,TRUE,16766.25,TRUE,5370678,Trading,FALSE,8.2971,3.4485,43,Yes
F0869,18,Female,Enugu,Tertiary,Single,0,Crop,2.2,3,TRUE,FALSE,TRUE,51,TRUE,TRUE,29529.8,TRUE,6050367,None,FALSE,8.1907,4.6721,33,Yes
F0870,25,Male,Oyo,Secondary,Single,0,Mixed,2.4,6,TRUE,FALSE,TRUE,54,TRUE,TRUE,75308.99,TRUE,4567212,None,FALSE,9.0429,6.0365,44,Yes
F0871,19,Female,Benue,Tertiary,Single,0,Livestock,3.9,9,FALSE,TRUE,TRUE,73,TRUE,TRUE,49006.79,TRUE,4286934,Trading,TRUE,7.8399,6.349,48,Yes
F0872,30,Female,Benue,Primary,Married,0,Livestock,2.8,6,FALSE,FALSE,FALSE,90,TRUE,FALSE,0,FALSE,1259910,None,FALSE,7.9167,5.6818,6,No
F0873,22,Female,Benue,Primary,Married,2,Crop,3.6,5,FALSE,TRUE,TRUE,71,TRUE,TRUE,75347.79,TRUE,6024987,Trading,FALSE,6.8213,6.5265,36,Yes
F0874,34,Male,Kano,None,Single,1,Crop,1.2,6,TRUE,TRUE,TRUE,82,TRUE,TRUE,86632.39,TRUE,6001479,None,TRUE,7.3611,3.8855,46,Yes
F0875,20,Female,Benue,Tertiary,Single,0,Crop,1.6,8,FALSE,FALSE,FALSE,51,FALSE,TRUE,0,FALSE,2402253,Trading,FALSE,7.7432,6.5514,14,No
F0876,32,Male,Kaduna,Secondary,Single,1,Crop,1.3,2,TRUE,TRUE,TRUE,70,TRUE,TRUE,92628.53,TRUE,4454640,None,FALSE,6.9292,5.6504,48,Yes
F0877,31,Male,Enugu,None,Single,1,Livestock,1,9,TRUE,TRUE,TRUE,60,TRUE,TRUE,32260.43,TRUE,5632974,Trading,TRUE,9.9767,4.6355,42,Yes
F0878,32,Female,Benue,Tertiary,Single,1,Livestock,1.7,2,TRUE,TRUE,TRUE,56,TRUE,TRUE,82348.87,TRUE,4580334,None,TRUE,8.8851,5.1668,52,Yes
F0879,31,Male,Kano,Secondary,Single,1,Mixed,4.4,9,FALSE,TRUE,FALSE,62,FALSE,TRUE,50069.09,TRUE,5118462,None,FALSE,7.0078,3.1113,37,No
F0880,28,Male,Oyo,Primary,Married,4,Crop,3.2,3,TRUE,TRUE,TRUE,44,FALSE,TRUE,81776.89,TRUE,3608874,None,TRUE,6.7512,6.7304,37,Yes
F0881,29,Male,Enugu,Primary,Married,1,Livestock,3.6,9,TRUE,FALSE,TRUE,80,FALSE,TRUE,61382.99,TRUE,4819896,Trading,FALSE,7.9433,6.1984,30,Yes
F0882,20,Female,Oyo,None,Single,0,Crop,4.5,1,FALSE,FALSE,TRUE,61,TRUE,TRUE,53312.62,TRUE,4057308,Trading,TRUE,8.9554,5.7404,35,Yes
F0883,27,Male,Benue,None,Married,2,Crop,1.8,3,FALSE,FALSE,TRUE,32,FALSE,TRUE,60197.9,TRUE,7227288,Trading,TRUE,6.3981,7.0847,26,Yes
F0884,35,Male,Kano,Secondary,Married,1,Livestock,4.6,9,FALSE,TRUE,TRUE,28,TRUE,TRUE,30988.44,TRUE,4839192,None,FALSE,7.4591,5.8035,35,Yes
F0885,20,Male,Enugu,None,Single,0,Livestock,1.1,1,TRUE,TRUE,TRUE,58,TRUE,FALSE,0,FALSE,900000,None,TRUE,9.0671,5.9246,27,No
F0886,25,Male,Enugu,None,Single,0,Mixed,4.1,4,TRUE,TRUE,TRUE,41,TRUE,FALSE,0,FALSE,2181555,Trading,TRUE,7.9521,5.3913,30,Yes
F0887,24,Male,Kaduna,Tertiary,Single,0,Crop,3.2,1,TRUE,TRUE,TRUE,66,FALSE,TRUE,85651.44,TRUE,4031253,Trading,TRUE,7.2731,6.5124,53,Yes
F0888,28,Female,Kano,Secondary,Married,2,Mixed,2.9,1,FALSE,FALSE,FALSE,42,FALSE,TRUE,97716.08,TRUE,5429223,Trading,FALSE,8.3087,5.5913,30,No
F0889,25,Female,Kano,Primary,Married,1,Livestock,4.2,4,TRUE,TRUE,TRUE,40,FALSE,TRUE,15871.64,TRUE,3693177,Trading,TRUE,9.5375,4.2609,38,Yes
F0890,31,Female,Kano,Secondary,Married,0,Crop,2.8,6,FALSE,TRUE,TRUE,11,FALSE,TRUE,97390.67,TRUE,4900518,Trading,FALSE,8.8334,7.5198,37,Yes
F0891,30,Female,Enugu,Secondary,Married,3,Mixed,2.2,5,TRUE,FALSE,FALSE,53,TRUE,TRUE,75906.48,TRUE,4029111,Trading,TRUE,6.8198,7.8715,40,Yes
F0892,18,Male,Kano,Secondary,Single,0,Mixed,4,5,TRUE,TRUE,TRUE,63,TRUE,TRUE,91030.6,TRUE,4100463,None,FALSE,9.7091,3.462,49,Yes
F0893,32,Male,Kaduna,Secondary,Single,1,Livestock,1.8,8,TRUE,FALSE,TRUE,51,TRUE,TRUE,64160.8,TRUE,3805803,None,FALSE,6.7345,5.0031,37,Yes
F0894,29,Female,Enugu,None,Married,3,Livestock,1.9,9,TRUE,TRUE,TRUE,47,FALSE,TRUE,43203.63,TRUE,4168773,Trading,FALSE,9.1869,5.8352,27,Yes
F0895,20,Male,Oyo,Primary,Single,0,Mixed,2,6,FALSE,TRUE,TRUE,19,FALSE,TRUE,87440.99,TRUE,4193604,Remittances,TRUE,7.4787,4.2863,24,Yes
F0896,29,Female,Enugu,Secondary,Single,1,Crop,1.3,6,TRUE,TRUE,TRUE,89,FALSE,TRUE,29697.84,TRUE,5148963,None,FALSE,9.7792,3.4001,45,Yes
F0897,25,Female,Kano,Primary,Married,2,Crop,2.8,1,TRUE,FALSE,TRUE,88,TRUE,TRUE,94096.04,TRUE,4243491,None,TRUE,8.1961,5.9385,34,Yes
F0898,20,Male,Kano,Secondary,Single,0,Mixed,2.5,3,FALSE,FALSE,FALSE,74,TRUE,TRUE,60739.7,TRUE,4662027,Trading,FALSE,8.3577,6.9182,36,Yes
F0899,25,Male,Oyo,Tertiary,Married,1,Livestock,4.3,5,FALSE,TRUE,TRUE,32,FALSE,TRUE,19455.98,TRUE,5382000,Trading,TRUE,9.6788,6.5351,39,Yes
F0900,32,Male,Oyo,Primary,Married,3,Livestock,3.8,2,TRUE,FALSE,TRUE,40,FALSE,TRUE,67957.1,TRUE,5696478,None,FALSE,8.2908,5.7892,25,Yes
F0901,27,Female,Kano,Secondary,Married,3,Crop,1.8,5,FALSE,FALSE,TRUE,52,FALSE,TRUE,0,FALSE,900000,Trading,FALSE,9.5669,4.0233,16,No
F0902,34,Male,Kaduna,Tertiary,Married,1,Crop,2.1,3,TRUE,TRUE,FALSE,50,FALSE,TRUE,53970.67,TRUE,4332843,None,FALSE,9.8732,6.9168,33,Yes
F0903,26,Female,Kano,None,Married,1,Mixed,1.3,7,TRUE,TRUE,TRUE,50,TRUE,TRUE,78306.1,TRUE,4953834,Trading,FALSE,9.1822,5.038,35,Yes
F0904,20,Male,Benue,Tertiary,Single,0,Crop,3.1,1,TRUE,FALSE,TRUE,50,TRUE,TRUE,91150.64,TRUE,3848841,None,TRUE,6.5653,4.5449,44,Yes
F0905,31,Female,Kaduna,None,Married,2,Crop,1.9,8,TRUE,FALSE,TRUE,62,TRUE,TRUE,73089.36,TRUE,5198193,None,TRUE,8.231,6.4311,38,Yes
F0906,30,Female,Kano,Primary,Married,0,Crop,2.7,3,TRUE,TRUE,TRUE,36,FALSE,FALSE,0,FALSE,4038777,None,TRUE,9.0894,6.127,22,No
F0907,22,Female,Oyo,Primary,Single,0,Crop,3.1,7,TRUE,FALSE,TRUE,42,TRUE,TRUE,27025.47,TRUE,5014881,Remittances,TRUE,7.201,6.4259,40,Yes
F0908,20,Male,Enugu,Tertiary,Single,0,Livestock,1.5,3,FALSE,TRUE,TRUE,49,FALSE,TRUE,51480.1,TRUE,4883913,None,TRUE,8.3475,4.5481,43,Yes
F0909,24,Male,Oyo,Secondary,Married,1,Crop,3.3,6,TRUE,FALSE,TRUE,73,TRUE,TRUE,0,FALSE,2545209,None,TRUE,8.0904,6.3656,39,Yes
F0910,18,Female,Kaduna,None,Single,0,Crop,4.2,7,TRUE,TRUE,TRUE,80,TRUE,TRUE,33691.93,TRUE,5013027,None,FALSE,9.1702,5.2138,42,Yes
F0911,24,Female,Benue,Primary,Married,2,Crop,2.4,5,TRUE,TRUE,TRUE,70,FALSE,TRUE,0,FALSE,3574188,None,FALSE,9.3654,4.0344,28,No
F0912,32,Male,Oyo,Tertiary,Married,3,Crop,1.2,3,TRUE,FALSE,TRUE,69,TRUE,FALSE,0,FALSE,2639655,Remittances,FALSE,6.4735,4.6926,31,No
F0913,34,Male,Kaduna,Secondary,Single,1,Mixed,2.9,2,TRUE,TRUE,TRUE,57,TRUE,TRUE,18979.12,TRUE,5405400,Trading,TRUE,7.1692,3.2284,54,Yes
F0914,23,Male,Benue,Secondary,Married,2,Livestock,4.9,3,FALSE,FALSE,TRUE,37,TRUE,TRUE,69103.29,TRUE,5868252,None,TRUE,6.0309,4.7199,36,Yes
F0915,26,Female,Enugu,Secondary,Married,2,Crop,1.8,6,TRUE,FALSE,TRUE,30,FALSE,TRUE,56464.63,TRUE,5267178,None,FALSE,8.0891,5.7627,38,Yes
F0916,20,Female,Benue,Tertiary,Single,0,Mixed,4.6,8,FALSE,FALSE,TRUE,44,FALSE,FALSE,0,FALSE,1602126,None,FALSE,8.4336,7.4947,15,No
F0917,23,Male,Enugu,Tertiary,Single,0,Crop,3.5,2,FALSE,TRUE,FALSE,48,TRUE,TRUE,61331.93,TRUE,4525605,Remittances,FALSE,7.3325,5.6798,35,Yes
F0918,21,Male,Enugu,Secondary,Married,1,Livestock,2,4,TRUE,TRUE,TRUE,48,TRUE,FALSE,0,FALSE,3295827,Trading,TRUE,8.1376,7.7698,38,Yes
F0919,25,Male,Benue,Tertiary,Single,0,Crop,1.2,4,TRUE,TRUE,FALSE,61,TRUE,TRUE,0,FALSE,2029437,Remittances,FALSE,7.501,4.9293,29,No
F0920,22,Male,Kano,Primary,Married,7,Livestock,2.1,2,FALSE,FALSE,TRUE,54,TRUE,TRUE,72377.9,TRUE,4050171,None,FALSE,8.9999,6.2554,23,Yes
F0921,27,Female,Enugu,Secondary,Single,0,Crop,4.1,9,FALSE,TRUE,TRUE,68,TRUE,TRUE,33294.73,TRUE,4504077,Trading,TRUE,9.3865,3.6595,52,Yes
F0922,20,Female,Benue,None,Single,0,Livestock,1.5,1,FALSE,FALSE,TRUE,33,FALSE,TRUE,92181.39,TRUE,5484411,None,FALSE,7.3829,4.8572,18,No
F0923,27,Male,Kano,Secondary,Married,0,Mixed,2.2,9,TRUE,FALSE,TRUE,83,TRUE,TRUE,83913.98,TRUE,3172725,None,TRUE,9.1267,5.7094,48,Yes
F0924,22,Female,Enugu,Secondary,Married,1,Crop,4.9,7,TRUE,TRUE,TRUE,82,TRUE,TRUE,14317.64,TRUE,4453461,Remittances,FALSE,8.8762,3.4527,50,Yes
F0925,25,Male,Benue,Tertiary,Single,0,Crop,1.7,5,TRUE,TRUE,TRUE,77,TRUE,TRUE,54374.38,TRUE,4205952,Trading,TRUE,8.2593,7.0241,57,Yes
F0926,20,Male,Oyo,Primary,Married,2,Crop,4.3,9,TRUE,FALSE,FALSE,47,FALSE,FALSE,0,FALSE,2084517,None,TRUE,7.8363,7.8226,11,No
F0927,35,Male,Kano,Secondary,Single,1,Crop,3.7,6,TRUE,TRUE,FALSE,70,TRUE,TRUE,68073.94,TRUE,5385573,Trading,FALSE,9.2228,7.7933,43,Yes
F0928,27,Male,Kano,Tertiary,Married,0,Crop,4.6,3,TRUE,TRUE,TRUE,59,FALSE,TRUE,27680.58,TRUE,5843079,Trading,TRUE,7.2596,7.3498,49,Yes
F0929,22,Male,Enugu,Secondary,Single,0,Crop,4.8,9,TRUE,FALSE,TRUE,67,TRUE,TRUE,94129.54,TRUE,5050935,None,TRUE,7.3475,4.7436,49,Yes
F0930,19,Female,Oyo,,Married,2,,3.7,3,FALSE,TRUE,TRUE,61,TRUE,FALSE,,FALSE,0,Remittances,FALSE,7.5149,3.1452,26,No
F0931,34,Female,Kano,Secondary,Married,2,Crop,4,1,TRUE,FALSE,TRUE,55,FALSE,TRUE,10408.39,TRUE,4262688,Trading,TRUE,7.8022,5.3834,36,Yes
F0932,35,Female,Kano,None,Married,2,Livestock,3.2,5,TRUE,TRUE,TRUE,34,FALSE,TRUE,20151.33,TRUE,3010437,None,FALSE,7.2668,5.9222,30,Yes
F0933,30,Female,Enugu,Primary,Single,1,Livestock,1.5,6,FALSE,FALSE,TRUE,39,FALSE,TRUE,23719.86,TRUE,4691988,None,FALSE,9.5585,6.5129,21,No
F0934,21,Male,Oyo,None,Single,0,Livestock,3.7,5,FALSE,TRUE,TRUE,50,TRUE,TRUE,14076.78,TRUE,3954987,Remittances,TRUE,6.2019,7.4463,36,Yes
F0935,25,Female,Benue,Primary,Married,5,Livestock,4.5,8,TRUE,FALSE,TRUE,67,FALSE,FALSE,0,FALSE,921195,Trading,FALSE,6.1284,5.9484,15,No
F0936,18,Female,Kaduna,Primary,Single,0,Livestock,4.7,8,FALSE,FALSE,FALSE,51,FALSE,TRUE,39325.11,TRUE,4293801,None,TRUE,9.1433,5.2522,23,No
F0937,23,Female,Kano,,Single,0,,1,9,TRUE,TRUE,FALSE,50,TRUE,TRUE,,TRUE,0,None,TRUE,7.4322,5.1062,37,Yes
F0938,18,Female,Oyo,Secondary,Single,0,Mixed,3.1,7,TRUE,FALSE,TRUE,72,TRUE,TRUE,0,FALSE,3372120,Remittances,TRUE,9.7468,7.0243,41,Yes
F0939,18,Male,Benue,Secondary,Married,1,Crop,1.6,3,FALSE,FALSE,TRUE,75,TRUE,TRUE,91135.97,TRUE,4866030,None,FALSE,7.0849,5.363,42,Yes
F0940,26,Female,Enugu,Secondary,Married,1,Crop,4.3,9,TRUE,FALSE,TRUE,41,FALSE,FALSE,0,FALSE,1585539,Trading,TRUE,6.0389,6.3694,29,No
F0941,32,Male,Kano,Primary,Married,1,Livestock,2.8,3,TRUE,FALSE,TRUE,86,TRUE,TRUE,13603.72,TRUE,5131845,None,FALSE,8.1622,5.7137,41,Yes
F0942,26,Female,Benue,Secondary,Married,1,Mixed,4.8,8,TRUE,FALSE,TRUE,50,FALSE,TRUE,67162.49,TRUE,5111208,Trading,TRUE,6.2847,6.4611,37,Yes
F0943,27,Female,Benue,Secondary,Married,2,Crop,3.6,2,TRUE,TRUE,TRUE,33,FALSE,FALSE,0,FALSE,4518918,None,FALSE,7.0849,6.1492,29,No
F0944,34,Male,Benue,None,Married,2,Crop,3.4,7,FALSE,TRUE,TRUE,56,FALSE,TRUE,12172.67,TRUE,3862620,None,TRUE,8.5225,3.8576,27,Yes
F0945,22,Male,Oyo,Tertiary,Married,2,Mixed,2.7,8,TRUE,FALSE,TRUE,64,FALSE,TRUE,36368.17,TRUE,5343507,None,TRUE,6.7698,5.1225,44,Yes
F0946,35,Female,Kano,Tertiary,Married,2,Livestock,1,5,FALSE,FALSE,TRUE,59,TRUE,TRUE,15980.13,TRUE,5170005,None,TRUE,7.764,6.094,40,Yes
F0947,32,Female,Enugu,Tertiary,Married,0,Crop,2.9,5,TRUE,TRUE,TRUE,75,TRUE,TRUE,85136.81,TRUE,3858498,None,FALSE,9.6001,6.9485,49,Yes
F0948,22,Male,Kano,Primary,Single,0,Crop,2.3,8,FALSE,FALSE,TRUE,64,TRUE,TRUE,0,FALSE,3765438,None,TRUE,7.7247,4.0606,23,No
F0949,31,Male,Enugu,Primary,Married,1,Crop,1.2,1,TRUE,FALSE,TRUE,17,FALSE,TRUE,15124.15,TRUE,5522490,None,TRUE,9.7496,3.0515,32,Yes
F0950,32,Male,Kano,Secondary,Married,3,Mixed,1.1,9,TRUE,TRUE,TRUE,61,TRUE,FALSE,0,FALSE,1736028,Remittances,TRUE,8.9671,7.4123,41,Yes
F0951,25,Male,Oyo,Primary,Married,3,Crop,1.5,4,FALSE,TRUE,TRUE,49,FALSE,TRUE,24301.49,TRUE,5061618,Trading,FALSE,7.772,6.9681,23,No
F0952,31,Male,Enugu,Secondary,Married,3,Livestock,1.8,3,FALSE,TRUE,FALSE,63,TRUE,TRUE,0,FALSE,3348720,None,FALSE,9.1134,7.2562,31,No
F0953,22,Male,Enugu,Primary,Single,0,Crop,4.1,3,FALSE,FALSE,TRUE,22,FALSE,TRUE,52069.4,TRUE,4872708,None,FALSE,8.1762,6.6909,18,No
F0954,18,Female,Kaduna,Secondary,Married,2,Mixed,1.1,4,TRUE,FALSE,FALSE,56,TRUE,TRUE,64978.38,TRUE,3834387,None,FALSE,9.0492,4.116,39,Yes
F0955,22,Female,Benue,Primary,Married,3,Livestock,1.7,5,FALSE,TRUE,FALSE,59,TRUE,TRUE,44781.47,TRUE,4541859,None,TRUE,6.9452,7.6114,28,Yes
F0956,20,Male,Benue,Secondary,Married,1,Livestock,3.5,5,TRUE,FALSE,FALSE,33,FALSE,TRUE,26433.89,TRUE,3919671,Trading,TRUE,9.9221,4.4946,34,Yes
F0957,35,Male,Kano,Primary,Married,0,Livestock,3.3,1,TRUE,TRUE,TRUE,41,FALSE,TRUE,50151.52,TRUE,4239468,Trading,TRUE,6.65,4.2573,40,Yes
F0958,24,Female,Kano,Primary,Single,0,Livestock,4.4,6,FALSE,FALSE,TRUE,55,TRUE,TRUE,0,FALSE,3743343,None,TRUE,8.6977,3.3264,14,No
F0959,30,Female,Benue,Secondary,Married,0,Crop,1.4,1,TRUE,FALSE,TRUE,54,FALSE,TRUE,48804.71,TRUE,3200031,None,FALSE,8.0304,3.1212,35,Yes
F0960,25,Female,Kaduna,Secondary,Married,3,Crop,1.9,1,TRUE,FALSE,TRUE,34,FALSE,TRUE,0,FALSE,2633733,Trading,TRUE,7.469,6.9131,30,No
F0961,19,Male,Benue,Primary,Single,0,Livestock,3.3,3,TRUE,FALSE,TRUE,46,FALSE,FALSE,0,FALSE,1346787,Remittances,TRUE,9.9436,6.5717,21,No
F0962,20,Female,Kaduna,Tertiary,Married,2,Crop,1.6,8,FALSE,TRUE,TRUE,63,TRUE,TRUE,40331.6,TRUE,4004388,Trading,TRUE,6.9194,3.0423,50,Yes
F0963,25,Male,Oyo,Secondary,Single,0,Crop,2.4,6,FALSE,TRUE,TRUE,71,TRUE,TRUE,53031.52,TRUE,3589542,None,FALSE,8.8592,6.41,45,Yes
F0964,22,Female,Enugu,Primary,Married,1,Crop,3.8,6,TRUE,FALSE,TRUE,74,TRUE,FALSE,0,FALSE,2349018,Trading,FALSE,8.1356,3.095,25,No
F0965,31,Female,Enugu,,Single,0,,4.5,6,TRUE,FALSE,TRUE,46,TRUE,TRUE,,FALSE,0,None,FALSE,7.4289,7.7925,20,No
F0966,21,Male,Enugu,None,Single,0,Livestock,4.2,9,FALSE,TRUE,FALSE,64,TRUE,TRUE,0,FALSE,900000,Trading,TRUE,6.1667,3.7761,21,No
F0967,34,Female,Kaduna,None,Married,1,Livestock,3,5,TRUE,TRUE,TRUE,63,TRUE,FALSE,0,FALSE,1034991,None,FALSE,8.9109,4.9681,21,No
F0968,22,Female,Oyo,Tertiary,Single,0,Mixed,1.4,1,FALSE,FALSE,TRUE,83,TRUE,TRUE,0,FALSE,1433583,None,TRUE,8.9186,4.3068,31,No
F0969,27,Female,Enugu,Primary,Single,0,Livestock,2.5,8,FALSE,FALSE,TRUE,56,TRUE,TRUE,12596.34,TRUE,3564324,None,FALSE,7.153,4.6723,31,Yes
F0970,26,Male,Benue,Secondary,Married,2,Crop,3.9,7,TRUE,TRUE,TRUE,20,FALSE,TRUE,40319.07,TRUE,4204935,Trading,FALSE,8.3839,5.3599,40,Yes
F0971,26,Male,Enugu,Primary,Single,0,Mixed,4.4,8,TRUE,FALSE,FALSE,35,TRUE,TRUE,11040.15,TRUE,3710925,None,TRUE,7.2804,3.1083,32,Yes
F0972,25,Male,Enugu,Secondary,Married,1,Livestock,4.5,3,FALSE,FALSE,TRUE,48,TRUE,FALSE,0,FALSE,1706508,None,FALSE,9.688,6.6626,27,No
F0973,29,Male,Kaduna,Primary,Single,0,Mixed,4.7,7,FALSE,TRUE,TRUE,65,TRUE,TRUE,52741.21,TRUE,5516739,None,FALSE,6.2108,6.7653,38,Yes
F0974,30,Male,Benue,None,Married,3,Livestock,1.3,5,TRUE,TRUE,TRUE,43,TRUE,TRUE,95166.72,TRUE,3642426,None,FALSE,6.4515,3.7176,36,Yes
F0975,23,Male,Oyo,Primary,Married,2,Livestock,4.4,2,TRUE,TRUE,TRUE,64,TRUE,TRUE,0,FALSE,3522366,None,FALSE,9.7954,5.6927,34,Yes
F0976,18,Female,Kaduna,Tertiary,Single,0,Crop,1.5,8,FALSE,FALSE,TRUE,68,TRUE,FALSE,0,FALSE,2734227,Remittances,TRUE,7.3307,4.3005,33,Yes
F0977,27,Female,Enugu,Secondary,Married,1,Crop,3.9,4,TRUE,TRUE,TRUE,37,FALSE,FALSE,0,FALSE,2124000,None,TRUE,8.0236,3.6212,36,No
F0978,21,Female,Benue,,Married,2,,3.2,9,FALSE,FALSE,TRUE,64,TRUE,TRUE,,TRUE,0,None,TRUE,9.8867,7.5989,47,Yes
F0979,35,Male,Benue,Secondary,Married,5,Livestock,2.3,2,FALSE,FALSE,TRUE,52,TRUE,TRUE,82898.91,TRUE,6372576,None,FALSE,7.9105,6.8735,37,Yes
F0980,30,Male,Kaduna,Secondary,Married,2,Mixed,3.5,7,FALSE,TRUE,TRUE,37,FALSE,TRUE,73624.51,TRUE,4177836,Remittances,TRUE,7.6418,3.4755,38,Yes
F0981,26,Male,Benue,Secondary,Married,4,Livestock,4.2,8,TRUE,TRUE,TRUE,45,TRUE,TRUE,24102.4,TRUE,5568417,None,TRUE,9.1812,3.4038,48,Yes
F0982,35,Male,Benue,Primary,Married,4,Crop,4.4,6,TRUE,TRUE,TRUE,35,FALSE,TRUE,35135.08,TRUE,3669660,None,TRUE,8.8003,6.8548,32,Yes
F0983,24,Female,Kano,None,Single,0,Livestock,3.7,8,TRUE,TRUE,FALSE,21,FALSE,TRUE,29773.94,TRUE,3339936,Trading,TRUE,8.4629,7.3531,30,Yes
F0984,35,Male,Oyo,Secondary,Married,0,Livestock,4.2,9,FALSE,FALSE,FALSE,51,FALSE,TRUE,0,FALSE,1587492,None,TRUE,7.8957,5.827,16,No
F0985,34,Male,Oyo,None,Married,1,Crop,3.7,7,FALSE,FALSE,TRUE,66,TRUE,TRUE,71438.61,TRUE,1911573,None,TRUE,8.945,3.8191,30,Yes
F0986,29,Male,Oyo,Primary,Married,2,Crop,3.6,5,TRUE,TRUE,TRUE,45,FALSE,TRUE,69984.71,TRUE,3775023,None,FALSE,8.9541,6.6746,32,Yes
F0987,35,Male,Benue,Secondary,Married,1,Mixed,3.6,5,TRUE,FALSE,TRUE,71,TRUE,FALSE,0,FALSE,1698651,None,FALSE,7.9352,6.4862,32,No
F0988,24,Male,Benue,Tertiary,Single,0,Crop,3.6,4,TRUE,FALSE,TRUE,73,TRUE,TRUE,72615.75,TRUE,4435641,Trading,TRUE,6.8787,7.5754,56,Yes
F0989,18,Male,Benue,None,Married,5,Mixed,3.3,4,FALSE,FALSE,FALSE,32,FALSE,TRUE,10295.3,TRUE,5825844,Remittances,TRUE,6.1597,3.2769,17,No
F0990,22,Male,Kaduna,Primary,Single,0,Mixed,4.8,5,TRUE,TRUE,TRUE,65,TRUE,TRUE,52437.29,TRUE,4093074,None,TRUE,7.4837,7.862,47,Yes
F0991,29,Male,Oyo,Secondary,Married,3,Crop,1.7,2,FALSE,TRUE,TRUE,37,FALSE,TRUE,76703.74,TRUE,5209974,None,TRUE,7.691,6.7998,44,Yes
F0992,32,Male,Enugu,Tertiary,Married,0,Crop,1.8,9,TRUE,FALSE,TRUE,76,TRUE,TRUE,87354.4,TRUE,5112270,None,TRUE,6.9366,3.4475,52,Yes
F0993,34,Male,Kaduna,Primary,Married,2,Crop,4.5,9,TRUE,FALSE,TRUE,56,TRUE,FALSE,0,FALSE,900000,Trading,FALSE,7.6833,7.8096,12,No
F0994,33,Female,Benue,Primary,Married,3,Crop,3.6,1,FALSE,FALSE,TRUE,36,TRUE,TRUE,82129.75,TRUE,3788703,None,TRUE,6.8269,4.9843,30,Yes
F0995,21,Female,Enugu,Primary,Single,0,Livestock,2.4,5,TRUE,FALSE,TRUE,62,TRUE,TRUE,72123.34,TRUE,3066867,Trading,FALSE,6.6234,4.0531,38,Yes
F0996,24,Female,Kano,Primary,Single,0,Mixed,1.4,9,FALSE,TRUE,TRUE,21,FALSE,TRUE,0,FALSE,2559348,Trading,FALSE,6.2973,4.5929,9,No
F0997,34,Male,Benue,Secondary,Single,1,Mixed,1.4,7,TRUE,TRUE,TRUE,47,TRUE,TRUE,64236.92,TRUE,5732154,Remittances,TRUE,9.2849,3.5941,49,Yes
F0998,33,Female,Kano,Secondary,Married,2,Livestock,1.2,7,TRUE,FALSE,TRUE,40,FALSE,TRUE,11880.66,TRUE,3859164,None,FALSE,9.6291,3.4323,35,Yes
F0999,35,Male,Kano,None,Married,2,Livestock,1.8,6,FALSE,FALSE,TRUE,63,TRUE,TRUE,44585.25,TRUE,4430628,None,TRUE,9.1676,5.325,36,Yes
F1000,29,Female,Oyo,Secondary,Married,1,Mixed,4.3,4,TRUE,TRUE,TRUE,22,TRUE,FALSE,0,FALSE,2730438,None,TRUE,6.6216,6.3618,38,Yes
F1001,21,Male,Enugu,Secondary,Single,0,Mixed,3.1,8,TRUE,TRUE,FALSE,39,FALSE,TRUE,36718.11,TRUE,7303275,Remittances,FALSE,6.6937,5.3802,40,Yes
F1002,25,Female,Benue,Secondary,Single,0,Crop,4.4,5,FALSE,TRUE,TRUE,87,TRUE,TRUE,75920.53,TRUE,4441806,None,TRUE,6.0814,7.9644,48,Yes
F1003,20,Male,Oyo,Primary,Single,0,Livestock,3.5,3,TRUE,FALSE,TRUE,85,TRUE,TRUE,23455.57,TRUE,4513005,None,TRUE,7.4016,3.4567,33,Yes
F1004,31,Female,Benue,Primary,Married,4,Crop,1.8,3,TRUE,TRUE,TRUE,63,TRUE,TRUE,57914.12,TRUE,4683546,None,TRUE,6.931,6.2767,38,Yes
F1005,18,Male,Enugu,Secondary,Single,0,Livestock,1.9,1,TRUE,FALSE,FALSE,38,TRUE,TRUE,26310.55,TRUE,5292018,Trading,FALSE,9.7437,3.8804,31,Yes
F1006,27,Male,Enugu,Secondary,Married,0,Livestock,2.4,6,FALSE,TRUE,TRUE,29,FALSE,TRUE,92015.4,TRUE,5818149,None,TRUE,6.8176,7.4871,43,Yes
F1007,18,Male,Enugu,Tertiary,Single,0,Mixed,1.1,8,TRUE,TRUE,FALSE,27,FALSE,TRUE,16476.7,TRUE,6076890,None,FALSE,9.5918,7.3262,34,Yes
F1008,22,Female,Benue,Primary,Single,0,Crop,3.5,6,TRUE,FALSE,TRUE,45,TRUE,TRUE,0,FALSE,2808486,None,FALSE,8.7489,7.4046,14,No
F1009,20,Female,Kano,Tertiary,Single,0,Crop,3.1,9,TRUE,FALSE,TRUE,32,FALSE,TRUE,29825.76,TRUE,4893579,Trading,TRUE,7.1074,5.3561,39,Yes
F1010,23,Male,Enugu,,Married,1,,2.3,2,FALSE,FALSE,FALSE,55,TRUE,TRUE,,FALSE,0,None,FALSE,8.4006,3.116,17,No
F1011,29,Female,Enugu,Secondary,Single,2,Mixed,2.8,5,FALSE,TRUE,TRUE,40,TRUE,TRUE,0,FALSE,3522447,None,TRUE,9.9912,7.3656,27,No
F1012,25,Female,Benue,Secondary,Single,0,Crop,3.7,7,TRUE,TRUE,TRUE,70,TRUE,TRUE,39186.73,TRUE,4973904,Trading,TRUE,7.2468,5.1649,53,Yes
F1013,22,Female,Kano,Primary,Single,0,Mixed,4.1,8,TRUE,FALSE,TRUE,67,TRUE,FALSE,0,FALSE,1708803,Trading,FALSE,9.5642,5.9655,17,No
F1014,20,Female,Enugu,Secondary,Single,0,Crop,4.3,5,TRUE,TRUE,FALSE,78,TRUE,FALSE,0,FALSE,2103453,None,FALSE,8.9107,5.4104,34,No
F1015,33,Male,Oyo,Secondary,Married,3,Mixed,3.9,3,TRUE,TRUE,TRUE,44,TRUE,TRUE,64282.71,TRUE,4790133,None,FALSE,7.0234,6.1635,45,Yes
F1016,30,Female,Kano,Tertiary,Married,2,Crop,4.7,2,FALSE,TRUE,TRUE,37,FALSE,TRUE,93102.5,TRUE,4596129,Remittances,FALSE,7.5249,3.4945,37,Yes
F1017,34,Male,Benue,None,Married,2,Livestock,2.2,9,FALSE,FALSE,TRUE,51,TRUE,TRUE,0,FALSE,1841193,None,TRUE,9.3279,3.453,17,No
F1018,32,Female,Oyo,Primary,Married,3,Crop,1.3,1,TRUE,FALSE,TRUE,57,FALSE,FALSE,0,FALSE,2968596,Trading,TRUE,6.1355,4.8927,15,No
F1019,22,Male,Enugu,Secondary,Single,0,Livestock,1.1,2,TRUE,TRUE,TRUE,76,TRUE,TRUE,0,FALSE,2520180,None,TRUE,9.5626,6.0605,44,Yes
F1020,25,Male,Oyo,Tertiary,Married,4,Crop,3,2,TRUE,FALSE,TRUE,85,TRUE,TRUE,66929.45,TRUE,4365765,None,FALSE,6.9942,5.6077,45,Yes
F1021,31,Male,Oyo,Secondary,Married,2,Mixed,4.2,3,TRUE,FALSE,TRUE,59,TRUE,TRUE,38655.45,TRUE,3986964,None,TRUE,7.0366,7.63,38,Yes
F1022,35,Male,Oyo,Tertiary,Married,1,Crop,1.1,2,TRUE,TRUE,TRUE,77,TRUE,TRUE,96103.19,TRUE,4105566,Trading,TRUE,8.0451,5.7779,54,Yes
F1023,25,Female,Oyo,Secondary,Married,1,Crop,4.4,8,TRUE,FALSE,TRUE,47,TRUE,TRUE,10482.34,TRUE,4296996,None,FALSE,8.8467,7.1331,37,Yes
F1024,20,Male,Kano,Tertiary,Single,0,Livestock,2.4,6,TRUE,TRUE,TRUE,43,FALSE,TRUE,31260.83,TRUE,3560004,None,FALSE,9.1829,4.6987,43,Yes
F1025,31,Male,Oyo,Primary,Married,2,Crop,4,2,FALSE,FALSE,TRUE,59,TRUE,TRUE,34314.01,TRUE,5533380,None,FALSE,7.5807,5.481,31,Yes
F1026,23,Female,Kano,Primary,Single,0,Crop,4.5,3,TRUE,FALSE,TRUE,41,FALSE,TRUE,39615.52,TRUE,2964519,None,FALSE,7.164,5.182,21,Yes
F1027,28,Female,Kano,Primary,Married,2,Crop,4.7,1,FALSE,TRUE,TRUE,41,FALSE,TRUE,34538.97,TRUE,5733027,None,TRUE,9.3553,5.4028,30,Yes
F1028,21,Female,Kano,Secondary,Single,0,Livestock,4.7,6,TRUE,FALSE,TRUE,35,FALSE,TRUE,0,FALSE,2661570,Trading,TRUE,7.396,5.8264,28,No
F1029,27,Male,Enugu,Primary,Married,2,Livestock,4.1,8,FALSE,TRUE,TRUE,71,TRUE,TRUE,90519.91,TRUE,4639815,Trading,FALSE,6.2356,7.0894,34,Yes
F1030,25,Male,Enugu,Secondary,Married,4,Crop,2.6,3,TRUE,TRUE,TRUE,56,FALSE,FALSE,0,FALSE,900000,None,FALSE,9.8758,6.2763,24,No
F1031,19,Female,Oyo,Tertiary,Married,3,Livestock,3.1,8,TRUE,TRUE,TRUE,47,TRUE,TRUE,23860.26,TRUE,5760585,Trading,TRUE,6.3783,4.7111,50,Yes
F1032,21,Female,Kaduna,Primary,Single,0,Livestock,4,2,TRUE,FALSE,TRUE,54,TRUE,TRUE,81763.78,TRUE,5001390,Trading,TRUE,8.7262,6.5194,42,Yes
F1033,23,Male,Kano,Secondary,Married,3,Livestock,2.2,4,FALSE,TRUE,TRUE,64,FALSE,TRUE,70051.51,TRUE,2222631,None,TRUE,8.0285,7.6245,39,Yes
F1034,23,Female,Benue,Primary,Single,0,Crop,2.8,5,TRUE,FALSE,FALSE,88,TRUE,TRUE,81795.13,TRUE,5030388,None,FALSE,8.1542,7.9302,34,Yes
F1035,34,Female,Benue,Primary,Single,1,Crop,4.2,5,TRUE,TRUE,TRUE,55,TRUE,TRUE,70998.84,TRUE,3925341,Trading,FALSE,8.926,5.1632,33,Yes
F1036,25,Female,Enugu,Tertiary,Single,0,Livestock,4.3,8,TRUE,FALSE,FALSE,91,TRUE,TRUE,30948.94,TRUE,4771071,None,FALSE,6.3176,4.6292,36,Yes
F1037,34,Female,Oyo,Primary,Married,1,Crop,2.7,2,TRUE,TRUE,TRUE,42,FALSE,TRUE,12269.06,TRUE,4727565,None,FALSE,8.1555,4.6315,35,Yes
F1038,22,Female,Enugu,Secondary,Single,0,Livestock,4.6,7,FALSE,FALSE,TRUE,73,TRUE,TRUE,99963.85,TRUE,4654188,None,TRUE,6.4205,3.4846,44,Yes
F1039,24,Male,Kano,Tertiary,Single,0,Crop,4.2,7,TRUE,TRUE,TRUE,86,TRUE,TRUE,34138.03,TRUE,5089590,None,FALSE,8.4314,7.0751,46,Yes
F1040,35,Male,Oyo,Secondary,Married,0,Crop,4.3,5,TRUE,FALSE,TRUE,63,FALSE,TRUE,69748.64,TRUE,3608361,None,TRUE,9.8371,4.6002,44,Yes
F1041,31,Female,Oyo,Secondary,Married,2,Crop,2.1,7,FALSE,TRUE,FALSE,93,TRUE,TRUE,77475.18,TRUE,3617874,None,FALSE,9.6896,5.4823,32,Yes
F1042,35,Male,Oyo,Secondary,Single,0,Crop,1.7,8,TRUE,FALSE,TRUE,41,FALSE,FALSE,0,FALSE,1890162,None,TRUE,9.5975,5.9567,27,No
F1043,18,Male,Kaduna,Primary,Single,0,Crop,3.7,1,TRUE,TRUE,TRUE,81,TRUE,FALSE,0,FALSE,1411506,Trading,FALSE,7.5949,7.196,28,No
F1044,28,Female,Benue,Primary,Married,7,Crop,2,1,FALSE,FALSE,TRUE,43,TRUE,TRUE,0,FALSE,3259179,None,TRUE,6.1328,7.7586,30,Yes
F1045,35,Female,Kano,Tertiary,Single,0,Mixed,3.2,5,TRUE,FALSE,TRUE,100,TRUE,TRUE,31871.51,TRUE,5535117,None,TRUE,9.9362,3.9223,53,Yes
F1046,28,Male,Kaduna,Secondary,Single,0,Crop,3.5,8,FALSE,TRUE,TRUE,49,FALSE,TRUE,37812.96,TRUE,4670118,None,TRUE,6.1464,7.4871,46,Yes
F1047,20,Male,Enugu,,Married,6,,3.8,4,FALSE,TRUE,FALSE,99,TRUE,TRUE,,TRUE,0,Trading,FALSE,6.034,4.1031,31,No
F1048,21,Male,Kano,Secondary,Single,0,Crop,3.3,4,TRUE,FALSE,TRUE,53,FALSE,TRUE,18929.17,TRUE,4338972,None,TRUE,9.3858,6.3746,41,Yes
F1049,28,Female,Enugu,Primary,Married,2,Crop,1.4,5,TRUE,TRUE,TRUE,44,FALSE,TRUE,69741.72,TRUE,3542733,Remittances,FALSE,8.6356,3.0284,32,Yes
F1050,25,Male,Benue,Primary,Married,0,Crop,2.9,8,FALSE,FALSE,TRUE,72,TRUE,TRUE,28130.95,TRUE,4594599,Trading,FALSE,6.676,6.524,32,Yes
F1051,22,Female,Oyo,Primary,Married,0,Mixed,1.1,9,TRUE,TRUE,TRUE,70,TRUE,FALSE,0,FALSE,3754494,Remittances,TRUE,6.0317,3.9506,37,Yes
F1052,32,Female,Enugu,Tertiary,Single,1,Crop,3.6,6,FALSE,TRUE,FALSE,92,TRUE,TRUE,14674.94,TRUE,3712626,Trading,TRUE,7.7332,3.8507,42,Yes
F1053,29,Female,Benue,Secondary,Single,1,Crop,4.7,2,TRUE,TRUE,TRUE,45,FALSE,TRUE,50074.3,TRUE,5800095,Trading,FALSE,9.749,5.5886,43,Yes
F1054,26,Male,Kano,Secondary,Single,0,Crop,1.7,6,TRUE,TRUE,TRUE,45,FALSE,TRUE,60887.39,TRUE,3465738,Remittances,TRUE,7.1192,3.2854,43,Yes
F1055,22,Male,Enugu,Secondary,Single,0,Mixed,2.2,8,TRUE,TRUE,TRUE,42,FALSE,TRUE,70485.28,TRUE,6112530,None,FALSE,9.1163,6.805,40,Yes
F1056,35,Male,Oyo,Primary,Married,2,Mixed,2.6,3,FALSE,FALSE,TRUE,55,TRUE,TRUE,24270.87,TRUE,4264164,None,FALSE,9.4828,4.7515,30,Yes
F1057,26,Female,Benue,Secondary,Married,3,Crop,2.4,1,FALSE,TRUE,TRUE,43,TRUE,FALSE,0,FALSE,1336275,None,TRUE,7.8368,3.5467,32,No
F1058,26,Female,Kano,Tertiary,Married,4,Crop,1.2,6,FALSE,TRUE,TRUE,60,FALSE,TRUE,51733.13,TRUE,4324050,None,FALSE,7.7677,7.2494,34,Yes
F1059,25,Female,Enugu,Secondary,Married,1,Crop,1.5,5,FALSE,TRUE,TRUE,45,TRUE,TRUE,56153.11,TRUE,3621870,Remittances,FALSE,9.9393,6.9721,37,Yes
F1060,27,Female,Oyo,Primary,Single,0,Crop,4.4,4,TRUE,TRUE,TRUE,54,FALSE,TRUE,0,FALSE,2455506,Trading,TRUE,8.8812,7.1014,21,No
F1061,32,Female,Benue,Primary,Married,6,Mixed,3.8,7,FALSE,FALSE,TRUE,96,TRUE,TRUE,63864.52,TRUE,4845285,Trading,FALSE,6.5907,7.1256,36,Yes
F1062,30,Female,Enugu,None,Married,2,Mixed,1.7,4,TRUE,FALSE,TRUE,54,TRUE,TRUE,33462.24,TRUE,3594681,None,FALSE,7.7064,6.1492,25,Yes
F1063,23,Female,Enugu,Secondary,Married,0,Crop,4.1,3,FALSE,FALSE,FALSE,55,TRUE,TRUE,61275.58,TRUE,2826342,Trading,FALSE,9.1424,5.755,26,No
F1064,18,Male,Benue,Primary,Single,0,Mixed,1.8,1,TRUE,TRUE,TRUE,38,FALSE,TRUE,0,FALSE,2689911,None,TRUE,7.4902,6.518,25,No
F1065,31,Female,Oyo,Secondary,Married,5,Mixed,3.7,5,TRUE,TRUE,TRUE,35,FALSE,TRUE,10021.68,TRUE,6202566,Trading,FALSE,6.8395,4.165,40,Yes
F1066,26,Male,Oyo,Tertiary,Single,0,Mixed,3.1,8,TRUE,TRUE,FALSE,22,FALSE,TRUE,89282.8,TRUE,4246884,None,TRUE,9.0493,4.0425,45,Yes
F1067,32,Male,Kano,Secondary,Married,4,Livestock,1.4,2,FALSE,FALSE,TRUE,56,FALSE,FALSE,0,FALSE,2167758,Trading,FALSE,6.1221,7.2896,18,No
F1068,20,Female,Enugu,Secondary,Married,3,Mixed,1.1,3,TRUE,TRUE,TRUE,82,TRUE,TRUE,78113.06,TRUE,4445217,None,TRUE,6.6122,7.7234,56,Yes
F1069,19,Female,Oyo,Secondary,Married,2,Mixed,4.7,5,FALSE,FALSE,TRUE,40,FALSE,TRUE,46705,TRUE,3068019,None,FALSE,8.68,7.1035,24,No
F1070,34,Male,Oyo,Primary,Single,0,Mixed,2.2,9,FALSE,FALSE,FALSE,69,TRUE,TRUE,96058.78,TRUE,3192957,None,TRUE,7.2613,3.1786,26,Yes
F1071,18,Female,Kaduna,None,Single,0,Crop,3,2,TRUE,TRUE,TRUE,25,FALSE,TRUE,0,FALSE,2937870,Trading,FALSE,9.0302,6.7232,16,No
F1072,35,Male,Oyo,None,Single,0,Crop,1.1,8,TRUE,TRUE,TRUE,51,FALSE,TRUE,0,FALSE,900000,None,TRUE,9.0994,3.6166,23,No
F1073,31,Female,Kaduna,Tertiary,Single,2,Crop,2.1,7,FALSE,FALSE,FALSE,74,TRUE,FALSE,0,FALSE,900000,None,FALSE,9.0195,5.7719,24,No
F1074,29,Female,Kaduna,Tertiary,Married,2,Mixed,2.6,6,TRUE,TRUE,TRUE,53,FALSE,FALSE,0,FALSE,2427840,None,FALSE,8.8648,4.4188,26,No
F1075,23,Male,Kano,Secondary,Married,3,Crop,1.9,4,TRUE,TRUE,TRUE,54,TRUE,FALSE,0,FALSE,2010960,Trading,FALSE,6.6186,3.2761,31,No
F1076,34,Male,Oyo,Secondary,Single,0,Livestock,4.5,5,FALSE,TRUE,TRUE,67,TRUE,TRUE,83236.47,TRUE,4323078,Remittances,FALSE,8.0947,5.2126,39,Yes
F1077,30,Male,Kano,Secondary,Married,2,Crop,3.9,7,FALSE,FALSE,TRUE,78,FALSE,TRUE,80242.12,TRUE,5215527,None,FALSE,7.1101,7.5751,39,Yes
F1078,20,Female,Oyo,Secondary,Married,3,Crop,1.7,8,TRUE,TRUE,TRUE,73,TRUE,TRUE,0,FALSE,2124837,None,TRUE,7.2134,7.3707,39,Yes
F1079,30,Female,Benue,Secondary,Single,1,Livestock,2.3,1,FALSE,FALSE,TRUE,66,TRUE,TRUE,22670.33,TRUE,6232311,Trading,FALSE,9.4113,4.5072,47,Yes
F1080,20,Female,Benue,Secondary,Single,0,Crop,4.8,5,TRUE,TRUE,TRUE,34,FALSE,FALSE,0,FALSE,2417148,None,TRUE,8.6821,4.8727,29,No
F1081,24,Female,Kano,Secondary,Single,0,Mixed,1.7,6,TRUE,TRUE,TRUE,14,FALSE,TRUE,25295.58,TRUE,5120847,None,TRUE,6.501,4.2249,49,Yes
F1082,34,Male,Enugu,Primary,Married,0,Crop,2.2,4,TRUE,FALSE,FALSE,53,FALSE,TRUE,80411.81,TRUE,4702293,None,FALSE,9.9417,5.4655,19,No
F1083,28,Male,Enugu,None,Married,2,Crop,3.6,2,TRUE,FALSE,FALSE,37,TRUE,TRUE,91261.88,TRUE,5222907,Remittances,FALSE,9.2796,6.4749,24,Yes
F1084,31,Female,Benue,None,Single,0,Crop,4.9,6,TRUE,FALSE,TRUE,69,TRUE,TRUE,55006.41,TRUE,5040972,Trading,TRUE,9.909,3.3511,43,Yes
F1085,23,Female,Kaduna,Tertiary,Single,0,Crop,2.2,5,FALSE,FALSE,TRUE,66,TRUE,TRUE,35018.06,TRUE,5798646,None,TRUE,7.6973,4.9459,46,Yes
F1086,28,Male,Benue,Tertiary,Married,3,Crop,1.2,8,FALSE,FALSE,TRUE,78,TRUE,TRUE,94738.65,TRUE,5343255,Trading,FALSE,7.1306,5.9449,40,Yes
F1087,25,Male,Oyo,None,Married,1,Mixed,1.2,5,FALSE,TRUE,TRUE,49,TRUE,TRUE,19198.29,TRUE,5476698,None,TRUE,8.2149,7.4354,35,Yes
F1088,22,Male,Enugu,Secondary,Single,0,Livestock,1.7,6,TRUE,TRUE,TRUE,54,FALSE,TRUE,85381.11,TRUE,4853106,Trading,FALSE,8.2367,6.7387,43,Yes
F1089,22,Male,Enugu,Secondary,Single,0,Livestock,1.5,3,TRUE,TRUE,TRUE,48,TRUE,FALSE,0,FALSE,1221417,Trading,TRUE,6.1713,6.97,38,Yes
F1090,26,Female,Enugu,Secondary,Married,3,Livestock,3.1,8,FALSE,FALSE,TRUE,67,TRUE,TRUE,0,FALSE,2091600,None,FALSE,9.9523,7.632,28,No
F1091,32,Male,Oyo,,Married,3,,1.4,3,TRUE,FALSE,TRUE,53,FALSE,TRUE,,TRUE,0,None,FALSE,9.8872,6.3272,34,Yes
F1092,25,Male,Oyo,Tertiary,Single,0,Crop,2.3,6,FALSE,TRUE,TRUE,45,FALSE,TRUE,23994.61,TRUE,4032594,None,FALSE,8.726,5.2637,35,Yes
F1093,33,Male,Enugu,Secondary,Married,0,Mixed,2.3,5,FALSE,FALSE,TRUE,52,TRUE,TRUE,43697.33,TRUE,4195512,None,TRUE,8.3947,6.6202,39,Yes
F1094,19,Female,Oyo,Tertiary,Single,0,Crop,2.6,2,TRUE,FALSE,TRUE,93,TRUE,TRUE,95857.81,TRUE,6142455,None,FALSE,7.7351,4.7114,48,Yes
F1095,28,Male,Kaduna,Tertiary,Married,2,Crop,3.1,1,FALSE,FALSE,TRUE,25,FALSE,TRUE,38755.45,TRUE,3395880,Remittances,FALSE,6.0199,5.7804,24,No
F1096,23,Male,Benue,Primary,Single,0,Mixed,2.5,5,FALSE,FALSE,TRUE,65,TRUE,TRUE,46107.28,TRUE,5897583,Remittances,TRUE,8.1301,3.1104,38,Yes
F1097,23,Female,Kaduna,,Single,0,,2.3,4,FALSE,FALSE,FALSE,48,FALSE,TRUE,,TRUE,0,Remittances,TRUE,7.219,6.1811,30,No
F1098,25,Male,Oyo,Secondary,Married,1,Crop,4,3,TRUE,FALSE,TRUE,44,TRUE,TRUE,34874.27,TRUE,4069899,None,FALSE,9.3509,5.2625,37,Yes
F1099,34,Female,Oyo,Primary,Single,3,Livestock,2.3,3,FALSE,TRUE,TRUE,81,TRUE,TRUE,56927.53,TRUE,5661144,None,FALSE,9.6487,3.7862,40,Yes
F1100,29,Female,Enugu,Primary,Single,0,Crop,4,1,TRUE,FALSE,TRUE,63,TRUE,TRUE,84963.11,TRUE,4998564,None,TRUE,6.2692,3.316,41,Yes
F1101,25,Male,Oyo,Tertiary,Married,1,Crop,3.8,3,FALSE,FALSE,TRUE,19,FALSE,FALSE,0,FALSE,1155771,None,TRUE,6.8045,6.4138,18,No
F1102,20,Male,Oyo,Tertiary,Single,0,Crop,2.2,7,TRUE,FALSE,TRUE,40,FALSE,FALSE,0,FALSE,1181331,Remittances,TRUE,6.118,3.123,24,No
F1103,33,Male,Enugu,,Married,2,,4.3,2,FALSE,TRUE,TRUE,80,TRUE,TRUE,,TRUE,0,None,TRUE,8.5864,6.1749,46,Yes
F1104,31,Female,Kano,Primary,Married,4,Livestock,2.5,7,TRUE,TRUE,TRUE,66,TRUE,TRUE,27534.13,TRUE,3581865,None,FALSE,6.6519,6.9012,35,Yes
F1105,20,Male,Kaduna,,Single,0,,1.8,7,FALSE,FALSE,TRUE,83,TRUE,TRUE,,TRUE,0,None,FALSE,9.7168,3.9974,43,Yes
F1106,32,Male,Oyo,None,Married,2,Crop,1.9,5,FALSE,TRUE,TRUE,64,TRUE,TRUE,97280.13,TRUE,5667993,None,FALSE,8.0581,7.96,39,Yes
F1107,20,Male,Oyo,Primary,Single,0,Mixed,3.4,3,TRUE,FALSE,TRUE,48,TRUE,TRUE,0,FALSE,3935898,None,TRUE,6.2336,5.379,26,Yes
F1108,27,Female,Oyo,None,Single,0,Crop,2.1,3,TRUE,TRUE,TRUE,71,TRUE,TRUE,25233.36,TRUE,5701500,None,TRUE,7.8916,6.843,47,Yes
F1109,23,Female,Enugu,Secondary,Single,0,Crop,2.1,3,FALSE,TRUE,FALSE,69,TRUE,FALSE,0,FALSE,2390544,None,TRUE,6.706,3.4643,31,No
F1110,28,Male,Kaduna,Primary,Married,3,Crop,4.2,8,TRUE,FALSE,TRUE,51,FALSE,TRUE,72173.48,TRUE,5095746,None,TRUE,8.8395,6.5593,30,Yes
F1111,29,Male,Kano,Secondary,Married,1,Crop,1.7,7,FALSE,FALSE,FALSE,78,FALSE,TRUE,0,FALSE,2422008,None,TRUE,7.6826,5.4291,23,No
F1112,31,Female,Enugu,Tertiary,Married,1,Mixed,4.9,5,FALSE,FALSE,TRUE,62,TRUE,TRUE,76566.78,TRUE,5486931,Remittances,TRUE,6.7839,5.0436,45,Yes
F1113,25,Female,Enugu,Secondary,Married,3,Crop,3.5,7,FALSE,TRUE,TRUE,49,TRUE,TRUE,0,FALSE,3081123,Trading,TRUE,6.7684,3.5323,31,Yes
F1114,19,Female,Kano,Primary,Married,1,Mixed,3.9,6,FALSE,FALSE,TRUE,37,FALSE,TRUE,20222.49,TRUE,5626035,None,FALSE,9.0524,6.7003,16,No
F1115,29,Female,Kaduna,Secondary,Married,2,Crop,4,9,FALSE,FALSE,TRUE,68,TRUE,TRUE,11896.48,TRUE,5657238,Trading,FALSE,8.6441,7.6114,43,Yes
F1116,23,Female,Kaduna,Secondary,Single,0,Livestock,1.9,8,TRUE,FALSE,FALSE,34,TRUE,TRUE,0,FALSE,2127483,None,TRUE,6.7329,5.9252,33,No
F1117,27,Female,Oyo,Tertiary,Married,1,Crop,4.4,7,FALSE,FALSE,TRUE,29,FALSE,TRUE,95692.19,TRUE,4697613,Trading,TRUE,7.617,6.0888,36,Yes
F1118,22,Female,Benue,Primary,Single,0,Mixed,3.4,3,TRUE,TRUE,TRUE,90,TRUE,FALSE,0,FALSE,2943882,None,TRUE,6.5927,3.9364,37,Yes
F1119,23,Male,Kano,Tertiary,Single,0,Crop,2.8,4,TRUE,TRUE,FALSE,24,TRUE,TRUE,42263.55,TRUE,3961053,None,FALSE,9.209,4.2172,41,Yes
F1120,26,Male,Kano,Primary,Single,0,Livestock,3.4,9,FALSE,TRUE,TRUE,41,FALSE,TRUE,46885.59,TRUE,4491846,Trading,FALSE,6.041,4.4267,24,No
F1121,24,Male,Enugu,Secondary,Married,1,Livestock,4.3,1,FALSE,TRUE,TRUE,59,TRUE,TRUE,59108.88,TRUE,4932990,None,FALSE,6.1716,3.4933,36,Yes
F1122,21,Male,Oyo,Secondary,Married,2,Livestock,3.1,6,FALSE,TRUE,TRUE,55,FALSE,TRUE,68774.41,TRUE,4061394,None,FALSE,8.2039,7.2484,37,Yes
F1123,27,Female,Oyo,Primary,Single,0,Crop,3.3,7,TRUE,FALSE,TRUE,67,TRUE,TRUE,52828.89,TRUE,6173928,Trading,TRUE,8.2766,6.1474,40,Yes
F1124,29,Male,Kaduna,Primary,Married,1,Crop,2.1,7,FALSE,FALSE,TRUE,54,TRUE,FALSE,0,FALSE,2648790,Trading,FALSE,7.1327,5.9979,13,No
F1125,22,Female,Kaduna,Tertiary,Single,0,Crop,1.7,1,TRUE,TRUE,TRUE,65,TRUE,TRUE,44107.31,TRUE,3391317,Trading,TRUE,8.6145,3.1966,50,Yes
F1126,22,Female,Enugu,Primary,Single,0,Livestock,1.5,3,TRUE,TRUE,TRUE,32,FALSE,TRUE,0,FALSE,3025035,Remittances,FALSE,8.7097,4.8478,18,No
F1127,21,Male,Enugu,None,Single,0,Mixed,1.9,9,FALSE,TRUE,TRUE,48,FALSE,TRUE,11008.99,TRUE,3599073,None,FALSE,9.6119,3.6387,22,No
F1128,19,Female,Kaduna,Primary,Married,3,Crop,4.2,7,TRUE,FALSE,TRUE,49,FALSE,TRUE,58592.2,TRUE,6680403,None,FALSE,9.4088,4.9487,27,Yes
F1129,27,Female,Enugu,Secondary,Married,1,Mixed,4.6,5,TRUE,TRUE,TRUE,45,FALSE,TRUE,67879.31,TRUE,3868443,None,FALSE,7.317,7.5956,38,Yes
F1130,18,Female,Benue,Secondary,Single,0,Mixed,2.9,7,TRUE,TRUE,TRUE,52,TRUE,TRUE,56645.77,TRUE,5051808,None,FALSE,9.5722,4.0892,47,Yes
F1131,22,Male,Enugu,Primary,Single,0,Crop,1.7,8,TRUE,TRUE,TRUE,70,TRUE,TRUE,0,FALSE,2494332,Trading,TRUE,7.8976,4.4563,30,Yes
F1132,19,Male,Enugu,Secondary,Single,0,Crop,3.6,7,TRUE,TRUE,TRUE,77,TRUE,FALSE,0,FALSE,1250271,None,TRUE,6.3662,7.788,39,Yes
F1133,33,Male,Enugu,Tertiary,Married,0,Livestock,3.6,7,FALSE,FALSE,TRUE,69,TRUE,TRUE,75330.5,TRUE,5361444,Trading,TRUE,8.9833,3.501,43,Yes
F1134,30,Female,Enugu,Tertiary,Married,1,Livestock,2.5,7,TRUE,FALSE,TRUE,73,TRUE,TRUE,32361.81,TRUE,5545719,Trading,FALSE,9.8956,4.9005,48,Yes
F1135,19,Female,Kaduna,Primary,Single,0,Livestock,4.2,3,TRUE,TRUE,TRUE,67,TRUE,TRUE,64912.87,TRUE,3269754,None,FALSE,8.5671,4.9935,39,Yes
F1136,31,Female,Benue,Primary,Single,1,Crop,4.3,9,TRUE,TRUE,TRUE,71,TRUE,TRUE,0,FALSE,2105118,None,TRUE,8.7697,6.8797,33,Yes
F1137,28,Male,Oyo,Secondary,Married,3,Crop,2.3,8,TRUE,TRUE,TRUE,58,TRUE,TRUE,21885.14,TRUE,3233223,None,TRUE,9.7726,3.9175,45,Yes
F1138,24,Male,Enugu,Tertiary,Single,0,Crop,4.1,3,TRUE,FALSE,FALSE,41,FALSE,TRUE,0,FALSE,1622601,None,TRUE,6.0046,3.0095,25,No
F1139,35,Female,Enugu,Secondary,Married,1,Livestock,3.6,5,TRUE,TRUE,TRUE,59,FALSE,TRUE,62208.27,TRUE,5360292,Trading,TRUE,7.3916,5.34,43,Yes
F1140,24,Female,Kano,Secondary,Single,0,Livestock,3.6,7,FALSE,FALSE,FALSE,38,TRUE,TRUE,0,FALSE,3498309,None,FALSE,6.6251,4.6439,16,No
F1141,21,Male,Kano,Tertiary,Single,0,Livestock,1.8,9,TRUE,FALSE,FALSE,77,TRUE,TRUE,78213.49,TRUE,5935041,None,TRUE,7.7411,4.6825,52,Yes
F1142,29,Female,Kaduna,Secondary,Married,4,Livestock,3.8,1,TRUE,TRUE,TRUE,54,TRUE,TRUE,68309.85,TRUE,3889251,Trading,TRUE,6.2598,7.8263,48,Yes
F1143,26,Female,Enugu,Secondary,Married,1,Crop,3.6,8,FALSE,FALSE,FALSE,53,TRUE,TRUE,80912.76,TRUE,6728769,None,FALSE,9.1037,4.3484,29,No
F1144,23,Male,Oyo,None,Married,1,Crop,4.8,1,TRUE,TRUE,TRUE,66,TRUE,TRUE,36235.46,TRUE,4469769,None,FALSE,9.1092,6.5508,39,Yes
F1145,20,Female,Kano,Secondary,Single,0,Crop,2.5,6,TRUE,FALSE,TRUE,62,TRUE,TRUE,54801.71,TRUE,2679408,None,TRUE,7.0858,7.731,49,Yes
F1146,22,Female,Kaduna,Primary,Single,0,Mixed,3.2,3,TRUE,FALSE,TRUE,69,TRUE,TRUE,60224.34,TRUE,5470083,None,FALSE,6.1284,3.1642,34,Yes
F1147,20,Female,Kano,Secondary,Married,1,Livestock,3.5,8,FALSE,TRUE,FALSE,54,FALSE,TRUE,65044.82,TRUE,4226679,None,TRUE,6.9297,7.4454,38,Yes
F1148,19,Female,Kaduna,Tertiary,Married,2,Livestock,4.6,8,FALSE,TRUE,TRUE,58,TRUE,TRUE,16994.12,TRUE,6419934,Trading,FALSE,9.2298,6.2783,45,Yes
F1149,32,Male,Benue,Tertiary,Married,1,Crop,1.6,4,TRUE,TRUE,FALSE,39,FALSE,TRUE,53605.8,TRUE,4088997,Trading,FALSE,6.3207,7.7268,35,Yes
F1150,34,Female,Kaduna,None,Married,3,Mixed,4.7,5,FALSE,FALSE,TRUE,77,TRUE,FALSE,0,FALSE,3152106,Trading,FALSE,8.6314,4.4966,14,No
F1151,26,Male,Oyo,Secondary,Married,1,Livestock,4.7,6,TRUE,FALSE,TRUE,75,TRUE,TRUE,65997.87,TRUE,3831822,Trading,TRUE,9.3988,6.9931,45,Yes
F1152,32,Male,Benue,Secondary,Married,1,Crop,3.8,2,TRUE,FALSE,TRUE,53,TRUE,TRUE,96087.41,TRUE,4636836,None,FALSE,7.5827,5.0779,44,Yes
F1153,21,Male,Benue,Primary,Married,1,Livestock,1.2,6,TRUE,FALSE,FALSE,63,FALSE,TRUE,96771.24,TRUE,3393612,Trading,TRUE,6.0896,7.1677,28,Yes
F1154,24,Female,Oyo,None,Single,0,Mixed,2.5,5,FALSE,TRUE,TRUE,71,TRUE,TRUE,20981.96,TRUE,4156263,Trading,FALSE,6.1744,3.4691,34,Yes
F1155,30,Female,Enugu,Primary,Married,4,Crop,1,3,TRUE,FALSE,TRUE,50,TRUE,FALSE,0,FALSE,3887703,None,FALSE,9.3125,3.9604,19,No
F1156,35,Male,Enugu,Secondary,Married,1,Livestock,2.6,7,TRUE,FALSE,TRUE,78,TRUE,TRUE,99768.37,TRUE,4732713,None,TRUE,8.5154,4.2213,40,Yes
F1157,32,Male,Oyo,Secondary,Married,1,Crop,3.3,3,FALSE,TRUE,TRUE,47,TRUE,TRUE,0,FALSE,2310669,Trading,FALSE,8.955,6.6221,28,No
F1158,34,Female,Oyo,Secondary,Married,0,Crop,3.9,4,FALSE,TRUE,TRUE,72,TRUE,TRUE,68379.89,TRUE,4389489,Trading,FALSE,6.8866,3.718,37,Yes
F1159,20,Male,Enugu,Primary,Single,0,Livestock,4.9,5,TRUE,TRUE,FALSE,29,FALSE,TRUE,0,FALSE,2060361,Trading,FALSE,7.1197,6.1991,15,No
F1160,24,Female,Oyo,Primary,Single,0,Crop,1.5,1,TRUE,TRUE,TRUE,63,TRUE,TRUE,43190.82,TRUE,4695894,None,FALSE,8.6086,3.2241,43,Yes
F1161,29,Male,Benue,Secondary,Single,0,Mixed,2.6,5,TRUE,FALSE,TRUE,56,TRUE,TRUE,62178.23,TRUE,3451923,Trading,FALSE,6.241,7.4664,40,Yes
F1162,25,Female,Kaduna,Primary,Married,4,Livestock,2.6,2,TRUE,TRUE,TRUE,60,FALSE,TRUE,49175.06,TRUE,2237382,Trading,TRUE,7.7984,7.4757,30,Yes
F1163,26,Male,Kaduna,Tertiary,Single,0,Crop,4.6,8,FALSE,TRUE,TRUE,53,FALSE,TRUE,89297.29,TRUE,4046670,None,TRUE,8.1907,4.0914,34,Yes
F1164,19,Female,Kano,None,Married,2,Livestock,4.5,1,TRUE,TRUE,TRUE,50,FALSE,TRUE,94867.72,TRUE,4882023,Trading,FALSE,7.3246,5.3021,32,Yes
F1165,23,Female,Benue,None,Single,0,Livestock,4.1,8,TRUE,FALSE,TRUE,72,TRUE,TRUE,75457.9,TRUE,5144094,None,FALSE,6.8636,6.3765,34,Yes
F1166,23,Male,Enugu,Secondary,Single,0,Livestock,2.9,1,TRUE,FALSE,TRUE,80,TRUE,TRUE,83734.75,TRUE,5682501,None,FALSE,6.9348,4.2642,49,Yes
F1167,24,Female,Kano,Primary,Married,2,Livestock,4.7,6,FALSE,TRUE,FALSE,75,TRUE,FALSE,0,FALSE,2267433,None,FALSE,8.3359,3.6742,17,No
F1168,30,Male,Enugu,Secondary,Married,2,Crop,4.5,9,TRUE,TRUE,TRUE,38,TRUE,TRUE,10621.02,TRUE,5216076,None,FALSE,8.2083,6.0386,47,Yes
F1169,24,Female,Oyo,Primary,Single,0,Crop,3.5,5,FALSE,TRUE,TRUE,44,FALSE,FALSE,0,FALSE,2934018,None,FALSE,7.2903,4.2202,7,No
F1170,22,Female,Kano,Secondary,Single,0,Livestock,4.8,8,TRUE,FALSE,TRUE,71,TRUE,TRUE,0,FALSE,2932551,None,TRUE,7.6408,5.6599,40,Yes
F1171,34,Male,Benue,Secondary,Single,2,Crop,1.2,6,FALSE,FALSE,TRUE,83,TRUE,FALSE,0,FALSE,1704537,None,TRUE,6.9869,5.2415,29,No
F1172,29,Male,Kaduna,Secondary,Single,2,Livestock,3.9,4,FALSE,TRUE,FALSE,15,FALSE,TRUE,87934.28,TRUE,4191993,None,FALSE,8.4266,5.3622,30,No
F1173,22,Male,Benue,Secondary,Single,0,Crop,4.5,6,TRUE,FALSE,FALSE,71,TRUE,TRUE,48322.93,TRUE,4208265,Remittances,TRUE,6.6274,7.7463,43,Yes
F1174,33,Male,Kaduna,Secondary,Single,0,Crop,4.3,7,FALSE,TRUE,TRUE,74,TRUE,TRUE,41514.97,TRUE,4948713,Trading,TRUE,6.5935,4.4654,49,Yes
F1175,31,Male,Enugu,Secondary,Married,2,Livestock,1.7,7,TRUE,TRUE,TRUE,60,TRUE,FALSE,0,FALSE,2794959,Trading,FALSE,6.8334,4.9396,33,Yes
F1176,33,Male,Kaduna,Secondary,Married,7,Crop,2.6,2,TRUE,FALSE,TRUE,44,FALSE,FALSE,0,FALSE,3364452,None,FALSE,6.0764,5.4833,25,No
F1177,33,Male,Oyo,None,Single,2,Crop,1.4,2,FALSE,TRUE,TRUE,42,FALSE,TRUE,58623.77,TRUE,4765617,Trading,FALSE,7.7821,4.2311,27,No
F1178,20,Female,Oyo,Primary,Married,1,Crop,1.2,2,TRUE,FALSE,TRUE,33,FALSE,TRUE,70866.7,TRUE,3303432,None,FALSE,6.9112,7.154,21,Yes
F1179,20,Female,Kaduna,Primary,Single,0,Mixed,4.6,7,TRUE,TRUE,TRUE,24,FALSE,TRUE,10030.99,TRUE,3994974,None,TRUE,9.8327,7.4543,31,Yes
F1180,20,Male,Benue,Tertiary,Married,0,Crop,2.9,2,FALSE,FALSE,TRUE,81,TRUE,TRUE,81188.23,TRUE,3426966,None,FALSE,6.188,4.4032,43,Yes
F1181,26,Male,Benue,Secondary,Married,2,Crop,4.3,4,TRUE,FALSE,TRUE,23,FALSE,TRUE,38449.63,TRUE,4114305,None,FALSE,7.4938,7.5381,33,Yes
F1182,30,Female,Kaduna,None,Married,2,Crop,2,6,FALSE,TRUE,TRUE,31,FALSE,TRUE,75631.56,TRUE,5152347,None,FALSE,6.3113,7.4825,24,No
F1183,26,Male,Oyo,Secondary,Married,2,Crop,3.2,7,FALSE,FALSE,TRUE,29,TRUE,TRUE,68809.91,TRUE,4696416,None,TRUE,8.487,7.0695,46,Yes
F1184,30,Female,Enugu,Tertiary,Married,3,Mixed,3.1,9,TRUE,FALSE,TRUE,43,FALSE,TRUE,87734.62,TRUE,4478580,None,FALSE,8.6564,7.7831,38,Yes
F1185,31,Male,Enugu,Secondary,Single,0,Livestock,1.5,8,FALSE,FALSE,TRUE,65,TRUE,TRUE,98759.33,TRUE,3289491,None,TRUE,8.9821,5.1939,40,Yes
F1186,21,Male,Benue,Secondary,Married,1,Mixed,5,4,TRUE,FALSE,TRUE,35,TRUE,TRUE,83076.05,TRUE,3835845,None,TRUE,9.2878,6.7358,50,Yes
F1187,29,Female,Oyo,Primary,Married,2,Crop,2.8,8,TRUE,TRUE,TRUE,65,TRUE,TRUE,48454.47,TRUE,4555899,None,FALSE,9.5955,4.3011,44,Yes
F1188,26,Female,Kaduna,Secondary,Married,0,Mixed,3.7,8,FALSE,FALSE,TRUE,50,TRUE,TRUE,54584.18,TRUE,3825441,None,FALSE,8.1528,7.6644,32,Yes
F1189,20,Female,Enugu,Primary,Single,0,Crop,3,3,FALSE,FALSE,TRUE,49,TRUE,FALSE,0,FALSE,900000,None,TRUE,7.1453,5.7665,12,No
F1190,28,Female,Oyo,,Married,1,,2.3,8,FALSE,TRUE,TRUE,30,FALSE,TRUE,,TRUE,0,None,FALSE,6.5694,4.9922,39,No
F1191,24,Female,Enugu,Secondary,Single,0,Crop,1,7,TRUE,TRUE,TRUE,28,FALSE,TRUE,69769.8,TRUE,4512339,Trading,TRUE,9.6975,7.6923,44,Yes
F1192,18,Male,Kano,None,Single,0,Crop,4.2,3,FALSE,TRUE,TRUE,41,TRUE,TRUE,20138.78,TRUE,5082921,None,TRUE,6.1657,4.6916,37,Yes
F1193,28,Male,Kano,Secondary,Single,0,Mixed,3.6,6,FALSE,TRUE,TRUE,50,TRUE,TRUE,59241.52,TRUE,4432662,Trading,TRUE,6.2401,6.9209,38,Yes
F1194,21,Female,Benue,Tertiary,Single,0,Crop,2.3,6,FALSE,FALSE,TRUE,72,TRUE,TRUE,42948.26,TRUE,5150844,Trading,TRUE,6.6011,5.0952,49,Yes
F1195,22,Male,Oyo,Secondary,Single,0,Livestock,3.3,8,FALSE,FALSE,TRUE,49,TRUE,FALSE,0,FALSE,2308482,None,FALSE,6.1572,6.247,22,No
F1196,20,Female,Kano,Secondary,Single,0,Livestock,2.2,2,FALSE,FALSE,TRUE,58,FALSE,TRUE,83869.41,TRUE,2308842,None,FALSE,7.9752,7.2885,28,No
F1197,21,Male,Oyo,Secondary,Single,0,Livestock,3.9,4,TRUE,FALSE,TRUE,78,TRUE,FALSE,0,FALSE,2211165,None,FALSE,8.0451,3.6448,32,No
F1198,26,Male,Kano,Primary,Married,4,Mixed,4.7,1,TRUE,TRUE,TRUE,64,TRUE,FALSE,0,FALSE,2881530,None,FALSE,7.443,3.5434,26,No
F1199,29,Male,Benue,Secondary,Married,2,Livestock,2.3,9,TRUE,TRUE,TRUE,84,TRUE,TRUE,0,FALSE,3495915,Trading,FALSE,7.6517,6.0604,43,Yes
F1200,21,Female,Oyo,Secondary,Single,0,Crop,2.1,9,TRUE,FALSE,TRUE,100,TRUE,TRUE,0,FALSE,2413152,Remittances,FALSE,9.2446,7.9333,35,No
F1201,24,Female,Kano,Primary,Single,0,Mixed,2.1,7,TRUE,FALSE,TRUE,68,TRUE,FALSE,0,FALSE,2740509,None,TRUE,7.6347,6.7061,29,Yes
F1202,32,Male,Kano,Primary,Married,0,Crop,1.2,4,TRUE,FALSE,TRUE,43,FALSE,FALSE,0,FALSE,3575322,None,FALSE,6.4481,6.5128,15,No
F1203,26,Male,Enugu,Primary,Married,4,Livestock,2.5,9,TRUE,FALSE,TRUE,71,TRUE,TRUE,21109.6,TRUE,5600943,None,FALSE,8.3327,5.8845,34,Yes
F1204,32,Male,Enugu,None,Married,3,Livestock,3.9,6,FALSE,TRUE,FALSE,72,FALSE,FALSE,0,FALSE,2328507,Trading,TRUE,6.8298,5.5794,18,No
F1205,34,Male,Benue,Secondary,Married,1,Mixed,3.4,9,FALSE,FALSE,TRUE,45,FALSE,TRUE,27348.58,TRUE,3490749,None,TRUE,9.4038,6.5723,31,Yes
F1206,19,Male,Enugu,Secondary,Married,4,Livestock,5,8,TRUE,TRUE,TRUE,56,TRUE,TRUE,68200.9,TRUE,5155470,None,TRUE,8.6683,5.4676,54,Yes
F1207,24,Female,Enugu,Secondary,Married,3,Crop,2.7,5,TRUE,FALSE,TRUE,53,FALSE,TRUE,79726.79,TRUE,4293279,None,FALSE,6.9102,4.3217,37,Yes
F1208,24,Female,Oyo,None,Single,0,Crop,2.7,4,TRUE,TRUE,TRUE,83,TRUE,TRUE,0,FALSE,3253608,Trading,FALSE,8.3132,6.3913,24,No
F1209,22,Female,Kaduna,Secondary,Single,0,Livestock,4.4,1,TRUE,FALSE,TRUE,99,TRUE,TRUE,0,FALSE,900000,None,FALSE,7.167,5.775,30,No
F1210,34,Male,Oyo,Tertiary,Single,0,Mixed,4.5,5,TRUE,TRUE,TRUE,57,FALSE,TRUE,23928.27,TRUE,2580930,None,TRUE,6.9721,7.7849,40,Yes
F1211,18,Male,Benue,Secondary,Single,0,Mixed,3.7,5,TRUE,FALSE,TRUE,58,TRUE,FALSE,0,FALSE,1402254,Remittances,TRUE,9.8134,7.551,29,No
F1212,21,Female,Kaduna,Primary,Single,0,Crop,2.3,6,TRUE,TRUE,TRUE,49,TRUE,TRUE,43037.23,TRUE,4658868,None,TRUE,6.9033,4.3082,40,Yes
F1213,31,Male,Kano,None,Married,2,Mixed,4.3,6,FALSE,FALSE,TRUE,58,TRUE,TRUE,0,FALSE,1530234,None,TRUE,8.5287,5.7725,16,No
F1214,31,Female,Enugu,Tertiary,Married,2,Crop,4.2,7,FALSE,FALSE,TRUE,48,FALSE,FALSE,0,FALSE,2214162,None,FALSE,8.8811,5.3813,17,No
F1215,32,Male,Oyo,Primary,Married,4,Crop,1.6,6,TRUE,TRUE,TRUE,53,TRUE,TRUE,70093.16,TRUE,4871961,None,FALSE,7.3749,6.8487,35,Yes
F1216,25,Male,Enugu,Primary,Married,3,Crop,3.6,1,TRUE,FALSE,TRUE,35,TRUE,TRUE,94706.24,TRUE,4782546,None,FALSE,9.703,6.3026,29,Yes
F1217,28,Male,Oyo,Tertiary,Married,2,Livestock,3.8,6,TRUE,FALSE,TRUE,26,FALSE,TRUE,55930.58,TRUE,3837051,None,FALSE,9.7079,6.3163,34,Yes
F1218,18,Male,Enugu,Primary,Married,3,Crop,2.5,9,TRUE,FALSE,TRUE,86,TRUE,TRUE,86799.22,TRUE,4190049,None,TRUE,9.2925,6.2191,40,Yes
F1219,22,Female,Kano,Tertiary,Single,0,Crop,1.3,7,FALSE,TRUE,TRUE,11,FALSE,TRUE,0,FALSE,2050218,Remittances,TRUE,8.4036,6.3329,31,No
F1220,32,Male,Kaduna,Primary,Single,0,Mixed,3.9,1,TRUE,TRUE,FALSE,74,TRUE,TRUE,70650.31,TRUE,5737545,None,TRUE,8.7369,6.1266,38,Yes
F1221,24,Female,Kano,Secondary,Single,0,Livestock,4.9,9,TRUE,TRUE,TRUE,58,FALSE,TRUE,89730.59,TRUE,4357917,Trading,FALSE,9.2002,6.8377,39,Yes
F1222,30,Male,Kaduna,Secondary,Married,2,Mixed,3.3,3,FALSE,FALSE,TRUE,73,TRUE,TRUE,0,FALSE,2854818,None,FALSE,9.2078,5.8052,29,No
F1223,33,Female,Oyo,None,Single,0,Livestock,1.5,6,FALSE,TRUE,TRUE,59,TRUE,TRUE,0,FALSE,1872207,None,FALSE,7.2618,5.2551,15,No
F1224,27,Male,Enugu,None,Married,5,Mixed,5,5,FALSE,FALSE,FALSE,46,FALSE,TRUE,74766.39,TRUE,4285764,None,FALSE,8.6311,4.5522,14,No
F1225,31,Female,Oyo,None,Single,1,Livestock,3.6,1,TRUE,FALSE,TRUE,63,TRUE,TRUE,0,FALSE,2187648,None,TRUE,8.1199,6.1254,26,No
F1226,30,Male,Kano,Tertiary,Single,0,Mixed,4.8,5,FALSE,FALSE,TRUE,100,TRUE,FALSE,0,FALSE,1053693,Remittances,FALSE,9.6947,5.4808,24,No
F1227,29,Female,Benue,Secondary,Single,2,Crop,4.4,2,TRUE,TRUE,TRUE,18,FALSE,TRUE,32913.03,TRUE,4539447,None,TRUE,9.3084,7.7915,43,Yes
F1228,20,Male,Oyo,None,Married,1,Mixed,2.2,6,FALSE,TRUE,TRUE,54,TRUE,TRUE,43997.07,TRUE,6149214,None,TRUE,8.6953,5.8121,36,Yes
F1229,24,Male,Benue,None,Single,0,Livestock,2.5,3,FALSE,FALSE,FALSE,74,TRUE,TRUE,50823.58,TRUE,6213987,None,FALSE,7.3972,6.9962,25,No
F1230,21,Male,Oyo,Secondary,Married,2,Mixed,2.2,2,TRUE,TRUE,TRUE,55,TRUE,TRUE,0,FALSE,2181834,None,TRUE,7.0491,4.2293,39,Yes
F1231,22,Female,Kaduna,Secondary,Single,0,Mixed,4.5,8,TRUE,TRUE,TRUE,89,TRUE,TRUE,17287.23,TRUE,5293863,None,TRUE,8.1196,5.4513,55,Yes
F1232,27,Female,Oyo,None,Single,0,Mixed,2.2,6,FALSE,TRUE,TRUE,71,TRUE,TRUE,70978.72,TRUE,4575960,None,FALSE,8.4367,5.8697,31,Yes
F1233,27,Female,Kaduna,,Single,0,,2.4,7,TRUE,TRUE,TRUE,29,TRUE,TRUE,,TRUE,0,Remittances,TRUE,9.9216,4.7377,55,Yes
F1234,34,Male,Kaduna,Tertiary,Married,1,Crop,3.2,5,FALSE,TRUE,FALSE,66,TRUE,TRUE,43702.84,TRUE,4146696,None,TRUE,9.6654,7.4839,44,Yes
F1235,35,Male,Benue,Tertiary,Married,2,Crop,2.4,8,TRUE,FALSE,TRUE,68,TRUE,TRUE,95198.84,TRUE,4143852,None,TRUE,6.561,6.4864,51,Yes
F1236,18,Female,Benue,,Single,0,,4.7,8,TRUE,TRUE,TRUE,37,FALSE,FALSE,,FALSE,0,None,FALSE,9.2591,7.0865,16,No
F1237,18,Male,Kano,Primary,Single,0,Crop,3.7,8,FALSE,FALSE,TRUE,66,FALSE,TRUE,53364.53,TRUE,3589209,Remittances,TRUE,6.4264,7.1075,25,Yes
F1238,21,Male,Kaduna,Primary,Single,0,Livestock,3.7,7,FALSE,FALSE,TRUE,52,TRUE,FALSE,0,FALSE,2013885,None,FALSE,6.8553,6.9475,9,No
F1239,22,Female,Enugu,Primary,Married,0,Mixed,3.8,2,FALSE,FALSE,TRUE,42,FALSE,TRUE,65751.23,TRUE,3634479,Trading,FALSE,8.3592,6.1625,17,No
F1240,29,Female,Kano,Tertiary,Married,3,Crop,2.7,1,FALSE,FALSE,TRUE,35,FALSE,FALSE,0,FALSE,1607580,None,FALSE,9.8094,5.7126,20,No
F1241,26,Female,Oyo,Secondary,Single,0,Crop,1.4,3,FALSE,FALSE,FALSE,53,FALSE,TRUE,99341.17,TRUE,4591980,None,FALSE,7.3197,3.5902,26,No
F1242,33,Female,Benue,Secondary,Single,2,Livestock,2.6,5,TRUE,FALSE,FALSE,57,FALSE,TRUE,35971.92,TRUE,4487013,Remittances,TRUE,7.1838,4.7422,37,Yes
F1243,31,Male,Enugu,Secondary,Single,1,Crop,1.4,1,TRUE,FALSE,TRUE,65,TRUE,TRUE,49374.15,TRUE,4506714,None,TRUE,8.7834,6.6713,46,Yes
F1244,33,Male,Kano,None,Single,2,Livestock,3.9,8,FALSE,TRUE,TRUE,32,TRUE,TRUE,99209.45,TRUE,2647602,Remittances,FALSE,6.5267,4.1713,32,Yes
F1245,34,Male,Oyo,Secondary,Single,0,Crop,1.3,5,TRUE,FALSE,FALSE,42,FALSE,FALSE,0,FALSE,1605861,None,TRUE,6.2023,5.5849,24,No
F1246,24,Male,Benue,Primary,Single,0,Crop,2.4,2,TRUE,FALSE,FALSE,44,FALSE,TRUE,83735.61,TRUE,3775914,None,FALSE,7.9189,3.245,19,No
F1247,24,Female,Enugu,Secondary,Single,0,Crop,4.3,9,TRUE,FALSE,TRUE,38,FALSE,TRUE,94859.99,TRUE,5292711,None,FALSE,8.1584,6.7874,38,Yes
F1248,33,Female,Enugu,None,Married,2,Crop,1.8,2,TRUE,FALSE,TRUE,37,FALSE,TRUE,63236.96,TRUE,4896288,Trading,FALSE,8.8638,6.6323,26,Yes
F1249,33,Female,Enugu,Secondary,Married,1,Livestock,4.9,7,FALSE,TRUE,FALSE,55,TRUE,TRUE,54558.72,TRUE,5028777,Trading,FALSE,6.1289,5.7331,38,Yes
F1250,24,Female,Benue,Tertiary,Single,0,Crop,4.7,6,TRUE,TRUE,FALSE,51,FALSE,TRUE,93819.18,TRUE,3402675,Trading,FALSE,8.9394,6.5074,34,Yes
F1251,19,Female,Kaduna,Secondary,Married,4,Mixed,1.8,9,TRUE,FALSE,TRUE,69,FALSE,TRUE,91661.39,TRUE,4931577,Trading,FALSE,8.3564,7.8474,41,Yes
F1252,23,Male,Benue,Primary,Married,0,Crop,4.9,6,FALSE,FALSE,TRUE,77,TRUE,TRUE,29645.73,TRUE,5085837,None,TRUE,6.3834,3.3731,36,Yes
F1253,26,Female,Kano,Primary,Married,0,Crop,4.8,7,TRUE,FALSE,TRUE,53,TRUE,TRUE,51457.4,TRUE,4134753,None,TRUE,6.0618,7.5536,31,Yes
F1254,29,Female,Enugu,Secondary,Single,3,Livestock,1.3,5,TRUE,TRUE,FALSE,43,FALSE,TRUE,94229.1,TRUE,4815864,Trading,TRUE,8.9941,4.6778,37,Yes
F1255,35,Male,Kano,Secondary,Single,4,Livestock,1.8,2,FALSE,TRUE,TRUE,60,TRUE,TRUE,0,FALSE,2420190,None,TRUE,9.9371,3.2981,31,No
F1256,34,Female,Enugu,Secondary,Married,2,Livestock,3.3,4,TRUE,FALSE,TRUE,54,TRUE,TRUE,70304.28,TRUE,5207841,None,TRUE,9.024,3.8382,41,Yes
F1257,35,Female,Oyo,Secondary,Married,2,Crop,3.2,8,TRUE,FALSE,FALSE,37,FALSE,FALSE,0,FALSE,1540530,Trading,TRUE,6.3578,5.1265,18,No
F1258,20,Female,Oyo,Secondary,Married,5,Crop,3.5,2,TRUE,FALSE,TRUE,100,TRUE,TRUE,27155.96,TRUE,4740138,None,FALSE,9.4343,6.7195,46,Yes
F1259,18,Male,Kano,Tertiary,Single,0,Crop,4,1,TRUE,FALSE,TRUE,65,FALSE,TRUE,25462.94,TRUE,5587848,Remittances,TRUE,9.6138,3.8911,42,Yes
F1260,28,Female,Kano,Tertiary,Married,3,Livestock,4.8,1,FALSE,TRUE,TRUE,73,TRUE,TRUE,52392.45,TRUE,4778325,Remittances,TRUE,8.5155,3.0604,53,Yes
F1261,30,Female,Kaduna,Secondary,Married,2,Crop,1.7,9,FALSE,TRUE,TRUE,88,TRUE,FALSE,0,FALSE,2687310,Trading,TRUE,7.4138,4.2188,36,No
F1262,21,Female,Oyo,Tertiary,Married,0,Crop,2.9,2,TRUE,FALSE,TRUE,56,FALSE,TRUE,92301.02,TRUE,3966552,None,FALSE,6.4686,4.3475,33,Yes
F1263,21,Female,Enugu,None,Single,0,Livestock,3.1,7,TRUE,TRUE,TRUE,27,TRUE,FALSE,0,FALSE,2101365,None,TRUE,8.7186,4.5811,32,Yes
F1264,27,Female,Kaduna,Primary,Married,0,Livestock,2,8,TRUE,TRUE,TRUE,84,TRUE,TRUE,31486.74,TRUE,3461598,Trading,TRUE,6.8435,3.2838,44,Yes
F1265,32,Male,Kano,Primary,Married,0,Mixed,4.2,1,FALSE,TRUE,FALSE,71,FALSE,TRUE,58126.52,TRUE,4009302,None,TRUE,7.8471,3.5172,33,Yes
F1266,32,Male,Oyo,Secondary,Married,2,Livestock,2.5,6,TRUE,FALSE,TRUE,97,TRUE,TRUE,33443.73,TRUE,5309523,None,TRUE,9.3982,6.0531,51,Yes
F1267,18,Male,Kano,Secondary,Single,0,Crop,1.2,7,TRUE,TRUE,FALSE,84,TRUE,TRUE,35018.49,TRUE,7260030,Trading,FALSE,9.1699,6.9098,47,Yes
F1268,25,Female,Benue,None,Single,0,Mixed,3.6,6,TRUE,FALSE,TRUE,65,TRUE,TRUE,84630.85,TRUE,4008330,Trading,FALSE,8.75,3.2834,34,Yes
F1269,21,Female,Benue,Primary,Single,0,Crop,4.1,7,TRUE,FALSE,TRUE,65,TRUE,TRUE,42895.74,TRUE,5034780,Trading,TRUE,6.2662,6.6056,39,Yes
F1270,27,Male,Benue,Secondary,Single,0,Mixed,4.5,3,FALSE,FALSE,TRUE,55,TRUE,TRUE,0,FALSE,3945024,Trading,TRUE,6.2047,7.2146,27,No
F1271,32,Female,Enugu,Primary,Married,2,Crop,2.3,3,TRUE,TRUE,TRUE,45,TRUE,TRUE,62860.94,TRUE,3020985,None,FALSE,9.9425,5.6577,30,Yes
F1272,22,Female,Kaduna,Secondary,Married,1,Crop,4.6,4,FALSE,TRUE,TRUE,73,TRUE,TRUE,75391.89,TRUE,3027024,Trading,TRUE,7.0895,5.2011,50,Yes
F1273,22,Male,Enugu,Tertiary,Single,0,Crop,1.6,8,FALSE,TRUE,TRUE,62,TRUE,TRUE,50324.15,TRUE,3842685,None,FALSE,8.8988,3.7361,46,Yes
F1274,26,Male,Oyo,Secondary,Married,2,Livestock,3.2,5,TRUE,FALSE,FALSE,48,TRUE,TRUE,0,FALSE,3718737,None,TRUE,6.8077,7.0796,30,Yes
F1275,28,Male,Kaduna,Primary,Single,0,Livestock,3.5,2,TRUE,FALSE,TRUE,45,FALSE,TRUE,36384.29,TRUE,5707197,Trading,TRUE,7.2519,6.2686,34,Yes
F1276,31,Female,Enugu,Primary,Married,0,Crop,4.2,8,FALSE,TRUE,FALSE,59,TRUE,TRUE,54419.33,TRUE,5386131,None,TRUE,8.8442,7.4821,29,Yes
F1277,20,Female,Benue,Secondary,Married,1,Mixed,1.9,6,FALSE,FALSE,TRUE,62,FALSE,TRUE,91630.73,TRUE,3820338,None,FALSE,6.3792,6.1584,40,Yes
F1278,18,Female,Oyo,Tertiary,Single,0,Crop,2.6,2,TRUE,TRUE,TRUE,50,FALSE,TRUE,60408.36,TRUE,3820869,None,FALSE,9.5368,4.3866,41,Yes
F1279,35,Female,Kano,None,Married,3,Crop,1.7,3,FALSE,FALSE,TRUE,80,TRUE,TRUE,82991.3,TRUE,3671199,Remittances,FALSE,6.9719,5.2284,32,Yes
F1280,18,Female,Benue,Primary,Married,2,Livestock,4.1,7,FALSE,TRUE,TRUE,29,FALSE,FALSE,0,FALSE,2862171,Trading,TRUE,9.9492,7.7509,22,No
F1281,34,Female,Kaduna,Primary,Married,1,Crop,2.5,9,TRUE,TRUE,TRUE,69,TRUE,TRUE,46310.72,TRUE,3872394,Remittances,TRUE,8.7378,3.7089,55,Yes
F1282,29,Female,Kano,Primary,Married,3,Mixed,2.4,7,FALSE,FALSE,TRUE,72,FALSE,TRUE,21105.01,TRUE,3896613,Trading,FALSE,7.8717,3.6518,24,No
F1283,24,Male,Benue,None,Single,0,Crop,2.3,2,TRUE,TRUE,TRUE,50,FALSE,FALSE,0,FALSE,4158909,Trading,TRUE,6.8396,6.0723,26,No
F1284,24,Male,Benue,Primary,Single,0,Crop,4.4,6,TRUE,FALSE,TRUE,54,TRUE,TRUE,82187.83,TRUE,3614121,Trading,TRUE,6.553,6.0739,32,Yes
F1285,19,Female,Kaduna,Secondary,Married,2,Crop,4.6,2,TRUE,TRUE,TRUE,59,FALSE,TRUE,0,FALSE,1692099,None,FALSE,9.5742,5.2747,28,No
F1286,25,Female,Benue,None,Married,1,Crop,3.7,6,TRUE,FALSE,TRUE,36,FALSE,FALSE,0,FALSE,3429000,None,TRUE,6.6125,3.7373,15,No
F1287,19,Male,Enugu,Tertiary,Single,0,Mixed,3.2,6,FALSE,TRUE,TRUE,61,TRUE,TRUE,95718.61,TRUE,4633290,None,TRUE,8.5205,7.631,48,Yes
F1288,32,Male,Benue,Primary,Married,3,Mixed,3.9,1,FALSE,TRUE,TRUE,60,FALSE,TRUE,0,FALSE,2741670,None,FALSE,8.1391,4.5006,11,No
F1289,34,Female,Enugu,Tertiary,Married,1,Crop,1.3,7,TRUE,TRUE,TRUE,61,FALSE,TRUE,0,FALSE,1954989,Trading,FALSE,9.2296,6.9253,31,No
F1290,35,Male,Benue,Primary,Married,3,Crop,1.5,2,TRUE,TRUE,FALSE,45,FALSE,TRUE,57117.29,TRUE,4555602,Remittances,TRUE,9.8275,6.0753,24,Yes
F1291,32,Male,Oyo,Tertiary,Married,3,Livestock,2.5,3,FALSE,TRUE,TRUE,67,TRUE,TRUE,0,FALSE,1894680,Trading,TRUE,6.3458,3.1084,42,Yes
F1292,18,Female,Kaduna,Secondary,Single,0,Crop,4.9,3,TRUE,TRUE,TRUE,22,FALSE,TRUE,83569.89,TRUE,4492728,Trading,TRUE,8.6186,6.4304,45,Yes
F1293,33,Male,Oyo,Primary,Single,1,Mixed,4.7,1,TRUE,FALSE,TRUE,71,TRUE,TRUE,13700.97,TRUE,4585149,None,FALSE,7.7678,6.7901,35,Yes
F1294,19,Male,Oyo,Secondary,Married,0,Crop,3.4,8,TRUE,FALSE,TRUE,58,TRUE,TRUE,40097.06,TRUE,4426083,Trading,TRUE,7.7594,7.8187,46,Yes
F1295,21,Male,Kaduna,Secondary,Married,7,Crop,1.9,4,TRUE,TRUE,FALSE,67,TRUE,FALSE,0,FALSE,2307159,None,TRUE,9.0108,6.883,34,No
F1296,34,Male,Enugu,Tertiary,Single,0,Crop,4.4,1,TRUE,FALSE,TRUE,47,TRUE,TRUE,11910.74,TRUE,2836575,Trading,TRUE,7.8564,5.8995,41,Yes
F1297,35,Female,Kaduna,Secondary,Married,3,Livestock,3.1,6,TRUE,FALSE,TRUE,70,FALSE,TRUE,32085.28,TRUE,2928708,None,TRUE,6.7862,6.0737,45,Yes
F1298,22,Female,Benue,Tertiary,Single,0,Crop,3.6,9,FALSE,FALSE,TRUE,77,TRUE,TRUE,13080.56,TRUE,4175973,Remittances,TRUE,9.7433,6.6495,42,Yes
F1299,32,Female,Benue,Tertiary,Single,1,Crop,4.9,9,FALSE,FALSE,TRUE,59,TRUE,TRUE,47528.2,TRUE,3947202,Trading,FALSE,6.0392,5.9392,35,Yes
F1300,28,Male,Enugu,Tertiary,Single,0,Crop,2,9,FALSE,TRUE,TRUE,49,FALSE,TRUE,37144.35,TRUE,4890573,None,FALSE,8.8122,5.8184,33,Yes
F1301,25,Female,Kano,None,Married,3,Crop,4,5,FALSE,FALSE,TRUE,52,FALSE,TRUE,68220.63,TRUE,3951477,Remittances,TRUE,6.6662,4.414,24,Yes
F1302,33,Male,Benue,Secondary,Married,2,Crop,2.3,1,TRUE,TRUE,TRUE,72,TRUE,TRUE,26923.36,TRUE,3819006,Trading,FALSE,9.9246,4.2162,49,Yes
F1303,27,Female,Kano,Primary,Married,4,Crop,1,4,TRUE,FALSE,FALSE,54,FALSE,TRUE,58195.7,TRUE,4968864,Remittances,TRUE,9.4489,5.486,28,Yes
F1304,25,Female,Kaduna,None,Single,0,Mixed,3.2,2,TRUE,TRUE,TRUE,52,FALSE,TRUE,0,FALSE,2136456,None,TRUE,7.1472,7.9336,24,No
F1305,24,Female,Kano,Primary,Single,0,Livestock,3.4,1,TRUE,TRUE,TRUE,39,FALSE,TRUE,0,FALSE,900000,Trading,TRUE,7.4482,5.1053,25,No
F1306,20,Male,Kaduna,Primary,Single,0,Crop,1.5,3,FALSE,TRUE,TRUE,49,FALSE,TRUE,0,FALSE,2426418,None,FALSE,9.0942,6.3559,10,No
F1307,20,Male,Oyo,Secondary,Single,0,Mixed,1.7,7,TRUE,TRUE,FALSE,61,TRUE,TRUE,97265.83,TRUE,3978036,None,TRUE,7.5622,7.0707,48,Yes
F1308,20,Male,Benue,None,Single,0,Livestock,3,9,FALSE,TRUE,TRUE,20,FALSE,TRUE,12370.13,TRUE,3649284,Trading,FALSE,9.1574,3.8626,21,No
F1309,34,Female,Kano,Tertiary,Married,2,Mixed,3.6,2,TRUE,FALSE,FALSE,72,TRUE,TRUE,66540,TRUE,4991517,None,FALSE,6.6275,6.5903,37,Yes
F1310,22,Male,Enugu,Secondary,Single,0,Mixed,2.9,4,TRUE,TRUE,TRUE,69,TRUE,TRUE,64408.71,TRUE,4269555,None,FALSE,7.2706,5.8916,53,Yes
F1311,33,Male,Oyo,Primary,Married,0,Crop,2.3,2,TRUE,FALSE,TRUE,33,FALSE,TRUE,55106.46,TRUE,4911066,Trading,TRUE,8.0646,6.4328,27,Yes
F1312,35,Female,Kaduna,Primary,Single,1,Livestock,1.4,9,TRUE,TRUE,TRUE,44,FALSE,TRUE,90500.74,TRUE,6443469,None,FALSE,6.4751,4.3973,31,Yes
F1313,24,Male,Enugu,Secondary,Married,2,Crop,1.3,6,FALSE,FALSE,TRUE,48,FALSE,TRUE,0,FALSE,2880747,None,TRUE,7.0456,5.6452,21,No
F1314,19,Male,Kano,Primary,Single,0,Crop,1,2,TRUE,TRUE,FALSE,34,FALSE,TRUE,26206.75,TRUE,4334562,Trading,TRUE,8.1937,5.7753,30,Yes
F1315,33,Male,Kaduna,Secondary,Married,0,Mixed,3.9,8,FALSE,TRUE,TRUE,53,TRUE,TRUE,94128.51,TRUE,3748617,None,TRUE,9.7681,5.3063,43,Yes
F1316,33,Female,Benue,Secondary,Married,2,Crop,1.6,2,TRUE,TRUE,TRUE,40,FALSE,TRUE,97269.64,TRUE,5497596,None,TRUE,8.3851,6.2698,45,Yes
F1317,31,Female,Enugu,Secondary,Married,1,Livestock,4,9,TRUE,TRUE,TRUE,53,FALSE,TRUE,25712.03,TRUE,5455116,Trading,FALSE,8.0534,6.9774,41,Yes
F1318,23,Male,Benue,None,Married,2,Crop,3.6,1,FALSE,FALSE,TRUE,30,TRUE,FALSE,0,FALSE,900000,None,TRUE,9.7838,3.8436,13,No
F1319,27,Male,Kano,Secondary,Single,0,Crop,5,7,FALSE,FALSE,FALSE,77,TRUE,TRUE,0,FALSE,2310363,Trading,TRUE,7.4948,4.5629,28,No
F1320,27,Male,Kaduna,Primary,Married,1,Crop,3.2,9,TRUE,FALSE,TRUE,18,FALSE,TRUE,18413.82,TRUE,4788153,Remittances,TRUE,6.3318,6.5069,29,Yes
F1321,33,Male,Benue,Tertiary,Married,4,Mixed,2.6,3,FALSE,TRUE,TRUE,66,TRUE,TRUE,14731.16,TRUE,4715550,None,FALSE,9.8044,5.0726,42,Yes
F1322,29,Female,Oyo,Tertiary,Single,1,Crop,1.3,4,FALSE,TRUE,FALSE,56,TRUE,TRUE,46977.11,TRUE,5334831,Trading,FALSE,9.3629,5.5555,33,Yes
F1323,28,Female,Oyo,Secondary,Married,2,Crop,1.5,1,TRUE,FALSE,FALSE,91,TRUE,TRUE,13171.14,TRUE,5438025,None,FALSE,6.523,4.1797,42,Yes
F1324,29,Female,Kano,Secondary,Single,2,Crop,2.7,9,TRUE,FALSE,TRUE,27,TRUE,FALSE,0,FALSE,1968300,None,FALSE,8.9576,7.0973,32,No
F1325,26,Female,Kaduna,Tertiary,Married,1,Crop,4.2,4,TRUE,FALSE,TRUE,36,FALSE,TRUE,0,FALSE,2705121,None,TRUE,7.1871,7.3113,35,Yes
F1326,24,Female,Benue,Secondary,Married,1,Mixed,4.2,6,TRUE,TRUE,TRUE,42,FALSE,TRUE,28105.91,TRUE,3801303,None,TRUE,8.7029,7.2779,47,Yes
F1327,31,Female,Benue,Secondary,Single,0,Crop,3.2,7,FALSE,TRUE,TRUE,74,TRUE,TRUE,82932.66,TRUE,3642498,None,FALSE,9.3297,4.2066,41,Yes
F1328,32,Female,Kaduna,Tertiary,Married,3,Crop,1.1,3,TRUE,FALSE,TRUE,55,TRUE,TRUE,51216.7,TRUE,5025717,None,TRUE,8.099,7.763,41,Yes
F1329,24,Male,Benue,Secondary,Single,0,Livestock,4.1,3,TRUE,TRUE,TRUE,45,FALSE,TRUE,71445.91,TRUE,4352310,None,TRUE,6.8722,4.9427,44,Yes
F1330,25,Female,Benue,Primary,Single,0,Crop,3.4,3,TRUE,FALSE,TRUE,41,TRUE,TRUE,0,FALSE,4253283,None,FALSE,6.4084,6.3345,20,No
F1331,33,Male,Benue,Tertiary,Married,2,Crop,4.4,4,TRUE,FALSE,TRUE,68,TRUE,TRUE,20164.52,TRUE,3715893,None,FALSE,6.9225,5.223,39,Yes
F1332,34,Female,Kaduna,Secondary,Married,3,Crop,3.4,7,TRUE,TRUE,TRUE,51,FALSE,TRUE,10105.13,TRUE,4586733,None,FALSE,8.73,4.6127,34,Yes
F1333,19,Male,Kano,Secondary,Single,0,Livestock,3.8,3,TRUE,TRUE,TRUE,41,FALSE,TRUE,0,FALSE,2733966,Remittances,TRUE,8.8016,3.1402,30,Yes
F1334,30,Male,Enugu,Tertiary,Single,3,Crop,1.2,3,TRUE,TRUE,TRUE,68,TRUE,TRUE,26079.69,TRUE,3884103,None,FALSE,8.7333,3.0378,49,Yes
F1335,26,Male,Kaduna,Tertiary,Married,3,Livestock,2.8,7,TRUE,TRUE,TRUE,92,TRUE,TRUE,0,FALSE,2808045,Remittances,TRUE,7.2562,6.2515,46,Yes
F1336,25,Male,Enugu,Secondary,Married,1,Livestock,4.9,1,TRUE,TRUE,TRUE,51,TRUE,TRUE,29315,TRUE,4302036,None,FALSE,7.3973,6.7495,45,Yes
F1337,19,Female,Kano,,Single,0,,4.4,9,TRUE,TRUE,TRUE,67,TRUE,TRUE,,TRUE,0,None,TRUE,6.6639,3.4555,55,Yes
F1338,23,Male,Kaduna,Secondary,Single,0,Crop,4.7,2,FALSE,TRUE,TRUE,51,FALSE,TRUE,88325.02,TRUE,3394836,Remittances,TRUE,6.3181,4.2885,37,Yes
F1339,32,Female,Enugu,Secondary,Married,2,Crop,2,1,TRUE,TRUE,TRUE,53,TRUE,TRUE,12667.04,TRUE,4739850,Trading,TRUE,8.756,5.3854,53,Yes
F1340,24,Female,Enugu,Tertiary,Married,1,Livestock,3.2,6,FALSE,FALSE,TRUE,48,FALSE,TRUE,83534.83,TRUE,4103748,Trading,FALSE,7.4061,4.6586,26,No
F1341,18,Male,Kaduna,Secondary,Single,0,Livestock,4.2,6,TRUE,TRUE,FALSE,27,FALSE,TRUE,20309.58,TRUE,4938408,Trading,FALSE,6.522,6.4425,36,Yes
F1342,27,Female,Enugu,Secondary,Single,0,Crop,2.1,8,TRUE,TRUE,TRUE,58,TRUE,TRUE,17037.25,TRUE,5051880,Trading,FALSE,6.9964,4.8095,48,Yes
F1343,23,Male,Kano,Primary,Single,0,Crop,1.9,3,FALSE,FALSE,TRUE,37,FALSE,TRUE,16696.19,TRUE,3899205,Trading,TRUE,6.4224,5.2024,24,Yes
F1344,21,Female,Kaduna,Secondary,Single,0,Livestock,2,4,FALSE,TRUE,TRUE,38,FALSE,FALSE,0,FALSE,1753092,Trading,FALSE,6.0291,7.6116,24,No
F1345,32,Female,Oyo,None,Single,1,Crop,4.4,8,TRUE,TRUE,TRUE,93,FALSE,TRUE,55849.34,TRUE,4565781,None,FALSE,6.3806,6.11,38,Yes
F1346,26,Male,Benue,Primary,Single,0,Crop,2.3,9,FALSE,FALSE,TRUE,69,FALSE,TRUE,47685.33,TRUE,4284549,None,TRUE,9.1178,6.8055,31,Yes
F1347,34,Female,Kaduna,Secondary,Married,2,Crop,4.6,4,FALSE,FALSE,TRUE,59,TRUE,TRUE,76943.29,TRUE,5885667,Trading,FALSE,7.6924,3.3138,33,Yes
F1348,22,Male,Enugu,Secondary,Single,0,Crop,2.4,4,FALSE,FALSE,TRUE,29,TRUE,TRUE,0,FALSE,2973051,Trading,TRUE,9.9531,7.7527,27,No
F1349,30,Male,Benue,Primary,Married,0,Crop,3,5,FALSE,FALSE,TRUE,37,FALSE,TRUE,15116.67,TRUE,3951630,Trading,FALSE,7.5002,5.6308,23,No
F1350,33,Male,Oyo,Primary,Married,2,Crop,1.8,4,TRUE,FALSE,FALSE,62,TRUE,TRUE,72970.61,TRUE,4282263,None,TRUE,9.7166,3.7306,33,Yes
F1351,25,Male,Oyo,Tertiary,Married,3,Mixed,3.7,3,FALSE,TRUE,TRUE,25,FALSE,TRUE,54487.4,TRUE,4566024,None,TRUE,8.3825,4.6198,37,Yes
F1352,23,Male,Enugu,Tertiary,Single,0,Crop,1.1,7,TRUE,FALSE,TRUE,98,TRUE,TRUE,0,FALSE,2740185,Trading,TRUE,6.0335,6.1533,39,Yes
F1353,27,Female,Benue,Secondary,Single,0,Mixed,2.9,5,TRUE,FALSE,TRUE,95,TRUE,TRUE,48284.9,TRUE,3430998,None,TRUE,8.6888,4.5848,51,Yes
F1354,30,Female,Benue,Primary,Single,1,Crop,4.4,9,TRUE,TRUE,TRUE,82,TRUE,TRUE,84447.36,TRUE,5728815,None,TRUE,9.7309,5.5205,49,Yes
F1355,35,Male,Benue,Primary,Married,0,Mixed,5,6,TRUE,TRUE,TRUE,53,FALSE,TRUE,22193.42,TRUE,3655251,Trading,FALSE,7.9912,5.1162,24,Yes
F1356,18,Female,Enugu,Primary,Single,0,Crop,2.6,7,TRUE,FALSE,TRUE,72,TRUE,TRUE,78316.71,TRUE,4986288,None,FALSE,7.5904,4.6654,35,Yes
F1357,35,Male,Oyo,Tertiary,Married,5,Crop,1.9,5,FALSE,FALSE,FALSE,60,FALSE,TRUE,43913.34,TRUE,3538323,None,FALSE,6.9504,5.3059,27,No
F1358,20,Male,Kaduna,Primary,Single,0,Crop,3.7,9,FALSE,FALSE,FALSE,75,TRUE,TRUE,0,FALSE,1340793,None,TRUE,7.6735,4.5256,13,No
F1359,18,Male,Benue,Tertiary,Married,1,Crop,2.3,5,FALSE,TRUE,FALSE,26,TRUE,TRUE,89301.56,TRUE,4698063,Trading,FALSE,8.2123,5.2382,36,Yes
F1360,19,Female,Enugu,Tertiary,Single,0,Crop,3.6,5,TRUE,TRUE,TRUE,67,FALSE,TRUE,93088.48,TRUE,3281139,Trading,FALSE,8.3313,5.3087,42,Yes
F1361,22,Male,Enugu,Primary,Single,0,Livestock,1.7,5,TRUE,FALSE,TRUE,72,TRUE,TRUE,49983.17,TRUE,3890439,None,TRUE,8.7958,3.0214,39,Yes
F1362,26,Male,Benue,None,Single,0,Crop,1.7,2,TRUE,TRUE,TRUE,82,TRUE,FALSE,0,FALSE,2013939,Trading,TRUE,9.4784,6.7739,35,Yes
F1363,21,Female,Benue,Tertiary,Single,0,Crop,1.9,1,TRUE,FALSE,FALSE,56,TRUE,TRUE,94236.06,TRUE,3796542,Remittances,TRUE,6.9083,5.8,40,Yes
F1364,28,Female,Kaduna,,Married,4,,1.2,3,TRUE,TRUE,TRUE,62,TRUE,TRUE,,TRUE,0,Trading,FALSE,7.5928,5.3098,44,Yes
F1365,28,Male,Oyo,Primary,Married,2,Livestock,1.5,2,TRUE,TRUE,TRUE,62,TRUE,TRUE,0,FALSE,1892889,None,FALSE,7.7321,3.0262,29,No
F1366,21,Female,Kaduna,Primary,Single,0,Crop,3.6,7,TRUE,TRUE,TRUE,42,FALSE,TRUE,16885.9,TRUE,3400776,Trading,TRUE,7.5358,6.7492,36,Yes
F1367,24,Male,Kano,Secondary,Single,0,Crop,2,8,FALSE,TRUE,TRUE,90,TRUE,TRUE,96551.74,TRUE,2605446,Trading,TRUE,8.8655,7.1229,49,Yes
F1368,25,Male,Enugu,Secondary,Single,0,Mixed,2.2,1,TRUE,TRUE,FALSE,100,TRUE,TRUE,0,FALSE,2276631,None,TRUE,9.2727,7.67,39,No
F1369,20,Female,Benue,Tertiary,Single,0,Mixed,4.1,1,TRUE,FALSE,TRUE,23,FALSE,TRUE,0,FALSE,2922354,None,FALSE,7.3148,4.2544,26,No
F1370,19,Female,Kano,Secondary,Single,0,Crop,4.5,9,TRUE,TRUE,TRUE,67,TRUE,TRUE,40228.47,TRUE,5211423,None,TRUE,9.8824,5.3364,57,Yes
F1371,19,Female,Kano,Tertiary,Single,0,Crop,4.7,6,TRUE,FALSE,TRUE,55,TRUE,TRUE,68013.38,TRUE,3324258,None,TRUE,8.5102,7.5802,42,Yes
F1372,35,Male,Benue,Secondary,Married,3,Crop,4.5,3,FALSE,TRUE,TRUE,72,FALSE,TRUE,68358.6,TRUE,3302640,Trading,TRUE,7.3404,7.5514,45,Yes
F1373,32,Female,Kaduna,Secondary,Single,0,Crop,4.7,2,TRUE,FALSE,TRUE,35,FALSE,TRUE,25753.24,TRUE,3662424,Trading,TRUE,6.5413,7.8892,42,Yes
F1374,24,Female,Benue,None,Married,3,Crop,3,7,TRUE,FALSE,TRUE,69,TRUE,TRUE,69678.11,TRUE,5551056,None,FALSE,7.0439,6.1369,32,Yes
F1375,19,Male,Benue,Secondary,Single,0,Crop,1.5,4,FALSE,TRUE,TRUE,77,TRUE,TRUE,63843.33,TRUE,2364093,Trading,FALSE,7.8887,6.766,41,Yes
F1376,29,Female,Enugu,Secondary,Married,3,Crop,4.7,7,TRUE,FALSE,TRUE,64,TRUE,FALSE,0,FALSE,1318365,Trading,TRUE,9.8208,6.0377,37,Yes
F1377,28,Male,Kano,Secondary,Married,1,Crop,2.1,9,TRUE,TRUE,TRUE,75,TRUE,TRUE,95811.61,TRUE,5478570,Trading,TRUE,7.1019,5.2205,56,Yes
F1378,30,Female,Kano,None,Married,1,Livestock,1,7,TRUE,TRUE,FALSE,51,TRUE,FALSE,0,FALSE,2947779,Trading,FALSE,9.0929,6.6789,21,No
F1379,31,Female,Kano,Secondary,Married,0,Crop,4.1,2,TRUE,FALSE,FALSE,48,TRUE,TRUE,39357.93,TRUE,4674042,None,FALSE,7.427,7.5521,35,Yes
F1380,26,Female,Kaduna,Primary,Married,2,Crop,1.1,2,TRUE,FALSE,TRUE,70,TRUE,TRUE,56700.48,TRUE,5798880,None,FALSE,6.7923,6.6399,34,Yes
F1381,28,Female,Benue,Secondary,Single,0,Mixed,3.9,4,TRUE,FALSE,TRUE,38,FALSE,TRUE,98988.15,TRUE,5941917,None,TRUE,8.3793,7.7648,47,Yes
F1382,35,Male,Kaduna,Secondary,Married,0,Mixed,1.4,7,TRUE,TRUE,FALSE,71,TRUE,TRUE,34700.51,TRUE,4113063,Remittances,TRUE,9.8792,4.468,48,Yes
F1383,21,Female,Enugu,Primary,Single,0,Livestock,2.5,1,TRUE,TRUE,TRUE,68,TRUE,TRUE,63441.02,TRUE,4775058,None,FALSE,6.8048,4.4539,37,Yes
F1384,27,Male,Oyo,None,Married,4,Crop,2.6,9,TRUE,FALSE,TRUE,66,TRUE,TRUE,87165.9,TRUE,4759353,Remittances,TRUE,8.8202,6.2874,42,Yes
F1385,26,Male,Kaduna,Primary,Single,0,Crop,1.4,1,FALSE,FALSE,TRUE,53,TRUE,TRUE,94246.81,TRUE,4382766,None,TRUE,9.9757,6.4079,28,Yes
F1386,35,Female,Benue,Tertiary,Married,1,Livestock,3.4,2,TRUE,FALSE,TRUE,32,FALSE,TRUE,28382.93,TRUE,4975983,None,FALSE,7.3355,3.8003,36,Yes
F1387,29,Female,Kaduna,Secondary,Married,2,Crop,1.4,5,TRUE,TRUE,TRUE,80,TRUE,TRUE,0,FALSE,1817388,None,FALSE,8.2384,5.7263,40,No
F1388,30,Male,Oyo,None,Single,0,Mixed,2.5,6,TRUE,FALSE,TRUE,73,TRUE,TRUE,26991.53,TRUE,2672226,None,TRUE,8.5033,3.8734,35,Yes
F1389,26,Female,Kano,Secondary,Married,4,Crop,2.2,6,FALSE,TRUE,FALSE,81,TRUE,TRUE,28940.03,TRUE,3363291,None,FALSE,9.4805,3.7823,42,Yes
F1390,28,Male,Benue,Tertiary,Married,2,Livestock,2,3,FALSE,TRUE,TRUE,62,FALSE,FALSE,0,FALSE,2534859,Trading,TRUE,6.7874,3.906,28,No
F1391,19,Female,Kaduna,Tertiary,Single,0,Crop,4.9,8,FALSE,FALSE,TRUE,73,TRUE,FALSE,0,FALSE,3454263,None,TRUE,8.8809,7.6987,36,Yes
F1392,35,Female,Kaduna,Secondary,Married,4,Mixed,4.5,6,FALSE,TRUE,TRUE,81,TRUE,TRUE,37137.93,TRUE,4072509,Trading,FALSE,6.5642,4.3492,47,Yes
F1393,24,Male,Kano,Secondary,Single,0,Livestock,1.3,4,FALSE,FALSE,TRUE,60,TRUE,FALSE,0,FALSE,1921203,Trading,FALSE,9.8743,3.4642,23,No
F1394,23,Female,Kaduna,Secondary,Single,0,Crop,3.5,3,FALSE,TRUE,FALSE,69,TRUE,TRUE,25235.31,TRUE,3675015,None,TRUE,9.4304,3.5413,43,Yes
F1395,20,Male,Enugu,Secondary,Single,0,Crop,3.4,8,FALSE,FALSE,TRUE,56,TRUE,TRUE,0,FALSE,1128897,None,TRUE,6.2984,4.5894,27,No
F1396,24,Male,Oyo,Secondary,Single,0,Crop,2.4,1,TRUE,FALSE,TRUE,82,TRUE,TRUE,42628.35,TRUE,4567626,Trading,TRUE,7.7211,7.5265,50,Yes
F1397,27,Male,Benue,,Married,1,,2.7,8,TRUE,FALSE,TRUE,34,FALSE,FALSE,,FALSE,0,None,TRUE,9.572,6.4597,20,No
F1398,34,Male,Kano,Primary,Married,1,Mixed,3.1,3,FALSE,TRUE,TRUE,74,FALSE,TRUE,53462.86,TRUE,5579550,None,FALSE,6.7709,3.3527,32,Yes
F1399,26,Female,Kaduna,Secondary,Married,3,Crop,3,4,TRUE,TRUE,FALSE,31,TRUE,TRUE,42172.98,TRUE,5221971,Trading,FALSE,8.5517,5.8293,38,Yes
F1400,22,Female,Kano,Secondary,Single,0,Mixed,4.5,1,TRUE,FALSE,TRUE,62,FALSE,TRUE,24705.69,TRUE,4748355,None,TRUE,8.2417,6.69,45,Yes
F1401,25,Male,Kaduna,Secondary,Married,0,Crop,4.9,1,TRUE,FALSE,TRUE,32,FALSE,TRUE,22762.23,TRUE,3292119,Trading,FALSE,9.9132,7.4425,34,Yes
F1402,26,Male,Kano,Tertiary,Married,1,Crop,3.6,3,TRUE,FALSE,FALSE,96,TRUE,TRUE,87382.64,TRUE,3630852,None,FALSE,6.8635,5.9614,41,Yes
F1403,31,Female,Kano,Tertiary,Married,1,Crop,2.5,9,TRUE,FALSE,TRUE,71,TRUE,TRUE,80129.85,TRUE,5136003,Trading,TRUE,9.2415,3.4531,49,Yes
F1404,21,Male,Oyo,Secondary,Single,0,Mixed,3.8,9,FALSE,FALSE,TRUE,53,FALSE,FALSE,0,FALSE,900000,Trading,TRUE,9.778,4.7168,25,No
F1405,31,Male,Enugu,Tertiary,Married,2,Mixed,1.2,3,TRUE,FALSE,TRUE,74,TRUE,TRUE,59927.26,TRUE,2852865,None,TRUE,6.9703,5.5818,46,Yes
F1406,24,Female,Oyo,Secondary,Single,0,Livestock,4.2,9,TRUE,TRUE,TRUE,74,TRUE,FALSE,0,FALSE,4343301,Trading,TRUE,9.0837,3.4638,48,Yes
F1407,21,Female,Benue,None,Single,0,Livestock,4.1,3,FALSE,FALSE,TRUE,65,TRUE,TRUE,31125.52,TRUE,3797424,Trading,FALSE,9.0799,3.6002,31,Yes
F1408,22,Female,Benue,Secondary,Single,0,Livestock,2.4,7,FALSE,TRUE,TRUE,39,TRUE,FALSE,0,FALSE,1814130,Remittances,TRUE,8.6985,7.7448,36,No
F1409,30,Male,Enugu,Primary,Married,1,Crop,5,2,FALSE,TRUE,TRUE,53,TRUE,TRUE,84494.3,TRUE,3993930,None,TRUE,7.6928,6.5032,37,Yes
F1410,24,Male,Kaduna,None,Single,0,Crop,3.2,5,TRUE,FALSE,TRUE,76,TRUE,TRUE,24940,TRUE,3392613,Trading,FALSE,6.2976,5.4519,31,Yes
F1411,21,Female,Enugu,Secondary,Single,0,Mixed,1,1,TRUE,FALSE,TRUE,60,TRUE,TRUE,69128.4,TRUE,1791594,None,TRUE,8.692,5.0786,39,Yes
F1412,26,Female,Kaduna,Tertiary,Married,0,Mixed,1.2,6,FALSE,FALSE,TRUE,54,TRUE,FALSE,0,FALSE,2300346,Trading,TRUE,6.162,6.2391,26,No
F1413,25,Female,Kaduna,Primary,Married,1,Crop,3.3,6,FALSE,FALSE,FALSE,68,TRUE,TRUE,67301.7,TRUE,3935457,None,TRUE,7.3214,3.4696,34,Yes
F1414,32,Female,Oyo,Secondary,Married,3,Crop,1.5,6,TRUE,FALSE,TRUE,100,TRUE,TRUE,61530.24,TRUE,3272337,None,FALSE,7.2496,5.675,40,Yes
F1415,30,Female,Benue,Primary,Married,2,Crop,2.7,8,TRUE,TRUE,TRUE,72,TRUE,TRUE,15564.76,TRUE,2954214,None,FALSE,6.639,4.6651,39,Yes
F1416,29,Male,Oyo,Primary,Married,1,Crop,2.2,8,FALSE,TRUE,TRUE,87,TRUE,TRUE,0,FALSE,2475720,None,FALSE,8.8954,5.1115,18,No
F1417,30,Male,Oyo,Secondary,Married,2,Crop,1.8,3,TRUE,FALSE,TRUE,68,TRUE,TRUE,81483.21,TRUE,5448114,None,FALSE,8.7086,5.4571,51,Yes
F1418,31,Female,Enugu,Secondary,Single,0,Mixed,1.2,7,FALSE,TRUE,FALSE,44,FALSE,TRUE,0,FALSE,2737962,None,FALSE,7.6934,7.2738,12,No
F1419,31,Female,Oyo,Secondary,Married,2,Crop,1.6,3,FALSE,TRUE,TRUE,68,TRUE,TRUE,24769.91,TRUE,3707865,None,FALSE,6.8696,3.9103,42,Yes
F1420,21,Male,Oyo,Primary,Single,0,Crop,4.4,8,FALSE,FALSE,TRUE,53,FALSE,TRUE,0,FALSE,900000,Trading,FALSE,7.0472,4.5179,6,No
F1421,27,Female,Benue,Secondary,Single,0,Livestock,4.7,1,TRUE,FALSE,TRUE,11,FALSE,TRUE,30856.85,TRUE,4541715,Remittances,TRUE,6.6087,7.2184,40,Yes
F1422,28,Male,Enugu,,Married,2,,3.3,9,TRUE,FALSE,FALSE,50,TRUE,TRUE,,TRUE,0,Trading,FALSE,6.7041,4.5193,28,No
F1423,22,Male,Enugu,Primary,Single,0,Crop,3.9,3,TRUE,TRUE,TRUE,32,FALSE,TRUE,60983.88,TRUE,5121693,None,TRUE,8.8159,6.6464,37,Yes
F1424,30,Male,Kaduna,Tertiary,Married,2,Livestock,4.8,2,FALSE,TRUE,TRUE,47,FALSE,TRUE,43351.56,TRUE,5259879,Trading,FALSE,8.4806,7.6035,38,Yes
F1425,31,Female,Kano,None,Single,3,Crop,2.6,2,TRUE,FALSE,TRUE,43,FALSE,TRUE,94359.57,TRUE,3324915,Trading,FALSE,7.4919,7.4574,22,Yes
F1426,29,Female,Kano,Secondary,Married,2,Livestock,2.1,4,TRUE,FALSE,TRUE,31,FALSE,TRUE,82782.29,TRUE,4583547,None,TRUE,8.3734,6.9488,36,Yes
F1427,29,Female,Oyo,Tertiary,Single,1,Crop,4.6,8,FALSE,FALSE,TRUE,51,FALSE,TRUE,24158.35,TRUE,4153680,None,FALSE,8.108,4.477,37,Yes
F1428,18,Female,Benue,Secondary,Single,0,Crop,2.8,9,FALSE,FALSE,TRUE,51,FALSE,TRUE,0,FALSE,2215908,None,FALSE,8.5156,3.0005,17,No
F1429,29,Female,Benue,Secondary,Married,2,Livestock,1.4,4,TRUE,FALSE,TRUE,50,FALSE,TRUE,30796.56,TRUE,4070511,None,TRUE,8.7985,4.2741,37,Yes
F1430,34,Female,Kaduna,Secondary,Married,4,Crop,4,3,TRUE,TRUE,TRUE,55,TRUE,TRUE,14878.24,TRUE,4670226,None,FALSE,7.3173,5.4417,45,Yes
F1431,21,Female,Oyo,Tertiary,Single,0,Crop,4.6,5,TRUE,TRUE,TRUE,57,FALSE,TRUE,19079.13,TRUE,5276250,None,FALSE,6.6189,4.6274,42,Yes
F1432,30,Female,Oyo,,Married,1,,3.9,6,FALSE,FALSE,FALSE,34,FALSE,TRUE,,TRUE,0,None,FALSE,7.3765,7.4852,13,No
F1433,35,Female,Kaduna,Primary,Married,3,Livestock,2.3,2,FALSE,TRUE,TRUE,45,FALSE,FALSE,0,FALSE,918504,None,TRUE,6.0346,6.339,16,No
F1434,27,Female,Oyo,Secondary,Married,2,Crop,3.8,9,TRUE,TRUE,TRUE,53,FALSE,TRUE,35152.3,TRUE,4139577,None,TRUE,9.7773,6.2805,45,Yes
F1435,34,Male,Enugu,Tertiary,Married,1,Crop,3.6,9,TRUE,TRUE,TRUE,60,TRUE,TRUE,62691.77,TRUE,5344794,Trading,TRUE,8.6114,3.5934,49,Yes
F1436,20,Male,Enugu,Primary,Single,0,Livestock,3.6,6,FALSE,FALSE,TRUE,60,FALSE,TRUE,11624.8,TRUE,3943917,None,FALSE,8.0964,3.3567,24,No
F1437,29,Male,Enugu,Secondary,Married,2,Crop,1.7,5,TRUE,TRUE,TRUE,44,FALSE,TRUE,27065.72,TRUE,4351392,None,FALSE,6.9934,4.9876,36,Yes
F1438,20,Female,Enugu,Tertiary,Single,0,Crop,3.5,9,FALSE,FALSE,FALSE,90,TRUE,TRUE,0,FALSE,3142215,None,TRUE,6.4025,5.4147,37,No
F1439,25,Female,Enugu,Secondary,Married,3,Crop,4,5,FALSE,TRUE,TRUE,52,FALSE,TRUE,19208.83,TRUE,4416669,None,TRUE,9.2113,7.035,42,Yes
F1440,18,Male,Oyo,Secondary,Single,0,Crop,2.5,1,TRUE,TRUE,TRUE,76,TRUE,TRUE,13422.34,TRUE,3222468,Trading,FALSE,9.9837,3.1016,50,Yes
F1441,22,Female,Kaduna,Secondary,Single,0,Crop,3.9,7,FALSE,TRUE,TRUE,77,TRUE,TRUE,12572.17,TRUE,4931253,None,TRUE,7.1053,4.521,53,Yes
F1442,32,Female,Oyo,Secondary,Married,2,Livestock,1.1,7,TRUE,TRUE,TRUE,43,FALSE,TRUE,60170.95,TRUE,4379193,None,TRUE,9.6179,4.5418,42,Yes
F1443,35,Male,Kaduna,Secondary,Married,0,Crop,3.6,3,FALSE,TRUE,TRUE,65,FALSE,TRUE,60105.54,TRUE,4514130,Trading,FALSE,9.5206,7.4364,43,Yes
F1444,22,Male,Enugu,Secondary,Married,3,Crop,3.3,2,TRUE,TRUE,FALSE,30,FALSE,TRUE,66365.79,TRUE,4633947,None,FALSE,7.182,7.2766,37,Yes
F1445,21,Male,Enugu,Tertiary,Single,0,Crop,1.9,8,TRUE,FALSE,TRUE,85,TRUE,TRUE,94740.38,TRUE,4344912,None,FALSE,7.9347,7.4069,44,Yes
F1446,30,Female,Enugu,,Married,3,,2.2,9,TRUE,TRUE,TRUE,67,TRUE,FALSE,,FALSE,0,Trading,FALSE,9.5649,7.0064,34,No
F1447,25,Male,Benue,Secondary,Married,3,Livestock,3.4,5,FALSE,TRUE,TRUE,55,TRUE,TRUE,67090.1,TRUE,3215880,None,TRUE,9.664,3.9171,50,Yes
F1448,19,Male,Oyo,Primary,Single,0,Mixed,1.3,4,FALSE,FALSE,TRUE,42,TRUE,TRUE,12888.2,TRUE,5518809,None,TRUE,9.9669,7.8976,27,Yes
F1449,34,Male,Benue,Primary,Married,5,Crop,2.4,7,TRUE,TRUE,TRUE,50,TRUE,TRUE,71141.99,TRUE,5020731,Remittances,FALSE,9.6501,3.0711,37,Yes
F1450,33,Female,Oyo,Secondary,Single,0,Livestock,4.6,8,FALSE,FALSE,TRUE,47,FALSE,TRUE,0,FALSE,2861631,None,FALSE,9.4233,7.1847,24,No
F1451,19,Male,Benue,Secondary,Single,0,Livestock,2.4,6,FALSE,TRUE,TRUE,75,TRUE,TRUE,55032.81,TRUE,4540023,Trading,FALSE,8.373,6.3571,41,Yes
F1452,22,Male,Benue,Primary,Single,0,Mixed,4.8,8,TRUE,FALSE,TRUE,60,TRUE,TRUE,10221.07,TRUE,5433876,Trading,TRUE,7.8887,7.2078,36,Yes
F1453,18,Female,Enugu,,Married,5,,4.5,6,TRUE,TRUE,TRUE,62,TRUE,FALSE,,FALSE,0,None,FALSE,9.3399,4.3423,26,No
F1454,23,Male,Kano,Tertiary,Single,0,Crop,3.9,7,FALSE,FALSE,TRUE,60,TRUE,FALSE,0,FALSE,2353635,None,TRUE,9.1509,5.5299,21,No
F1455,35,Female,Kano,,Single,1,,1.4,1,FALSE,TRUE,FALSE,62,TRUE,TRUE,,TRUE,0,Trading,FALSE,9.7347,3.1001,27,No
F1456,28,Male,Enugu,Tertiary,Married,4,Mixed,1.2,8,TRUE,TRUE,TRUE,72,FALSE,TRUE,76330.68,TRUE,6676452,Trading,FALSE,7.5103,3.0665,47,Yes
F1457,26,Male,Oyo,Secondary,Married,4,Mixed,3.8,7,TRUE,FALSE,TRUE,40,TRUE,TRUE,24084.38,TRUE,3367665,None,TRUE,6.1973,7.6323,44,Yes
F1458,24,Female,Oyo,None,Single,0,Mixed,1.7,8,TRUE,FALSE,TRUE,79,TRUE,TRUE,0,FALSE,900000,None,FALSE,8.05,6.2859,22,No
F1459,19,Female,Enugu,Primary,Single,0,Livestock,2.7,8,TRUE,FALSE,TRUE,70,TRUE,TRUE,0,FALSE,1593918,Remittances,FALSE,7.227,4.1955,23,No
F1460,30,Male,Enugu,Secondary,Married,4,Mixed,1.5,7,TRUE,FALSE,TRUE,60,TRUE,TRUE,13371.06,TRUE,4434435,None,TRUE,7.0607,5.4984,46,Yes
F1461,27,Female,Oyo,,Married,3,,2.2,3,FALSE,TRUE,FALSE,30,FALSE,TRUE,,TRUE,0,Trading,TRUE,6.8944,4.2364,26,No
F1462,34,Female,Enugu,Secondary,Married,0,Livestock,4.5,4,TRUE,TRUE,TRUE,77,TRUE,TRUE,94183.21,TRUE,4754646,Trading,FALSE,9.0304,4.5493,48,Yes
F1463,24,Male,Oyo,Secondary,Single,0,Crop,1.4,5,TRUE,TRUE,TRUE,54,FALSE,TRUE,0,FALSE,1759968,Remittances,TRUE,9.1274,3.2212,34,No
F1464,24,Male,Oyo,Primary,Single,0,Crop,4.6,6,FALSE,TRUE,TRUE,52,FALSE,TRUE,19606.78,TRUE,3905766,None,TRUE,9.4959,7.9318,31,Yes
F1465,29,Female,Kano,Secondary,Married,0,Mixed,4.1,8,TRUE,FALSE,TRUE,57,FALSE,TRUE,0,FALSE,1259847,None,FALSE,7.5306,7.8829,22,No
F1466,19,Female,Oyo,Secondary,Married,4,Crop,2.7,5,FALSE,FALSE,TRUE,39,FALSE,TRUE,85326.32,TRUE,4857489,None,TRUE,9.9483,4.4175,41,Yes
F1467,23,Male,Benue,Primary,Single,0,Livestock,4.5,1,FALSE,FALSE,TRUE,50,FALSE,TRUE,48028.92,TRUE,4463271,Trading,FALSE,6.1156,4.5704,15,No
F1468,24,Female,Oyo,Primary,Married,1,Mixed,2.6,3,FALSE,FALSE,TRUE,39,FALSE,TRUE,20523.91,TRUE,4509990,None,TRUE,9.1241,3.8999,31,Yes
F1469,26,Female,Oyo,Tertiary,Married,1,Mixed,2.8,8,FALSE,FALSE,TRUE,39,FALSE,FALSE,0,FALSE,3121218,Trading,TRUE,7.4535,7.9168,26,No
F1470,27,Male,Kano,Primary,Married,2,Crop,3.1,8,TRUE,TRUE,TRUE,39,FALSE,TRUE,38324.09,TRUE,3416319,None,TRUE,7.7376,5.3179,35,Yes
F1471,21,Female,Enugu,Tertiary,Single,0,Mixed,4.5,5,TRUE,FALSE,TRUE,65,TRUE,TRUE,93459.96,TRUE,3802158,None,TRUE,9.0509,4.0958,50,Yes
F1472,20,Male,Benue,Primary,Married,3,Livestock,2.1,4,TRUE,TRUE,FALSE,73,FALSE,TRUE,98514.66,TRUE,5256702,Trading,TRUE,8.2454,5.0006,36,Yes
F1473,23,Female,Kaduna,Primary,Single,0,Crop,2.3,2,TRUE,TRUE,FALSE,24,FALSE,TRUE,91757.23,TRUE,4034043,None,TRUE,6.7124,4.8877,35,Yes
F1474,31,Male,Oyo,,Married,1,,4.7,3,FALSE,TRUE,FALSE,20,FALSE,TRUE,,TRUE,0,Remittances,TRUE,7.8068,4.2591,23,No
F1475,34,Male,Kano,Tertiary,Single,1,Crop,4,1,FALSE,FALSE,TRUE,67,TRUE,TRUE,33727.99,TRUE,5428458,None,TRUE,9.4677,3.6179,42,Yes
F1476,19,Male,Benue,Primary,Single,0,Crop,2.9,8,TRUE,TRUE,FALSE,47,FALSE,TRUE,58559.52,TRUE,4493673,None,TRUE,7.1335,7.3659,36,Yes
F1477,32,Female,Enugu,Primary,Married,4,Livestock,1.3,3,TRUE,FALSE,FALSE,81,TRUE,TRUE,37900.81,TRUE,3382524,None,FALSE,6.0279,7.3627,28,Yes
F1478,31,Female,Kano,None,Married,2,Livestock,4.6,7,TRUE,FALSE,TRUE,67,TRUE,TRUE,56554.69,TRUE,4411242,None,FALSE,9.3131,6.7113,35,Yes
F1479,26,Female,Benue,Secondary,Married,1,Crop,2.3,3,FALSE,TRUE,TRUE,82,TRUE,FALSE,0,FALSE,4128948,None,FALSE,8.5282,4.0948,32,No
F1480,25,Female,Kaduna,Primary,Married,2,Crop,1,1,TRUE,TRUE,TRUE,28,FALSE,TRUE,0,FALSE,2464290,None,FALSE,6.5124,7.1026,17,No
F1481,34,Female,Benue,Primary,Married,0,Mixed,1.3,3,FALSE,FALSE,FALSE,51,FALSE,TRUE,96265.82,TRUE,5928705,None,TRUE,9.7119,5.8228,21,No
F1482,19,Female,Oyo,Secondary,Married,2,Livestock,4,2,TRUE,FALSE,TRUE,65,FALSE,TRUE,96065.88,TRUE,4562028,Trading,FALSE,7.0891,7.7326,44,Yes
F1483,22,Female,Kaduna,Primary,Married,3,Mixed,3,9,TRUE,TRUE,TRUE,72,TRUE,TRUE,12703.4,TRUE,3200139,Trading,FALSE,6.8432,3.747,37,Yes
F1484,34,Female,Oyo,Primary,Married,1,Crop,3.5,6,FALSE,FALSE,TRUE,19,FALSE,FALSE,0,FALSE,3003318,None,FALSE,9.4648,7.1686,14,No
F1485,35,Male,Kaduna,Primary,Married,1,Crop,2.9,7,TRUE,TRUE,TRUE,31,FALSE,TRUE,13256.97,TRUE,3169818,Trading,FALSE,6.3184,7.5331,31,Yes
F1486,34,Male,Enugu,Secondary,Single,2,Livestock,4.7,4,TRUE,FALSE,TRUE,38,FALSE,FALSE,0,FALSE,1153458,None,FALSE,6.7194,3.1525,18,No
F1487,34,Female,Kano,Secondary,Married,2,Crop,1.8,8,TRUE,FALSE,TRUE,32,FALSE,TRUE,50971.5,TRUE,5729445,Remittances,TRUE,8.9811,4.9622,37,Yes
F1488,20,Female,Enugu,None,Single,0,Crop,1.2,2,TRUE,FALSE,TRUE,57,TRUE,FALSE,0,FALSE,3444615,None,TRUE,8.4319,3.9718,27,Yes
F1489,29,Female,Oyo,Tertiary,Married,1,Livestock,3.6,6,TRUE,TRUE,FALSE,75,TRUE,TRUE,68517.82,TRUE,4506066,Trading,FALSE,7.5462,4.0843,42,Yes
F1490,18,Female,Kano,Tertiary,Single,0,Crop,3,8,FALSE,TRUE,TRUE,61,TRUE,TRUE,59445.2,TRUE,4329387,Trading,TRUE,6.3676,6.0924,52,Yes
F1491,24,Male,Kano,Primary,Married,2,Crop,4.8,9,FALSE,FALSE,TRUE,66,TRUE,TRUE,59631.56,TRUE,5618115,None,FALSE,7.4573,5.2328,30,Yes
F1492,35,Female,Kaduna,Primary,Married,1,Mixed,3.8,4,TRUE,TRUE,TRUE,52,FALSE,TRUE,0,FALSE,3561408,None,FALSE,9.3112,5.7378,16,No
F1493,30,Male,Enugu,Secondary,Married,2,Crop,3.9,6,FALSE,TRUE,TRUE,84,TRUE,TRUE,81023.68,TRUE,3804966,Remittances,FALSE,6.9518,6.36,50,Yes
F1494,32,Male,Kano,Secondary,Married,1,Crop,3,9,TRUE,FALSE,TRUE,80,TRUE,FALSE,0,FALSE,2177127,None,TRUE,8.8842,5.1079,36,Yes
F1495,20,Female,Oyo,Primary,Married,2,Crop,1.7,4,TRUE,FALSE,TRUE,68,FALSE,TRUE,98593.17,TRUE,3711213,None,FALSE,8.6778,7.0975,26,Yes
F1496,18,Male,Oyo,Secondary,Married,2,Crop,2.8,1,TRUE,TRUE,FALSE,73,TRUE,TRUE,0,FALSE,906480,Remittances,TRUE,6.5642,6.4975,36,No
F1497,30,Male,Kaduna,,Single,2,,2.7,9,TRUE,TRUE,TRUE,59,TRUE,TRUE,,TRUE,0,None,TRUE,6.2455,3.5904,54,Yes
F1498,33,Male,Kaduna,,Single,3,,4.1,9,FALSE,TRUE,TRUE,47,FALSE,TRUE,,TRUE,0,None,FALSE,7.1963,5.0031,30,No
F1499,24,Male,Kaduna,Secondary,Married,2,Crop,3,6,FALSE,FALSE,TRUE,12,FALSE,TRUE,94423.31,TRUE,4285791,None,FALSE,8.5954,7.4512,30,Yes
F1500,18,Male,Oyo,Secondary,Single,0,Crop,3,6,FALSE,TRUE,TRUE,49,TRUE,TRUE,87289.11,TRUE,4568094,Trading,FALSE,9.0837,5.2972,38,Yes
F1501,19,Female,Enugu,Primary,Married,0,Crop,3.1,2,TRUE,TRUE,FALSE,87,TRUE,TRUE,29957.04,TRUE,3104046,None,TRUE,7.3588,5.0223,36,Yes
F1502,34,Female,Kano,Secondary,Married,4,Mixed,4.5,6,FALSE,TRUE,TRUE,65,TRUE,TRUE,92440.34,TRUE,4136859,None,TRUE,6.8755,7.6122,49,Yes
F1503,34,Female,Enugu,Secondary,Single,1,Crop,4.7,8,TRUE,FALSE,TRUE,62,TRUE,TRUE,0,FALSE,2720583,Trading,FALSE,8.663,4.3576,29,No
F1504,28,Male,Enugu,Primary,Single,0,Crop,1.4,6,FALSE,TRUE,TRUE,54,TRUE,TRUE,10288.94,TRUE,3037401,None,FALSE,7.3343,4.2659,26,Yes
F1505,32,Female,Kaduna,Secondary,Single,0,Mixed,4.4,8,TRUE,FALSE,TRUE,66,TRUE,TRUE,75331.24,TRUE,5056830,None,TRUE,8.6185,3.6759,54,Yes
F1506,28,Female,Kaduna,Primary,Single,0,Livestock,4.6,3,TRUE,FALSE,FALSE,41,FALSE,TRUE,79259.64,TRUE,4399272,Remittances,TRUE,6.8901,5.6963,20,Yes
F1507,31,Male,Kaduna,Primary,Married,2,Crop,3.5,6,FALSE,FALSE,TRUE,54,TRUE,FALSE,0,FALSE,2806542,None,FALSE,6.1057,5.0369,16,No
F1508,29,Male,Benue,Primary,Married,3,Livestock,4.3,2,FALSE,TRUE,TRUE,63,TRUE,TRUE,86167.67,TRUE,6164973,None,FALSE,9.75,5.7958,37,Yes
F1509,20,Male,Benue,Primary,Single,0,Livestock,3.9,9,TRUE,FALSE,TRUE,17,FALSE,TRUE,16384.34,TRUE,6250203,None,TRUE,6.8659,3.1346,29,Yes
F1510,22,Female,Enugu,Primary,Married,3,Crop,4.7,9,FALSE,FALSE,TRUE,71,TRUE,TRUE,52770.18,TRUE,6076278,None,TRUE,7.5979,3.0114,36,Yes
F1511,32,Female,Oyo,Tertiary,Married,0,Crop,4.1,8,FALSE,FALSE,TRUE,63,TRUE,TRUE,35421.01,TRUE,4669065,Trading,TRUE,6.4682,6.1931,47,Yes
F1512,28,Male,Enugu,Tertiary,Married,1,Mixed,3.2,4,TRUE,FALSE,FALSE,43,TRUE,TRUE,67023.19,TRUE,4801896,None,TRUE,6.7953,7.2808,40,Yes
F1513,31,Male,Kano,Secondary,Single,1,Mixed,3.9,2,FALSE,TRUE,TRUE,71,TRUE,TRUE,62142.24,TRUE,3203991,None,TRUE,8.4189,3.1322,52,Yes
F1514,34,Female,Enugu,Secondary,Single,2,Crop,3.5,5,FALSE,TRUE,TRUE,28,FALSE,TRUE,29797.41,TRUE,3344976,None,FALSE,6.7313,3.6183,36,Yes
F1515,20,Female,Kaduna,None,Single,0,Livestock,4.7,5,TRUE,TRUE,FALSE,71,TRUE,FALSE,0,FALSE,3656988,Trading,TRUE,6.1284,3.9876,30,Yes
F1516,25,Female,Kaduna,Primary,Married,1,Crop,4,2,TRUE,FALSE,TRUE,15,FALSE,TRUE,44409.2,TRUE,3203037,None,FALSE,9.3753,7.5831,25,Yes
F1517,18,Male,Enugu,Tertiary,Single,0,Crop,4.2,9,TRUE,TRUE,TRUE,83,TRUE,TRUE,14105.08,TRUE,5417739,None,FALSE,6.0979,6.1549,45,Yes
F1518,19,Female,Oyo,Tertiary,Single,0,Crop,3.4,9,TRUE,FALSE,TRUE,67,TRUE,TRUE,70774.07,TRUE,4142637,None,FALSE,6.9551,5.8623,46,Yes
F1519,28,Male,Enugu,None,Single,0,Crop,1.6,9,FALSE,FALSE,FALSE,53,TRUE,TRUE,26064.4,TRUE,4639302,None,FALSE,7.5285,4.1634,17,No
F1520,23,Female,Kano,Primary,Married,2,Mixed,1.9,1,TRUE,FALSE,TRUE,54,FALSE,TRUE,67412.57,TRUE,3568023,Remittances,TRUE,7.6736,7.5287,23,Yes
F1521,25,Female,Kano,Primary,Married,1,Crop,2.3,3,FALSE,FALSE,TRUE,55,FALSE,TRUE,63437.74,TRUE,4998105,None,TRUE,9.7821,4.5744,21,Yes
F1522,33,Male,Oyo,Primary,Single,1,Livestock,2.9,6,FALSE,FALSE,TRUE,86,TRUE,FALSE,0,FALSE,2622339,None,TRUE,8.1836,7.9677,23,No
F1523,27,Female,Enugu,Primary,Married,0,Crop,1.3,6,TRUE,TRUE,TRUE,74,FALSE,TRUE,90252.56,TRUE,4525218,None,FALSE,7.4563,5.4812,38,Yes
F1524,29,Female,Enugu,Secondary,Married,2,Livestock,1.5,5,FALSE,FALSE,TRUE,77,TRUE,TRUE,0,FALSE,2323773,Trading,TRUE,8.2238,3.7783,38,No
F1525,29,Male,Enugu,Secondary,Married,0,Crop,3.5,3,TRUE,FALSE,TRUE,86,TRUE,TRUE,11132.42,TRUE,4481667,None,FALSE,8.7598,7.2888,39,Yes
F1526,35,Male,Enugu,Primary,Married,1,Livestock,5,6,FALSE,FALSE,TRUE,64,TRUE,TRUE,37546.03,TRUE,4615749,None,TRUE,7.6106,6.4494,37,Yes
F1527,31,Female,Kano,Secondary,Single,0,Crop,4.8,7,TRUE,TRUE,TRUE,56,TRUE,TRUE,26017.48,TRUE,5870277,Remittances,FALSE,7.2255,7.4442,48,Yes
F1528,33,Female,Enugu,None,Married,1,Crop,2.7,2,TRUE,TRUE,FALSE,39,FALSE,TRUE,49989.61,TRUE,5359617,None,FALSE,7.0651,6.9921,25,No
F1529,21,Male,Kano,Secondary,Single,0,Mixed,4.5,7,FALSE,TRUE,TRUE,45,TRUE,TRUE,14156.62,TRUE,4580271,None,FALSE,9.8469,4.3374,35,Yes
F1530,23,Female,Benue,Primary,Single,0,Mixed,3.2,3,TRUE,FALSE,TRUE,83,TRUE,TRUE,83116.45,TRUE,3260349,Trading,FALSE,9.2793,6.8858,32,Yes
F1531,24,Male,Kano,Secondary,Single,0,Crop,2.2,4,TRUE,FALSE,TRUE,76,TRUE,TRUE,88490.84,TRUE,4790214,None,TRUE,7.9935,3.356,50,Yes
F1532,18,Female,Benue,Primary,Single,0,Crop,3,8,TRUE,TRUE,TRUE,60,TRUE,TRUE,12749.12,TRUE,5405904,Remittances,FALSE,7.4132,3.2096,39,Yes
F1533,33,Male,Kano,Tertiary,Married,2,Crop,1.5,5,FALSE,TRUE,FALSE,41,FALSE,TRUE,99552.89,TRUE,3869280,Trading,FALSE,9.0434,4.2883,25,No
F1534,31,Male,Benue,Primary,Married,4,Mixed,4.3,4,TRUE,FALSE,TRUE,22,FALSE,TRUE,29022.18,TRUE,5302278,None,FALSE,8.2019,5.786,28,Yes
F1535,20,Male,Kaduna,Primary,Single,0,Crop,2.7,3,TRUE,FALSE,TRUE,51,FALSE,TRUE,16945.2,TRUE,4151448,Trading,FALSE,7.1843,6.4529,27,Yes
F1536,20,Female,Kano,None,Single,0,Livestock,3.4,1,TRUE,FALSE,FALSE,55,TRUE,TRUE,23843.27,TRUE,5524164,None,FALSE,9.0231,6.9073,25,Yes
F1537,35,Male,Kano,Secondary,Married,0,Livestock,4,3,FALSE,TRUE,FALSE,97,TRUE,TRUE,84212.3,TRUE,3669579,None,TRUE,9.96,6.278,48,Yes
F1538,32,Female,Kano,Tertiary,Married,0,Livestock,4.5,2,TRUE,FALSE,TRUE,30,TRUE,TRUE,29242.44,TRUE,4714704,Trading,TRUE,6.6528,5.8871,43,Yes
F1539,31,Male,Benue,Secondary,Married,2,Crop,3.7,6,FALSE,TRUE,TRUE,32,FALSE,TRUE,0,FALSE,900000,Trading,TRUE,6.2383,6.5631,23,No
F1540,33,Female,Benue,Primary,Single,2,Crop,3.6,9,TRUE,FALSE,TRUE,88,TRUE,TRUE,21611.93,TRUE,5037858,None,FALSE,7.0069,5.516,36,Yes
F1541,33,Male,Oyo,Primary,Single,2,Mixed,1.7,4,TRUE,TRUE,TRUE,36,TRUE,TRUE,0,FALSE,3026061,None,TRUE,8.8483,7.0771,32,Yes
F1542,34,Female,Kaduna,Secondary,Single,1,Livestock,1,9,TRUE,FALSE,TRUE,37,TRUE,TRUE,41986.96,TRUE,3507372,None,FALSE,6.0559,6.4069,36,Yes
F1543,32,Male,Oyo,Tertiary,Single,1,Livestock,1.5,7,FALSE,FALSE,TRUE,72,FALSE,TRUE,33028.18,TRUE,4059972,None,FALSE,9.1289,3.4084,35,Yes
F1544,19,Female,Enugu,Secondary,Married,3,Crop,4.5,2,TRUE,TRUE,TRUE,68,TRUE,FALSE,0,FALSE,926973,None,TRUE,7.2041,3.3304,41,Yes
F1545,33,Male,Oyo,,Married,0,,2.2,4,TRUE,FALSE,TRUE,63,TRUE,TRUE,,TRUE,0,None,FALSE,6.1408,4.197,41,Yes
F1546,26,Female,Kaduna,Secondary,Married,0,Crop,4.3,1,TRUE,FALSE,FALSE,35,TRUE,TRUE,0,FALSE,1685223,None,TRUE,6.6889,4.6777,27,No
F1547,25,Female,Kano,Tertiary,Married,5,Mixed,2.6,3,TRUE,FALSE,TRUE,95,TRUE,TRUE,96795.51,TRUE,3468384,None,TRUE,8.4698,3.6646,47,Yes
F1548,26,Female,Kano,None,Married,0,Crop,2.7,5,TRUE,FALSE,TRUE,45,TRUE,FALSE,0,FALSE,2316879,None,TRUE,8.0714,6.7333,16,No
F1549,26,Male,Kano,Tertiary,Married,3,Livestock,2,6,FALSE,FALSE,TRUE,87,TRUE,TRUE,64412.78,TRUE,4512033,Remittances,FALSE,8.4396,6.4198,39,Yes
F1550,35,Male,Kaduna,Secondary,Single,0,Mixed,1.2,3,FALSE,TRUE,TRUE,90,TRUE,TRUE,54673.48,TRUE,3706056,None,TRUE,9.7969,7.7218,49,Yes
F1551,21,Female,Oyo,Tertiary,Single,0,Crop,1.8,2,TRUE,FALSE,TRUE,58,TRUE,TRUE,0,FALSE,1628568,None,FALSE,6.4316,3.4717,29,No
F1552,30,Female,Benue,Secondary,Married,2,Crop,4.2,6,TRUE,FALSE,TRUE,50,FALSE,TRUE,19276.63,TRUE,4525884,None,TRUE,9.1273,6.5026,41,Yes
F1553,26,Male,Kano,Tertiary,Married,0,Livestock,4.3,5,FALSE,TRUE,TRUE,54,TRUE,TRUE,13167.56,TRUE,5126805,None,TRUE,8.0065,3.141,45,Yes
F1554,29,Female,Kano,Secondary,Single,0,Livestock,1.7,6,TRUE,TRUE,TRUE,15,FALSE,FALSE,0,FALSE,2553894,Trading,FALSE,8.2025,7.7669,29,No
F1555,26,Female,Enugu,Secondary,Married,3,Livestock,2.1,5,TRUE,FALSE,TRUE,78,TRUE,FALSE,0,FALSE,2314017,None,FALSE,8.9022,4.4194,35,No
F1556,34,Male,Benue,Secondary,Married,2,Crop,4.4,5,TRUE,TRUE,TRUE,77,TRUE,TRUE,81080.84,TRUE,5602716,None,FALSE,6.3615,5.3226,50,Yes
F1557,30,Female,Benue,Primary,Married,2,Livestock,3.1,6,FALSE,TRUE,TRUE,37,FALSE,FALSE,0,FALSE,1377414,None,FALSE,8.5942,7.4468,11,No
F1558,30,Female,Enugu,Secondary,Married,2,Mixed,2.1,7,TRUE,FALSE,TRUE,61,TRUE,TRUE,13745.31,TRUE,4268214,None,FALSE,7.7598,5.0279,47,Yes
F1559,27,Female,Kaduna,Primary,Married,6,Crop,2.1,8,TRUE,TRUE,TRUE,55,FALSE,TRUE,45231.23,TRUE,5476824,None,TRUE,9.5862,3.3392,39,Yes
F1560,18,Female,Enugu,None,Single,0,Livestock,4.1,4,TRUE,FALSE,TRUE,41,FALSE,TRUE,24555.87,TRUE,5262579,None,TRUE,7.6824,7.4392,36,Yes
F1561,20,Female,Kaduna,Primary,Single,0,Mixed,1.3,6,TRUE,TRUE,TRUE,68,TRUE,TRUE,53757.22,TRUE,4940361,None,FALSE,8.1784,3.444,35,Yes
F1562,25,Female,Enugu,Secondary,Single,0,Crop,2.6,4,TRUE,FALSE,TRUE,50,TRUE,FALSE,0,FALSE,2810187,Trading,FALSE,6.2933,6.3003,33,Yes
F1563,35,Male,Benue,Secondary,Single,2,Crop,1.6,1,TRUE,TRUE,TRUE,56,TRUE,TRUE,38642.66,TRUE,5115303,None,FALSE,8.6659,7.5091,46,Yes
F1564,26,Female,Kano,Tertiary,Married,4,Crop,1.7,4,TRUE,FALSE,TRUE,66,TRUE,TRUE,61998.13,TRUE,3284109,None,FALSE,9.0395,4.7714,41,Yes
F1565,22,Female,Oyo,Primary,Single,0,Livestock,4.7,9,TRUE,FALSE,FALSE,49,FALSE,TRUE,90269.51,TRUE,6236379,Trading,TRUE,9.1332,4.0133,33,Yes
F1566,31,Female,Kaduna,Tertiary,Married,3,Crop,2.6,9,TRUE,FALSE,FALSE,62,TRUE,TRUE,24404.71,TRUE,3775932,Trading,FALSE,8.5489,4.409,34,Yes
F1567,22,Female,Benue,Secondary,Single,0,Crop,4.3,1,TRUE,FALSE,TRUE,62,FALSE,TRUE,15175.17,TRUE,3346956,None,TRUE,6.8176,4.7456,45,Yes
F1568,19,Male,Kaduna,Primary,Single,0,Crop,3.5,6,FALSE,TRUE,TRUE,76,TRUE,TRUE,13898.44,TRUE,3681801,None,TRUE,6.3781,5.7457,44,Yes
F1569,30,Female,Oyo,Tertiary,Married,2,Crop,4.6,8,FALSE,TRUE,TRUE,73,TRUE,TRUE,17052.74,TRUE,4586382,None,TRUE,8.0613,4.7648,50,Yes
F1570,22,Male,Enugu,Secondary,Single,0,Crop,2.2,1,TRUE,FALSE,TRUE,73,FALSE,TRUE,62973.71,TRUE,4592628,Trading,FALSE,6.0868,7.352,41,Yes
F1571,25,Male,Oyo,None,Married,1,Mixed,1.4,4,TRUE,FALSE,TRUE,29,FALSE,TRUE,77674.03,TRUE,4069332,None,FALSE,8.5229,5.5883,23,Yes
F1572,28,Female,Kano,Primary,Married,4,Livestock,4.5,4,FALSE,TRUE,TRUE,54,TRUE,FALSE,0,FALSE,1301265,None,FALSE,8.9194,4.2273,14,No
F1573,24,Male,Kano,Tertiary,Married,1,Livestock,3.6,4,TRUE,TRUE,TRUE,61,TRUE,TRUE,93057,TRUE,5504607,None,FALSE,8.1953,4.18,51,Yes
F1574,30,Female,Kano,None,Married,2,Livestock,3.3,8,TRUE,TRUE,FALSE,57,FALSE,TRUE,44271.45,TRUE,3471183,Trading,TRUE,6.5553,6.2465,26,Yes
F1575,25,Male,Oyo,Tertiary,Single,0,Livestock,2.7,9,FALSE,FALSE,TRUE,48,FALSE,TRUE,0,FALSE,1940040,None,FALSE,7.4324,5.2247,18,No
F1576,31,Male,Enugu,Secondary,Married,3,Mixed,4.7,2,TRUE,TRUE,TRUE,57,FALSE,TRUE,60740.51,TRUE,3955032,Remittances,TRUE,9.6909,5.3978,46,Yes
F1577,22,Male,Enugu,Secondary,Single,0,Crop,1.3,8,TRUE,TRUE,TRUE,28,FALSE,TRUE,17872.21,TRUE,6248862,None,FALSE,9.1697,4.3382,41,Yes
F1578,32,Female,Kano,,Single,1,,2.9,7,TRUE,FALSE,FALSE,46,FALSE,TRUE,,TRUE,0,None,TRUE,9.091,5.9032,31,Yes
F1579,29,Female,Enugu,Secondary,Married,2,Crop,1.1,7,FALSE,FALSE,TRUE,47,TRUE,TRUE,58481.41,TRUE,4333383,None,FALSE,6.1985,3.7308,34,Yes
F1580,34,Male,Enugu,Primary,Married,4,Crop,2.8,9,TRUE,TRUE,TRUE,45,FALSE,TRUE,78925.5,TRUE,5492988,None,TRUE,8.5942,3.232,35,Yes
F1581,31,Male,Kano,Primary,Married,1,Crop,1.3,5,FALSE,FALSE,TRUE,47,TRUE,TRUE,14523.25,TRUE,5555574,None,FALSE,6.5323,6.6797,25,Yes
F1582,33,Male,Enugu,Secondary,Married,5,Crop,3.1,8,TRUE,TRUE,FALSE,57,FALSE,TRUE,0,FALSE,2540286,None,FALSE,7.5602,7.219,26,No
F1583,23,Male,Benue,Secondary,Single,0,Crop,4.7,4,TRUE,TRUE,TRUE,66,TRUE,TRUE,48262.73,TRUE,3502953,None,TRUE,9.6692,4.2515,53,Yes
F1584,31,Female,Kano,Secondary,Married,1,Crop,3.3,9,TRUE,FALSE,TRUE,30,FALSE,TRUE,51647.6,TRUE,4896774,None,TRUE,8.6417,3.5847,41,Yes
F1585,33,Male,Enugu,None,Married,1,Livestock,4.2,8,TRUE,TRUE,TRUE,25,FALSE,TRUE,97054.45,TRUE,4117023,Trading,FALSE,9.4269,3.426,32,Yes
F1586,18,Female,Kano,Primary,Single,0,Mixed,3.1,1,FALSE,TRUE,TRUE,78,TRUE,TRUE,48166.24,TRUE,4761702,None,TRUE,7.5833,4.8714,43,Yes
F1587,29,Female,Enugu,Tertiary,Married,0,Crop,1.7,2,FALSE,TRUE,FALSE,80,TRUE,TRUE,75040.13,TRUE,4485618,Trading,FALSE,8.3184,3.547,45,Yes
F1588,23,Female,Kaduna,,Married,2,,4.7,6,FALSE,TRUE,TRUE,70,TRUE,TRUE,,TRUE,0,None,FALSE,9.7077,5.9986,47,Yes
F1589,31,Female,Oyo,Primary,Married,2,Crop,1,3,TRUE,FALSE,TRUE,62,FALSE,TRUE,64866.46,TRUE,4633092,None,TRUE,6.5416,6.9982,36,Yes
F1590,27,Female,Oyo,Secondary,Married,0,Crop,1.1,1,TRUE,TRUE,TRUE,63,TRUE,FALSE,0,FALSE,2097153,None,TRUE,9.3542,4.7509,46,Yes
F1591,29,Female,Kano,Primary,Married,3,Livestock,2.6,4,TRUE,FALSE,TRUE,38,FALSE,TRUE,16374.11,TRUE,2529369,None,FALSE,6.1131,5.9612,23,No
F1592,27,Male,Kaduna,Tertiary,Single,0,Crop,1.6,5,FALSE,FALSE,TRUE,63,TRUE,TRUE,0,FALSE,1238229,None,TRUE,6.1956,3.9652,26,No
F1593,29,Male,Kano,,Married,1,,3,3,TRUE,FALSE,TRUE,45,TRUE,TRUE,,TRUE,0,None,FALSE,8.7705,5.1568,35,Yes
F1594,25,Female,Enugu,Tertiary,Married,1,Mixed,4.5,5,TRUE,FALSE,TRUE,44,TRUE,TRUE,0,FALSE,2615463,Remittances,FALSE,7.4662,7.33,25,No
F1595,31,Female,Oyo,Secondary,Married,2,Mixed,5,5,TRUE,FALSE,TRUE,58,TRUE,TRUE,80050.27,TRUE,3951702,None,TRUE,7.3749,3.7638,47,Yes
F1596,23,Male,Oyo,Secondary,Single,0,Livestock,4.9,7,FALSE,TRUE,TRUE,46,TRUE,TRUE,99186.86,TRUE,3376539,None,TRUE,7.1496,5.4885,42,Yes
F1597,30,Female,Oyo,Secondary,Married,1,Mixed,1.3,5,FALSE,TRUE,TRUE,35,FALSE,TRUE,21666.7,TRUE,5116500,Trading,FALSE,8.7108,4.1857,30,Yes
F1598,23,Female,Benue,Primary,Single,0,Livestock,2.7,9,TRUE,FALSE,TRUE,51,FALSE,TRUE,17774.81,TRUE,3463632,Trading,FALSE,7.1793,6.0141,22,Yes
F1599,22,Female,Enugu,Secondary,Married,0,Livestock,4.9,1,TRUE,TRUE,TRUE,83,TRUE,TRUE,65455.61,TRUE,5034276,None,TRUE,8.5567,5.8966,60,Yes
F1600,30,Female,Kano,,Married,5,,3,7,TRUE,FALSE,TRUE,69,FALSE,FALSE,,FALSE,0,None,TRUE,9.3534,7.4644,36,No
F1601,28,Male,Kano,,Married,2,,4.9,1,TRUE,TRUE,TRUE,48,TRUE,TRUE,,TRUE,0,None,FALSE,9.083,4.6147,36,Yes
F1602,20,Female,Kaduna,Secondary,Single,0,Mixed,3.1,1,FALSE,TRUE,TRUE,47,FALSE,TRUE,68713.67,TRUE,4505580,Trading,TRUE,8.2533,6.5428,45,Yes
F1603,29,Female,Oyo,Primary,Married,0,Crop,2.8,4,FALSE,FALSE,TRUE,77,TRUE,FALSE,0,FALSE,1208007,None,TRUE,7.7013,4.1565,20,No
F1604,21,Female,Oyo,Secondary,Single,0,Crop,2.1,3,TRUE,FALSE,TRUE,46,FALSE,TRUE,96739.61,TRUE,2717433,None,FALSE,7.2639,4.1177,37,Yes
F1605,32,Female,Kano,Tertiary,Single,0,Crop,4.8,8,TRUE,FALSE,TRUE,79,TRUE,TRUE,75675.92,TRUE,4670964,None,FALSE,7.7288,5.3765,44,Yes
F1606,24,Female,Kano,Secondary,Single,0,Crop,2.2,9,FALSE,FALSE,TRUE,64,FALSE,FALSE,0,FALSE,2250090,None,TRUE,8.7079,5.4753,23,No
F1607,19,Female,Kaduna,Tertiary,Single,0,Livestock,4.4,8,TRUE,TRUE,FALSE,57,TRUE,TRUE,75028.68,TRUE,2847681,None,TRUE,8.1716,6.5106,45,Yes
F1608,26,Male,Oyo,Secondary,Married,4,Livestock,2.1,2,TRUE,TRUE,FALSE,46,FALSE,TRUE,92454.66,TRUE,4687227,None,TRUE,7.1938,7.9802,43,Yes
F1609,24,Male,Kaduna,Secondary,Single,0,Mixed,4.6,2,TRUE,TRUE,TRUE,67,TRUE,TRUE,0,FALSE,2165445,Trading,TRUE,8.5932,5.5399,45,Yes
F1610,34,Male,Enugu,Primary,Married,5,Crop,4.3,8,TRUE,TRUE,TRUE,74,TRUE,TRUE,38277.53,TRUE,4977360,None,FALSE,7.4437,5.0941,43,Yes
F1611,34,Female,Kano,None,Married,0,Crop,1.6,8,TRUE,FALSE,TRUE,75,TRUE,TRUE,0,FALSE,1887543,None,TRUE,7.8891,4.912,25,No
F1612,33,Male,Enugu,,Married,0,,3.6,2,TRUE,FALSE,TRUE,51,TRUE,TRUE,,TRUE,0,Remittances,TRUE,8.8741,4.031,45,Yes
F1613,26,Female,Kano,None,Married,1,Livestock,1.1,4,FALSE,FALSE,FALSE,50,TRUE,TRUE,32017.42,TRUE,3769749,None,TRUE,6.2925,4.687,25,Yes
F1614,20,Male,Kano,Secondary,Single,0,Crop,3.2,3,FALSE,FALSE,TRUE,61,TRUE,TRUE,82015.2,TRUE,4958847,None,TRUE,6.7518,5.4285,53,Yes
F1615,32,Female,Enugu,Tertiary,Married,2,Livestock,4.3,1,TRUE,TRUE,TRUE,50,FALSE,TRUE,36791.23,TRUE,4223718,None,TRUE,9.8043,4.3381,48,Yes
F1616,18,Male,Benue,None,Single,0,Livestock,1.6,7,FALSE,FALSE,TRUE,68,TRUE,TRUE,0,FALSE,1434447,None,FALSE,8.4899,3.3001,17,No
F1617,26,Male,Enugu,Secondary,Single,0,Mixed,4.9,7,FALSE,TRUE,TRUE,56,TRUE,TRUE,14054.62,TRUE,4611150,None,TRUE,8.6668,5.7134,47,Yes
F1618,34,Male,Benue,Primary,Single,1,Mixed,4.6,5,FALSE,FALSE,TRUE,50,TRUE,TRUE,0,FALSE,2345634,None,FALSE,9.6564,5.3565,12,No
F1619,28,Male,Oyo,Secondary,Single,0,Livestock,2.6,9,FALSE,TRUE,TRUE,86,TRUE,TRUE,30350.9,TRUE,5450850,None,TRUE,6.1848,5.343,52,Yes
F1620,32,Male,Kaduna,Secondary,Single,0,Mixed,3,8,TRUE,TRUE,TRUE,86,TRUE,TRUE,95274.32,TRUE,4437738,None,TRUE,6.9036,5.792,55,Yes
F1621,22,Male,Oyo,Secondary,Married,3,Livestock,2.6,9,FALSE,TRUE,TRUE,78,TRUE,FALSE,0,FALSE,2397969,None,TRUE,7.0517,5.0292,40,No
F1622,19,Female,Oyo,Primary,Single,0,Crop,3.3,7,TRUE,TRUE,TRUE,39,FALSE,TRUE,52821.39,TRUE,4732200,None,FALSE,9.5266,5.1663,34,Yes
F1623,26,Male,Benue,None,Married,3,Livestock,4.5,4,TRUE,TRUE,TRUE,22,FALSE,TRUE,51363.42,TRUE,3438612,Trading,TRUE,6.8586,7.0717,33,Yes
F1624,19,Female,Kano,Secondary,Married,2,Mixed,1.2,9,TRUE,TRUE,FALSE,71,TRUE,FALSE,0,FALSE,952839,None,TRUE,8.0667,7.4298,28,No
F1625,19,Male,Oyo,Secondary,Single,0,Crop,4.8,9,FALSE,FALSE,TRUE,58,TRUE,TRUE,89133.76,TRUE,3622923,Remittances,TRUE,9.9386,4.602,42,Yes
F1626,29,Male,Benue,None,Single,3,Livestock,1.2,1,TRUE,TRUE,TRUE,66,FALSE,TRUE,64339.5,TRUE,5382873,Trading,TRUE,6.7436,3.2898,44,Yes
F1627,30,Female,Enugu,Secondary,Married,3,Livestock,4,7,FALSE,FALSE,TRUE,56,TRUE,TRUE,81211.86,TRUE,6295077,None,FALSE,7.2945,5.9561,37,Yes
F1628,25,Male,Kaduna,Tertiary,Single,0,Crop,4.1,4,TRUE,TRUE,TRUE,77,TRUE,TRUE,14354.25,TRUE,5470038,None,TRUE,8.6904,5.0349,50,Yes
F1629,35,Male,Enugu,Primary,Married,2,Mixed,2.4,6,TRUE,FALSE,TRUE,64,TRUE,TRUE,20133.17,TRUE,3895011,None,TRUE,8.7297,4.2198,40,Yes
F1630,32,Male,Oyo,Secondary,Single,1,Crop,4.4,7,FALSE,FALSE,FALSE,65,TRUE,TRUE,99441.12,TRUE,5398515,Trading,TRUE,9.4858,7.4282,39,Yes
F1631,34,Female,Kano,Secondary,Married,2,Livestock,4.6,3,FALSE,TRUE,TRUE,66,TRUE,TRUE,12383.21,TRUE,5321097,Trading,TRUE,8.4452,4.5477,55,Yes
F1632,35,Male,Oyo,Primary,Married,0,Crop,2.3,8,TRUE,FALSE,TRUE,51,FALSE,TRUE,0,FALSE,1665765,None,FALSE,7.7965,7.5943,19,No
F1633,32,Female,Benue,Primary,Married,6,Mixed,3.2,5,FALSE,FALSE,TRUE,59,TRUE,TRUE,0,FALSE,3348774,None,FALSE,7.6187,3.3065,18,No
F1634,21,Female,Kaduna,Primary,Single,0,Crop,3.4,7,TRUE,TRUE,TRUE,41,FALSE,TRUE,62127.2,TRUE,3785769,None,TRUE,6.3552,4.1687,36,Yes
F1635,31,Male,Enugu,Secondary,Married,1,Livestock,2.2,5,FALSE,FALSE,TRUE,34,FALSE,FALSE,0,FALSE,2244726,Remittances,FALSE,6.3256,4.7998,21,No
F1636,27,Female,Benue,Primary,Married,2,Crop,3.1,8,TRUE,TRUE,TRUE,35,FALSE,TRUE,79933.33,TRUE,2795472,Trading,TRUE,6.5319,7.6811,34,Yes
F1637,19,Male,Kano,Primary,Single,0,Mixed,4.7,1,TRUE,FALSE,TRUE,61,FALSE,TRUE,25730.46,TRUE,3016296,None,TRUE,7.9135,7.0417,34,Yes
F1638,33,Male,Kaduna,Secondary,Single,1,Crop,2.7,6,TRUE,FALSE,TRUE,58,TRUE,TRUE,0,FALSE,1946448,Trading,FALSE,7.894,4.0807,26,No
F1639,26,Female,Benue,Primary,Single,0,Crop,3,2,FALSE,FALSE,TRUE,59,FALSE,TRUE,0,FALSE,2609883,Remittances,FALSE,7.6827,5.4992,10,No
F1640,19,Female,Benue,None,Single,0,Mixed,2.2,7,TRUE,TRUE,FALSE,31,TRUE,TRUE,80715.03,TRUE,4671810,None,TRUE,7.6799,6.8586,34,Yes
F1641,19,Female,Oyo,Secondary,Married,1,Livestock,2.9,3,TRUE,FALSE,TRUE,68,TRUE,TRUE,51010.76,TRUE,3365496,None,TRUE,6.2928,3.9028,47,Yes
F1642,30,Female,Enugu,Primary,Single,0,Crop,3.7,2,TRUE,FALSE,TRUE,83,TRUE,TRUE,79992.11,TRUE,6260661,None,FALSE,9.5295,6.9299,38,Yes
F1643,33,Male,Kano,Primary,Married,2,Livestock,4.6,8,FALSE,FALSE,TRUE,84,TRUE,TRUE,99078.58,TRUE,4491729,None,TRUE,9.9095,3.7642,34,Yes
F1644,19,Male,Enugu,Secondary,Single,0,Crop,3.8,8,FALSE,FALSE,TRUE,46,FALSE,TRUE,12292.88,TRUE,2240550,Trading,TRUE,7.0821,3.4565,35,Yes
F1645,22,Male,Oyo,Primary,Married,1,Crop,1.1,2,FALSE,FALSE,TRUE,63,TRUE,TRUE,72245.47,TRUE,5664501,Remittances,FALSE,7.2796,7.6069,27,Yes
F1646,27,Male,Oyo,None,Married,3,Livestock,4.7,8,TRUE,FALSE,TRUE,68,TRUE,TRUE,73707.02,TRUE,4625262,Trading,TRUE,8.7552,3.1087,36,Yes
F1647,30,Male,Kaduna,Primary,Single,0,Livestock,4.7,3,TRUE,FALSE,FALSE,38,TRUE,TRUE,77795.71,TRUE,3096081,Trading,TRUE,8.6389,5.3915,27,Yes
F1648,21,Female,Benue,Tertiary,Single,0,Livestock,4.4,6,TRUE,TRUE,TRUE,58,FALSE,TRUE,25594.14,TRUE,3350835,Trading,FALSE,6.2375,4.5044,34,Yes
F1649,18,Female,Kaduna,Secondary,Single,0,Mixed,4.7,8,TRUE,FALSE,TRUE,82,TRUE,FALSE,0,FALSE,3170079,None,TRUE,9.2996,4.627,37,Yes
F1650,19,Female,Oyo,Primary,Married,2,Crop,4,9,FALSE,TRUE,TRUE,54,FALSE,TRUE,0,FALSE,2487258,None,TRUE,8.7001,4.7548,18,No
F1651,34,Male,Enugu,Secondary,Married,3,Crop,4.7,8,TRUE,TRUE,TRUE,92,TRUE,TRUE,56972.07,TRUE,4704876,None,TRUE,7.8687,6.894,53,Yes
F1652,27,Male,Kaduna,Primary,Single,0,Mixed,2.9,4,TRUE,TRUE,TRUE,36,FALSE,TRUE,77766.09,TRUE,3686283,Trading,TRUE,9.9387,6.395,32,Yes
F1653,33,Female,Enugu,Tertiary,Married,3,Crop,4.2,9,FALSE,FALSE,TRUE,74,TRUE,TRUE,0,FALSE,3245085,None,TRUE,6.5075,4.6724,36,Yes
F1654,25,Male,Kano,Primary,Married,4,Crop,3.9,1,FALSE,TRUE,TRUE,63,TRUE,TRUE,55338,TRUE,1885635,Remittances,TRUE,9.7542,5.8099,37,Yes
F1655,27,Female,Enugu,Secondary,Married,1,Mixed,1.9,1,FALSE,FALSE,TRUE,46,FALSE,FALSE,0,FALSE,4055202,Trading,FALSE,7.9663,5.2169,19,No
F1656,33,Male,Kaduna,Secondary,Married,1,Livestock,2.5,9,FALSE,TRUE,TRUE,54,FALSE,TRUE,32926.56,TRUE,5020551,None,TRUE,9.9189,4.112,39,Yes
F1657,32,Male,Benue,Secondary,Married,2,Crop,1.4,9,FALSE,FALSE,TRUE,94,TRUE,TRUE,0,FALSE,1334673,None,FALSE,6.5545,4.1844,24,No
F1658,26,Male,Benue,Tertiary,Married,1,Crop,1.9,2,FALSE,FALSE,TRUE,26,FALSE,TRUE,37193.02,TRUE,5888070,None,FALSE,7.5915,5.2485,32,Yes
F1659,34,Male,Kano,Primary,Married,0,Livestock,4.5,2,TRUE,FALSE,TRUE,66,FALSE,TRUE,23980.51,TRUE,5297256,None,FALSE,8.5236,5.2457,35,Yes
F1660,30,Male,Benue,Tertiary,Single,1,Crop,1.1,4,TRUE,TRUE,TRUE,73,TRUE,TRUE,97829.24,TRUE,7513389,None,TRUE,8.3346,7.854,57,Yes
F1661,27,Female,Enugu,Tertiary,Married,0,Mixed,3.6,5,FALSE,FALSE,TRUE,51,FALSE,FALSE,0,FALSE,1588347,None,FALSE,8.8861,5.5538,23,No
F1662,18,Male,Kaduna,Tertiary,Single,0,Crop,2.7,8,TRUE,TRUE,TRUE,75,TRUE,FALSE,0,FALSE,4246947,None,FALSE,9.9819,4.8088,38,Yes
F1663,18,Female,Benue,Primary,Single,0,Livestock,4.7,6,TRUE,FALSE,TRUE,52,TRUE,TRUE,28307.62,TRUE,5181966,Remittances,TRUE,7.4676,3.1921,39,Yes
F1664,31,Male,Oyo,Secondary,Married,6,Livestock,3.2,9,TRUE,TRUE,TRUE,45,FALSE,TRUE,21438.44,TRUE,5055723,None,TRUE,6.2524,3.2807,50,Yes
F1665,19,Male,Benue,Secondary,Single,0,Crop,3,9,FALSE,TRUE,FALSE,61,TRUE,TRUE,52016.35,TRUE,4476159,None,FALSE,7.4754,7.0265,39,Yes
F1666,24,Male,Benue,None,Single,0,Crop,4.8,9,TRUE,TRUE,TRUE,92,TRUE,TRUE,18837.74,TRUE,5763726,None,FALSE,6.4587,7.6756,46,Yes
F1667,31,Female,Kano,None,Married,1,Crop,2.5,2,TRUE,FALSE,TRUE,67,TRUE,TRUE,80457.77,TRUE,4526496,Remittances,FALSE,9.4077,5.3913,34,Yes
F1668,26,Male,Kano,None,Married,1,Crop,3.6,2,TRUE,TRUE,TRUE,83,TRUE,FALSE,0,FALSE,3893166,Trading,TRUE,8.8614,6.2515,31,Yes
F1669,34,Female,Kaduna,Primary,Married,1,Livestock,4,9,FALSE,TRUE,TRUE,55,TRUE,TRUE,96436.16,TRUE,5281119,Trading,TRUE,6.9644,4.3952,33,Yes
F1670,26,Female,Benue,Secondary,Married,3,Crop,2.1,3,TRUE,FALSE,TRUE,64,TRUE,FALSE,0,FALSE,2327481,Trading,FALSE,7.3018,7.3563,36,No
F1671,23,Male,Enugu,Secondary,Single,0,Crop,1,8,TRUE,FALSE,FALSE,70,TRUE,TRUE,15419.37,TRUE,5575590,None,TRUE,7.4315,4.7715,40,Yes
F1672,24,Female,Enugu,Primary,Single,0,Mixed,1,7,TRUE,FALSE,FALSE,29,FALSE,TRUE,31945.58,TRUE,5659155,Trading,FALSE,7.6354,6.3281,21,No
F1673,25,Female,Oyo,Tertiary,Single,0,Crop,1.4,1,FALSE,TRUE,TRUE,74,TRUE,TRUE,58513.53,TRUE,5563386,None,TRUE,6.4039,5.2323,56,Yes
F1674,28,Male,Kano,Secondary,Single,0,Crop,2,1,FALSE,FALSE,TRUE,31,FALSE,TRUE,0,FALSE,3243132,None,TRUE,8.4775,4.1178,25,No
F1675,24,Male,Kaduna,None,Single,0,Mixed,1.2,2,TRUE,TRUE,TRUE,55,TRUE,TRUE,75559.35,TRUE,4571847,None,FALSE,9.5455,5.7065,33,Yes
F1676,24,Female,Kano,Primary,Married,0,Livestock,5,4,TRUE,TRUE,TRUE,51,TRUE,TRUE,21415.25,TRUE,4515210,None,FALSE,8.1846,6.1042,29,Yes
F1677,27,Male,Benue,Primary,Single,0,Mixed,2.3,1,FALSE,FALSE,FALSE,59,TRUE,TRUE,16208.78,TRUE,5970663,Trading,TRUE,7.4006,6.3619,24,Yes
F1678,29,Male,Kano,Tertiary,Married,1,Crop,3,8,TRUE,TRUE,TRUE,37,FALSE,TRUE,93191.08,TRUE,3384405,Trading,FALSE,9.1437,3.4535,33,Yes
F1679,18,Female,Kano,Primary,Single,0,Crop,4.1,8,FALSE,FALSE,FALSE,63,FALSE,TRUE,74353.15,TRUE,4058433,None,FALSE,7.6838,4.841,17,No
F1680,27,Male,Kaduna,Primary,Married,3,Crop,4.7,1,FALSE,TRUE,TRUE,33,FALSE,TRUE,69573.54,TRUE,3847410,None,TRUE,6.1296,3.082,27,Yes
F1681,22,Female,Benue,Primary,Single,0,Crop,1.3,6,TRUE,FALSE,TRUE,65,TRUE,TRUE,0,FALSE,3169332,None,TRUE,7.6479,3.5487,26,Yes
F1682,23,Male,Kano,Tertiary,Married,2,Livestock,2.2,4,TRUE,FALSE,TRUE,81,TRUE,FALSE,0,FALSE,1257516,None,FALSE,7.7674,6.2717,32,No
F1683,25,Female,Enugu,Primary,Single,0,Livestock,3.3,1,TRUE,FALSE,TRUE,34,TRUE,TRUE,41746.33,TRUE,4202064,Trading,TRUE,7.061,4.5707,30,Yes
F1684,31,Male,Oyo,Secondary,Single,1,Crop,3.3,1,FALSE,TRUE,TRUE,55,TRUE,TRUE,37511.75,TRUE,3692817,Trading,FALSE,6.7371,5.9894,37,Yes
F1685,26,Male,Oyo,Primary,Married,5,Livestock,1.6,6,TRUE,TRUE,TRUE,68,FALSE,TRUE,77143,TRUE,4705839,None,FALSE,6.613,6.6449,33,Yes
F1686,31,Female,Kano,Secondary,Married,1,Mixed,4.3,7,TRUE,FALSE,TRUE,64,TRUE,TRUE,25420.77,TRUE,4104126,None,FALSE,6.3906,6.59,50,Yes
F1687,21,Female,Kano,Primary,Single,0,Mixed,4.2,2,TRUE,TRUE,TRUE,42,FALSE,TRUE,0,FALSE,1712358,None,TRUE,9.052,7.3284,22,No
F1688,32,Male,Enugu,Primary,Married,4,Crop,1.7,7,TRUE,TRUE,FALSE,82,TRUE,TRUE,23113.88,TRUE,3747330,Trading,TRUE,7.6278,4.5459,39,Yes
F1689,25,Female,Kaduna,Secondary,Married,1,Livestock,3.1,5,FALSE,FALSE,TRUE,9,FALSE,TRUE,53669.64,TRUE,4210947,None,FALSE,7.5566,6.7785,30,Yes
F1690,35,Male,Kano,Primary,Married,0,Crop,3.8,1,TRUE,FALSE,TRUE,51,FALSE,TRUE,92603.07,TRUE,4679145,None,TRUE,6.2937,5.3232,29,Yes
F1691,32,Female,Benue,Secondary,Single,3,Crop,1.2,7,TRUE,TRUE,TRUE,62,TRUE,TRUE,0,FALSE,1768626,None,FALSE,9.4372,4.7888,36,No
F1692,18,Female,Benue,Secondary,Single,0,Livestock,1.1,4,FALSE,TRUE,TRUE,45,FALSE,TRUE,0,FALSE,2990358,Remittances,FALSE,8.0647,7.7304,27,No
F1693,33,Male,Kano,Secondary,Married,2,Crop,1.1,2,FALSE,FALSE,FALSE,61,TRUE,TRUE,0,FALSE,2380788,None,FALSE,8.4412,4.4769,25,No
F1694,20,Female,Oyo,Primary,Single,0,Crop,3,8,TRUE,FALSE,TRUE,52,TRUE,TRUE,12314.52,TRUE,4202010,None,TRUE,7.7451,4.4442,35,Yes
F1695,19,Female,Benue,Secondary,Single,0,Mixed,4.6,4,TRUE,FALSE,TRUE,53,FALSE,TRUE,93663.71,TRUE,5753691,None,FALSE,6.713,4.3222,38,Yes
F1696,21,Female,Kano,Primary,Single,0,Crop,2,3,FALSE,TRUE,TRUE,67,TRUE,TRUE,27515.2,TRUE,5631930,None,TRUE,8.2864,3.6672,40,Yes
F1697,23,Male,Kano,None,Married,3,Crop,3.2,8,TRUE,FALSE,TRUE,44,FALSE,TRUE,64488.58,TRUE,4348107,Remittances,TRUE,7.8196,7.3236,34,Yes
F1698,20,Female,Enugu,Secondary,Married,2,Livestock,3.1,4,FALSE,TRUE,TRUE,85,TRUE,TRUE,12567.57,TRUE,5969241,None,FALSE,7.9761,6.7613,45,Yes
F1699,32,Female,Benue,Tertiary,Married,1,Mixed,1.1,2,TRUE,TRUE,TRUE,28,FALSE,TRUE,0,FALSE,2753226,Remittances,FALSE,9.5427,5.4354,31,No
F1700,28,Female,Enugu,Secondary,Married,1,Crop,1.8,4,FALSE,TRUE,TRUE,63,TRUE,TRUE,0,FALSE,1952469,None,TRUE,6.2229,6.326,32,No
F1701,35,Female,Kaduna,Primary,Single,0,Crop,1.2,1,TRUE,TRUE,FALSE,45,FALSE,TRUE,27761.18,TRUE,5556015,Trading,FALSE,9.6819,7.1602,25,No
F1702,35,Male,Kano,Secondary,Married,3,Crop,1.2,6,FALSE,FALSE,FALSE,55,TRUE,TRUE,86028.87,TRUE,5203485,None,TRUE,8.5394,7.8922,38,Yes
F1703,35,Female,Kano,Tertiary,Married,4,Crop,3.4,9,FALSE,FALSE,TRUE,50,FALSE,TRUE,58515.57,TRUE,3195432,Trading,TRUE,6.7604,6.7348,29,Yes
F1704,29,Male,Oyo,Secondary,Married,3,Mixed,2,1,TRUE,TRUE,TRUE,24,FALSE,TRUE,31790.19,TRUE,5030559,None,FALSE,6.9686,4.8273,38,Yes
F1705,29,Male,Enugu,Secondary,Single,0,Crop,4.7,5,FALSE,TRUE,FALSE,81,TRUE,TRUE,13742.31,TRUE,3653181,None,FALSE,9.6475,6.8017,35,Yes
F1706,34,Male,Enugu,Primary,Single,1,Mixed,1.4,4,FALSE,TRUE,TRUE,79,TRUE,FALSE,0,FALSE,1955961,None,TRUE,8.0665,6.6267,23,No
F1707,20,Male,Oyo,Secondary,Single,0,Crop,1.1,2,FALSE,FALSE,TRUE,44,FALSE,TRUE,29826.34,TRUE,5981724,Trading,FALSE,7.2553,4.3794,28,No
F1708,29,Male,Benue,Secondary,Married,1,Crop,1.6,3,TRUE,TRUE,TRUE,35,FALSE,TRUE,85708.09,TRUE,5408208,Trading,TRUE,6.6774,7.7599,49,Yes
F1709,35,Male,Oyo,Secondary,Single,1,Mixed,4.6,8,TRUE,TRUE,TRUE,54,TRUE,TRUE,0,FALSE,1831554,Trading,FALSE,7.823,3.7221,27,No
F1710,32,Female,Kaduna,Primary,Married,1,Crop,4.4,5,TRUE,TRUE,TRUE,82,TRUE,TRUE,52987.4,TRUE,7463619,None,TRUE,7.685,7.2758,49,Yes
F1711,33,Female,Enugu,Secondary,Married,3,Crop,4.3,8,FALSE,TRUE,TRUE,40,FALSE,TRUE,32499.8,TRUE,4010292,Trading,TRUE,8.5373,7.4645,37,Yes
F1712,27,Male,Kano,Secondary,Married,0,Crop,2.4,9,TRUE,FALSE,TRUE,48,FALSE,TRUE,81540.9,TRUE,6065559,Trading,FALSE,7.4938,3.8827,38,Yes
F1713,28,Female,Oyo,Secondary,Married,4,Crop,2,4,TRUE,TRUE,TRUE,87,TRUE,FALSE,0,FALSE,1094598,None,TRUE,7.9307,7.788,40,Yes
F1714,26,Female,Benue,Tertiary,Married,0,Crop,2.2,8,TRUE,FALSE,TRUE,69,TRUE,FALSE,0,FALSE,2893860,None,FALSE,6.9761,7.3641,37,Yes
F1715,23,Male,Kaduna,Secondary,Single,0,Livestock,1.7,6,FALSE,TRUE,TRUE,82,TRUE,TRUE,51241.8,TRUE,3657582,Trading,TRUE,6.8153,7.1584,50,Yes
F1716,31,Male,Benue,Primary,Single,2,Livestock,3,7,FALSE,TRUE,TRUE,32,FALSE,TRUE,46214.1,TRUE,6326811,None,TRUE,6.9566,7.337,33,Yes
F1717,26,Female,Oyo,Primary,Single,0,Crop,1.3,6,TRUE,FALSE,TRUE,33,FALSE,TRUE,61109.95,TRUE,3317328,Trading,FALSE,7.8222,4.9136,20,Yes
F1718,20,Male,Benue,Tertiary,Single,0,Livestock,3.1,3,TRUE,TRUE,TRUE,41,FALSE,FALSE,0,FALSE,1011726,Trading,TRUE,6.4578,3.1783,32,No
F1719,33,Male,Enugu,Primary,Married,2,Livestock,2,1,FALSE,FALSE,TRUE,57,FALSE,TRUE,0,FALSE,2019834,Remittances,TRUE,9.3095,5.4419,19,No
F1720,28,Female,Oyo,Secondary,Married,0,Crop,2.5,1,FALSE,FALSE,TRUE,81,TRUE,TRUE,43532.37,TRUE,4410126,None,TRUE,6.7606,4.7576,41,Yes
F1721,24,Female,Oyo,Tertiary,Married,1,Crop,4.8,9,TRUE,FALSE,TRUE,66,TRUE,TRUE,39481.43,TRUE,5499333,Trading,TRUE,6.2833,4.66,53,Yes
F1722,26,Male,Kaduna,Tertiary,Married,2,Livestock,1.9,5,FALSE,TRUE,TRUE,51,TRUE,FALSE,0,FALSE,2396403,None,FALSE,7.8095,7.6235,30,No
F1723,20,Male,Enugu,Primary,Single,0,Livestock,3.7,5,TRUE,TRUE,FALSE,77,TRUE,TRUE,59782.58,TRUE,3989673,Trading,FALSE,6.6525,5.1394,34,Yes
F1724,27,Male,Kano,Secondary,Single,0,Crop,4.3,3,FALSE,FALSE,FALSE,48,TRUE,TRUE,39131.33,TRUE,4738176,None,TRUE,7.5979,3.6198,34,Yes
F1725,34,Female,Kano,Tertiary,Married,0,Livestock,4.3,1,TRUE,TRUE,TRUE,71,TRUE,TRUE,80187.36,TRUE,5791707,None,TRUE,6.0639,4.788,52,Yes
F1726,20,Male,Kaduna,Primary,Single,0,Crop,2.9,2,TRUE,TRUE,TRUE,67,FALSE,TRUE,0,FALSE,1351656,None,FALSE,9.2918,7.5054,24,No
F1727,18,Male,Oyo,Tertiary,Single,0,Mixed,2.6,9,TRUE,TRUE,TRUE,51,FALSE,TRUE,73430.45,TRUE,3876687,None,TRUE,6.0575,5.6509,39,Yes
F1728,18,Female,Kano,Primary,Married,2,Livestock,4.2,3,TRUE,TRUE,FALSE,52,TRUE,TRUE,97293.24,TRUE,2600037,None,TRUE,6.8901,6.3533,34,Yes
F1729,35,Male,Kaduna,Tertiary,Single,2,Crop,1.5,5,TRUE,FALSE,TRUE,56,TRUE,FALSE,0,FALSE,2104587,None,FALSE,8.9394,7.8616,25,No
F1730,32,Male,Kano,Tertiary,Married,3,Crop,2.9,6,FALSE,FALSE,FALSE,53,FALSE,TRUE,92041.31,TRUE,4601790,Trading,TRUE,6.3821,5.0431,28,No
F1731,22,Female,Kano,Secondary,Married,2,Mixed,5,3,TRUE,TRUE,TRUE,39,FALSE,TRUE,16956.37,TRUE,4012245,Remittances,TRUE,7.9374,6.4906,42,Yes
F1732,35,Male,Oyo,Tertiary,Married,4,Crop,2.1,2,TRUE,FALSE,TRUE,52,TRUE,TRUE,82901.41,TRUE,3728286,None,TRUE,9.045,6.8101,43,Yes
F1733,27,Male,Kaduna,Secondary,Married,2,Crop,1.6,8,TRUE,FALSE,TRUE,32,FALSE,TRUE,75659.29,TRUE,5111874,Trading,FALSE,9.8154,5.5619,36,Yes
F1734,32,Female,Kaduna,Primary,Single,1,Crop,2.8,3,TRUE,TRUE,TRUE,40,TRUE,TRUE,93164.17,TRUE,4030146,Trading,TRUE,6.8242,5.2538,41,Yes
F1735,18,Male,Oyo,Tertiary,Single,0,Mixed,3.9,1,FALSE,TRUE,TRUE,68,TRUE,TRUE,34469.36,TRUE,5558157,None,TRUE,6.8197,5.8051,52,Yes
F1736,21,Female,Kano,Tertiary,Single,0,Mixed,2.7,5,TRUE,TRUE,TRUE,67,TRUE,FALSE,0,FALSE,3343491,Remittances,FALSE,9.3745,7.0291,36,Yes
F1737,25,Male,Kano,Secondary,Married,1,Mixed,4.1,7,TRUE,TRUE,TRUE,62,TRUE,TRUE,10559.05,TRUE,5313528,None,TRUE,8.6131,6.1562,49,Yes
F1738,23,Female,Oyo,Secondary,Single,0,Mixed,4.9,1,FALSE,TRUE,TRUE,38,FALSE,TRUE,82640.78,TRUE,4288158,None,TRUE,7.8891,4.5732,45,Yes
F1739,22,Female,Oyo,Secondary,Married,2,Crop,2,1,FALSE,FALSE,TRUE,88,TRUE,TRUE,54691.01,TRUE,4576500,None,TRUE,8.1112,3.2672,39,Yes
F1740,32,Male,Kaduna,Tertiary,Married,2,Crop,4.3,2,FALSE,TRUE,TRUE,31,FALSE,TRUE,76144.37,TRUE,5416659,Trading,TRUE,9.7706,6.3982,39,Yes
F1741,27,Female,Kano,Primary,Married,1,Crop,3.1,3,TRUE,TRUE,TRUE,40,FALSE,TRUE,0,FALSE,2366856,Trading,FALSE,8.5959,3.0927,22,No
F1742,25,Female,Kaduna,Primary,Married,1,Crop,4.1,4,FALSE,TRUE,TRUE,75,FALSE,FALSE,0,FALSE,3444102,None,FALSE,9.352,7.3086,21,No
F1743,33,Female,Oyo,Primary,Married,2,Crop,4.9,3,FALSE,TRUE,FALSE,26,FALSE,TRUE,91012.58,TRUE,4973121,None,FALSE,9.6387,4.218,22,No
F1744,26,Male,Kano,Secondary,Married,3,Mixed,1.7,3,TRUE,FALSE,TRUE,67,FALSE,TRUE,21405.56,TRUE,3730851,Trading,FALSE,6.5884,5.0204,38,Yes
F1745,20,Female,Kano,Secondary,Single,0,Mixed,2.7,3,TRUE,FALSE,TRUE,71,FALSE,FALSE,0,FALSE,2158623,None,TRUE,9.6364,4.5097,26,No
F1746,23,Male,Kaduna,Secondary,Single,0,Livestock,3.8,2,TRUE,TRUE,FALSE,78,TRUE,TRUE,78375.89,TRUE,4350780,None,FALSE,8.5031,5.4942,40,Yes
F1747,26,Male,Enugu,Primary,Married,1,Crop,2.6,5,TRUE,TRUE,FALSE,48,TRUE,TRUE,0,FALSE,2682972,Trading,TRUE,6.4708,4.5756,23,No
F1748,24,Male,Kaduna,Primary,Married,2,Crop,4.3,1,TRUE,TRUE,TRUE,63,FALSE,TRUE,0,FALSE,1817208,None,FALSE,7.8169,4.8826,16,No
F1749,25,Male,Kano,Secondary,Single,0,Mixed,4.6,9,TRUE,FALSE,TRUE,44,TRUE,FALSE,0,FALSE,2720853,None,TRUE,7.6066,3.9663,35,Yes
F1750,30,Male,Kaduna,Primary,Married,2,Crop,2.2,9,FALSE,TRUE,TRUE,48,FALSE,TRUE,32173.19,TRUE,3275109,Trading,TRUE,8.2097,4.8731,27,Yes
F1751,23,Male,Oyo,Tertiary,Single,0,Crop,1.3,5,TRUE,TRUE,TRUE,74,TRUE,FALSE,0,FALSE,2068281,Trading,FALSE,9.7569,5.9288,36,No
F1752,29,Female,Oyo,Secondary,Single,2,Livestock,2,7,TRUE,TRUE,TRUE,100,TRUE,TRUE,82884.43,TRUE,6102855,None,TRUE,7.5048,3.9169,53,Yes
F1753,34,Male,Oyo,Primary,Married,1,Crop,1.1,4,TRUE,FALSE,FALSE,100,TRUE,TRUE,38085.82,TRUE,3368133,None,TRUE,8.0828,3.6729,31,Yes
F1754,25,Male,Oyo,Secondary,Single,0,Crop,3.4,2,FALSE,FALSE,FALSE,79,TRUE,TRUE,17204.52,TRUE,4957371,None,TRUE,6.445,4.6386,39,Yes
F1755,33,Female,Oyo,Primary,Married,0,Livestock,1.5,2,TRUE,FALSE,FALSE,75,TRUE,TRUE,96182.51,TRUE,3254382,None,TRUE,6.9573,5.3852,31,Yes
F1756,28,Female,Benue,Primary,Married,3,Crop,2.1,7,FALSE,TRUE,TRUE,78,FALSE,TRUE,82987.52,TRUE,4107942,None,FALSE,8.4146,5.7039,34,Yes
F1757,33,Female,Kano,Secondary,Married,0,Crop,2.4,8,TRUE,FALSE,FALSE,56,TRUE,FALSE,0,FALSE,2512845,None,TRUE,7.1847,7.7048,28,No
F1758,27,Female,Kaduna,Tertiary,Married,2,Livestock,4.7,4,FALSE,TRUE,TRUE,67,TRUE,FALSE,0,FALSE,2222991,Remittances,TRUE,9.1332,4.5648,35,No
F1759,18,Male,Benue,Secondary,Single,0,Crop,1,2,TRUE,FALSE,TRUE,60,TRUE,TRUE,83903.71,TRUE,3834027,None,FALSE,8.0764,4.6266,37,Yes
F1760,18,Male,Kaduna,Primary,Single,0,Crop,1.3,1,TRUE,TRUE,TRUE,89,TRUE,TRUE,37576.16,TRUE,5064516,Remittances,FALSE,6.7482,4.0652,37,Yes
F1761,27,Female,Oyo,Secondary,Married,1,Livestock,3.8,9,FALSE,FALSE,TRUE,65,TRUE,TRUE,41305.82,TRUE,4869918,None,FALSE,9.3146,6.2897,42,Yes
F1762,23,Female,Kano,Primary,Married,2,Crop,4.8,2,TRUE,FALSE,TRUE,80,TRUE,TRUE,48758.08,TRUE,4698126,None,TRUE,7.8718,7.7296,40,Yes
F1763,26,Male,Kaduna,Secondary,Married,4,Livestock,3.3,2,FALSE,TRUE,TRUE,56,FALSE,FALSE,0,FALSE,2565252,None,FALSE,9.1813,3.1426,25,No
F1764,24,Female,Kano,Tertiary,Single,0,Crop,2.1,5,TRUE,TRUE,FALSE,53,TRUE,TRUE,54355.34,TRUE,5524362,None,FALSE,6.2516,4.8334,37,Yes
F1765,26,Male,Kaduna,Primary,Single,0,Crop,3.6,3,TRUE,FALSE,TRUE,100,TRUE,TRUE,27085.19,TRUE,4987431,None,TRUE,8.7969,5.9476,39,Yes
F1766,18,Male,Kano,,Single,0,,1.8,1,TRUE,FALSE,TRUE,35,FALSE,TRUE,,TRUE,0,None,FALSE,8.6177,7.7672,34,Yes
F1767,24,Female,Oyo,Secondary,Married,1,Crop,3.7,7,TRUE,TRUE,TRUE,26,FALSE,TRUE,25344.08,TRUE,2172987,None,FALSE,8.5869,7.175,34,Yes
F1768,32,Female,Kaduna,Tertiary,Married,2,Crop,3.6,2,FALSE,FALSE,FALSE,15,FALSE,FALSE,0,FALSE,2014371,Remittances,TRUE,9.9462,7.8385,19,No
F1769,24,Female,Enugu,None,Single,0,Crop,3.1,4,TRUE,TRUE,FALSE,60,TRUE,TRUE,18281.56,TRUE,4442823,None,FALSE,7.6372,6.4365,33,Yes
F1770,21,Male,Benue,Tertiary,Single,0,Crop,4.6,5,TRUE,TRUE,TRUE,71,TRUE,TRUE,38773.6,TRUE,3466782,Trading,TRUE,9.7885,5.4646,61,Yes
F1771,28,Female,Enugu,Primary,Single,0,Crop,2,2,TRUE,FALSE,TRUE,20,FALSE,TRUE,63854.08,TRUE,4671513,None,TRUE,8.6753,7.7582,27,Yes
F1772,20,Male,Kaduna,None,Single,0,Crop,3.1,5,TRUE,FALSE,TRUE,76,TRUE,TRUE,52065.13,TRUE,3733533,None,FALSE,6.7904,7.356,34,Yes
F1773,32,Male,Oyo,Primary,Married,1,Livestock,4.6,8,FALSE,FALSE,TRUE,53,FALSE,FALSE,0,FALSE,1505763,None,FALSE,6.7137,3.2623,10,No
F1774,35,Female,Oyo,Tertiary,Married,2,Crop,4.8,6,FALSE,FALSE,TRUE,73,TRUE,TRUE,0,FALSE,2647764,None,FALSE,6.0407,7.1121,25,No
F1775,27,Female,Enugu,Secondary,Married,2,Crop,3,5,TRUE,FALSE,TRUE,36,FALSE,FALSE,0,FALSE,2289906,None,FALSE,7.7491,7.9283,24,No
F1776,19,Male,Benue,None,Single,0,Crop,3.7,4,TRUE,FALSE,FALSE,58,TRUE,TRUE,95246.26,TRUE,5187366,Trading,TRUE,9.9762,6.0477,33,Yes
F1777,20,Female,Kano,Tertiary,Single,0,Mixed,3.1,1,TRUE,FALSE,TRUE,28,FALSE,TRUE,43678.81,TRUE,3170835,None,TRUE,6.4254,7.5065,35,Yes
F1778,31,Female,Oyo,Primary,Married,1,Livestock,1.9,3,FALSE,TRUE,TRUE,65,FALSE,TRUE,81346.84,TRUE,6069582,Remittances,FALSE,7.9105,5.6043,35,Yes
F1779,25,Male,Benue,Tertiary,Married,2,Crop,1.6,6,TRUE,FALSE,TRUE,66,TRUE,TRUE,54661.06,TRUE,3175650,None,FALSE,7.6313,7.2463,41,Yes
F1780,33,Male,Oyo,Secondary,Single,3,Livestock,4.2,8,TRUE,TRUE,FALSE,55,TRUE,TRUE,10894.06,TRUE,5284809,Trading,FALSE,7.5295,4.0967,43,Yes
F1781,23,Female,Kano,None,Married,0,Crop,3.9,5,FALSE,TRUE,FALSE,56,TRUE,TRUE,55174.51,TRUE,4538232,None,FALSE,7.2648,4.1562,20,No
F1782,18,Male,Oyo,None,Married,2,Crop,1.3,6,TRUE,TRUE,TRUE,76,TRUE,TRUE,0,FALSE,2077641,Trading,TRUE,7.9076,3.1562,30,Yes
F1783,29,Male,Oyo,Primary,Married,4,Crop,3.9,5,FALSE,TRUE,TRUE,59,TRUE,TRUE,52305.84,TRUE,4539384,Remittances,TRUE,7.7101,5.1622,31,Yes
F1784,26,Male,Oyo,None,Married,2,Livestock,2.8,7,TRUE,TRUE,FALSE,62,TRUE,TRUE,0,FALSE,3936213,Trading,FALSE,7.1277,3.9012,21,No
F1785,32,Female,Kaduna,Tertiary,Single,1,Mixed,3.5,4,TRUE,FALSE,TRUE,74,TRUE,TRUE,0,FALSE,1896687,None,FALSE,7.837,6.8036,35,No
F1786,27,Female,Enugu,Primary,Single,0,Livestock,3.6,6,TRUE,FALSE,TRUE,81,TRUE,TRUE,27916.16,TRUE,4812606,Remittances,TRUE,8.7636,6.9408,41,Yes
F1787,22,Male,Kano,Tertiary,Single,0,Crop,3.2,1,TRUE,TRUE,TRUE,70,TRUE,TRUE,64253.06,TRUE,5360625,None,FALSE,8.6214,7.8435,52,Yes
F1788,32,Female,Enugu,Secondary,Married,2,Livestock,4.9,1,FALSE,FALSE,TRUE,51,TRUE,TRUE,97326.41,TRUE,4975488,Trading,FALSE,9.0503,3.9438,28,Yes
F1789,32,Female,Enugu,Tertiary,Single,0,Livestock,3.3,5,FALSE,FALSE,FALSE,61,TRUE,TRUE,0,FALSE,2747772,Trading,FALSE,9.8758,7.2905,27,No
F1790,34,Female,Kano,Secondary,Married,3,Crop,3.7,5,TRUE,FALSE,TRUE,58,FALSE,TRUE,51968.38,TRUE,4536675,Remittances,FALSE,6.7655,7.353,36,Yes
F1791,30,Male,Benue,Primary,Single,0,Crop,1.5,9,FALSE,FALSE,FALSE,42,FALSE,TRUE,0,FALSE,900000,None,TRUE,8.0971,7.449,4,No
F1792,34,Male,Kano,Primary,Married,2,Crop,4.5,7,TRUE,TRUE,FALSE,44,FALSE,TRUE,59851.72,TRUE,3784905,None,TRUE,6.6631,5.9908,34,Yes
F1793,31,Female,Kaduna,,Married,2,,2.9,5,FALSE,FALSE,TRUE,66,TRUE,TRUE,,TRUE,0,None,TRUE,7.6166,6.5112,50,Yes
F1794,33,Female,Benue,Secondary,Single,1,Crop,3.9,4,FALSE,FALSE,FALSE,43,FALSE,TRUE,13303.36,TRUE,4236462,Remittances,FALSE,9.4909,7.5256,23,No
F1795,24,Male,Oyo,Secondary,Married,3,Crop,1.6,1,TRUE,FALSE,FALSE,65,TRUE,TRUE,24744.67,TRUE,4718340,None,FALSE,8.0338,5.6051,36,Yes
F1796,19,Female,Enugu,Secondary,Married,2,Livestock,3,5,TRUE,TRUE,TRUE,53,TRUE,FALSE,0,FALSE,2928663,Remittances,TRUE,6.7348,5.243,41,Yes
F1797,22,Male,Enugu,Tertiary,Married,1,Mixed,2.6,2,TRUE,FALSE,TRUE,72,TRUE,TRUE,51500.36,TRUE,3245886,None,TRUE,9.3896,4.5556,51,Yes
F1798,32,Female,Kano,Tertiary,Married,4,Livestock,3.2,9,FALSE,TRUE,TRUE,46,FALSE,TRUE,40021.45,TRUE,5341878,Trading,TRUE,8.509,3.0654,43,Yes
F1799,31,Female,Oyo,Secondary,Single,2,Livestock,2.6,9,TRUE,FALSE,TRUE,23,FALSE,TRUE,28427.26,TRUE,3799683,None,FALSE,9.6805,6.7107,31,Yes
F1800,25,Female,Kano,Primary,Married,7,Livestock,1.7,3,FALSE,TRUE,TRUE,40,FALSE,TRUE,82797.36,TRUE,4800105,Remittances,FALSE,7.3032,5.2683,25,No
F1801,23,Male,Oyo,Tertiary,Married,0,Livestock,3.6,2,TRUE,FALSE,TRUE,71,TRUE,FALSE,0,FALSE,2753028,None,FALSE,6.2176,7.4726,32,Yes
F1802,34,Male,Kano,Primary,Married,1,Livestock,1.6,6,FALSE,TRUE,TRUE,53,FALSE,TRUE,76636.13,TRUE,5523075,Remittances,TRUE,8.3586,6.4391,30,Yes
F1803,19,Male,Oyo,Secondary,Married,3,Crop,1.9,9,FALSE,TRUE,TRUE,72,TRUE,FALSE,0,FALSE,900000,Remittances,FALSE,8.9144,7.5477,25,No
F1804,29,Female,Kaduna,Primary,Married,2,Livestock,3.2,5,TRUE,FALSE,TRUE,67,FALSE,TRUE,41147.99,TRUE,4455117,None,FALSE,9.488,5.8896,27,Yes
F1805,33,Male,Benue,,Married,1,,2.2,5,TRUE,TRUE,TRUE,45,TRUE,TRUE,,TRUE,0,None,TRUE,7.8421,6.1824,38,Yes
F1806,23,Female,Kaduna,Tertiary,Married,3,Crop,3.7,1,FALSE,FALSE,TRUE,50,TRUE,TRUE,92383.52,TRUE,4897188,None,TRUE,6.8705,3.7227,39,Yes
F1807,33,Female,Kano,Primary,Married,1,Mixed,1.8,1,FALSE,FALSE,TRUE,49,FALSE,TRUE,31047.09,TRUE,5194107,Remittances,FALSE,6.0839,7.6971,19,No
F1808,27,Male,Benue,Tertiary,Married,1,Crop,1.3,7,TRUE,FALSE,TRUE,78,TRUE,TRUE,31896.29,TRUE,4596624,None,FALSE,8.9193,3.6685,47,Yes
F1809,23,Female,Kaduna,Primary,Single,0,Livestock,1.3,5,TRUE,TRUE,TRUE,61,FALSE,TRUE,10047.17,TRUE,3394377,None,TRUE,9.6852,3.3717,39,Yes
F1810,25,Female,Benue,Tertiary,Single,0,Livestock,1.9,1,TRUE,FALSE,TRUE,75,TRUE,TRUE,35701.59,TRUE,5396409,None,TRUE,8.493,5.79,47,Yes
F1811,30,Male,Enugu,,Married,0,,1.1,4,FALSE,TRUE,TRUE,62,TRUE,TRUE,,FALSE,0,None,TRUE,8.0603,7.7095,27,No
F1812,26,Male,Kano,None,Married,2,Crop,3.5,3,FALSE,TRUE,TRUE,68,TRUE,FALSE,0,FALSE,1697373,Trading,TRUE,6.3211,7.7792,23,No
F1813,26,Male,Kano,Secondary,Single,0,Mixed,3.2,5,FALSE,FALSE,TRUE,64,TRUE,TRUE,67875.67,TRUE,5351220,Trading,TRUE,6.4779,4.5856,47,Yes
F1814,19,Male,Enugu,,Married,1,,1.2,8,TRUE,TRUE,TRUE,75,TRUE,TRUE,,TRUE,0,Trading,FALSE,7.9097,4.1067,47,Yes
F1815,28,Male,Kaduna,Primary,Married,1,Crop,2.5,5,FALSE,FALSE,FALSE,75,FALSE,TRUE,79857.28,TRUE,4964796,Trading,FALSE,9.4145,5.4654,22,No
F1816,23,Male,Kano,Primary,Single,0,Livestock,3.3,4,FALSE,FALSE,FALSE,62,FALSE,FALSE,0,FALSE,1671075,Trading,FALSE,7.0399,5.4367,10,No
F1817,29,Female,Kano,Primary,Married,4,Livestock,1.3,3,TRUE,TRUE,TRUE,27,TRUE,TRUE,17651.94,TRUE,3701385,Trading,TRUE,7.3526,5.9275,43,Yes
F1818,22,Male,Enugu,Secondary,Married,1,Livestock,3.8,1,FALSE,FALSE,TRUE,39,TRUE,TRUE,83926.07,TRUE,4555125,Remittances,FALSE,9.9234,7.2319,33,Yes
F1819,23,Male,Kano,Primary,Married,0,Livestock,1.7,3,TRUE,TRUE,TRUE,59,FALSE,TRUE,33709.74,TRUE,3262635,Trading,FALSE,7.0185,3.9597,28,Yes
F1820,31,Female,Oyo,,Married,1,,3.6,8,TRUE,FALSE,TRUE,70,TRUE,TRUE,,TRUE,0,None,TRUE,8.9585,7.1018,40,Yes
F1821,33,Female,Oyo,Secondary,Single,0,Crop,3.5,5,TRUE,FALSE,FALSE,58,TRUE,TRUE,37141.63,TRUE,5479173,Trading,FALSE,8.0112,7.5978,30,Yes
F1822,19,Male,Oyo,Secondary,Married,2,Livestock,3.4,8,FALSE,TRUE,TRUE,15,FALSE,TRUE,26616.57,TRUE,2973366,Remittances,TRUE,7.6485,5.0226,37,Yes
F1823,33,Female,Kaduna,Tertiary,Married,3,Livestock,1.8,7,FALSE,TRUE,TRUE,74,TRUE,TRUE,98524.01,TRUE,4795164,None,TRUE,6.6085,7.9482,50,Yes
F1824,19,Female,Kano,Secondary,Single,0,Mixed,3.8,5,FALSE,TRUE,TRUE,67,TRUE,TRUE,34634.15,TRUE,4947120,None,TRUE,7.01,3.9458,52,Yes
F1825,27,Female,Kaduna,Primary,Single,0,Crop,3.7,7,TRUE,TRUE,TRUE,52,FALSE,TRUE,90890.11,TRUE,2687868,Trading,TRUE,6.4644,7.5572,36,Yes
F1826,23,Male,Kano,Secondary,Single,0,Crop,1.7,2,TRUE,FALSE,TRUE,67,FALSE,TRUE,0,FALSE,1807344,None,TRUE,8.6336,7.2416,35,No
F1827,23,Female,Kano,Secondary,Married,3,Crop,3.2,8,TRUE,TRUE,TRUE,32,TRUE,TRUE,93276.09,TRUE,5319675,Trading,FALSE,7.7619,7.1128,49,Yes
F1828,26,Male,Benue,Tertiary,Single,0,Livestock,4.9,5,FALSE,FALSE,FALSE,50,FALSE,TRUE,47200.19,TRUE,4920894,None,TRUE,6.5842,6.221,26,No
F1829,24,Female,Benue,Primary,Married,4,Livestock,4.2,4,FALSE,TRUE,TRUE,49,FALSE,TRUE,58719.73,TRUE,3899952,None,TRUE,7.4507,7.0111,30,Yes
F1830,20,Male,Kaduna,None,Single,0,Crop,3.7,4,TRUE,TRUE,TRUE,40,FALSE,TRUE,0,FALSE,2088549,None,FALSE,7.5427,4.7393,17,No
F1831,27,Female,Kaduna,Secondary,Married,2,Mixed,4.1,8,TRUE,TRUE,TRUE,54,FALSE,TRUE,43278.33,TRUE,4592367,None,FALSE,9.3812,5.4398,40,Yes
F1832,31,Male,Oyo,Tertiary,Married,0,Crop,1.9,6,FALSE,FALSE,FALSE,76,TRUE,TRUE,14518.55,TRUE,4367313,Trading,FALSE,7.5973,6.6559,34,Yes
F1833,19,Male,Benue,Secondary,Single,0,Mixed,1,9,FALSE,FALSE,TRUE,61,TRUE,TRUE,95388.19,TRUE,5224950,Trading,FALSE,8.9255,5.0603,36,Yes
F1834,35,Male,Benue,Primary,Married,1,Livestock,2.4,9,TRUE,FALSE,TRUE,69,TRUE,TRUE,91511.13,TRUE,3167703,Trading,FALSE,7.6737,3.171,34,Yes
F1835,23,Female,Enugu,Tertiary,Married,1,Crop,3.3,6,FALSE,FALSE,TRUE,33,TRUE,TRUE,0,FALSE,2629935,Remittances,TRUE,6.4547,7.1096,31,No
F1836,34,Female,Benue,Secondary,Married,2,Crop,1.6,6,TRUE,FALSE,TRUE,47,TRUE,TRUE,37945.22,TRUE,4757751,None,FALSE,9.7925,5.0919,45,Yes
F1837,26,Male,Oyo,Primary,Married,3,Mixed,2.5,9,FALSE,TRUE,TRUE,71,TRUE,TRUE,0,FALSE,900000,Trading,FALSE,8.5428,5.1033,21,No
F1838,18,Female,Kano,Secondary,Single,0,Livestock,3.2,4,FALSE,TRUE,TRUE,66,TRUE,TRUE,53062.3,TRUE,6525405,Trading,FALSE,9.052,4.5928,43,Yes
F1839,29,Female,Kano,Secondary,Married,6,Livestock,2,8,FALSE,TRUE,TRUE,41,TRUE,TRUE,24564.57,TRUE,4495428,None,FALSE,7.7702,5.9661,41,Yes
F1840,21,Female,Kano,Secondary,Married,3,Mixed,4.5,3,TRUE,FALSE,TRUE,53,TRUE,TRUE,14220.4,TRUE,3923316,Remittances,TRUE,8.0108,5.5653,45,Yes
F1841,25,Female,Enugu,Secondary,Married,0,Crop,2,2,TRUE,TRUE,TRUE,75,TRUE,TRUE,89444.32,TRUE,4406067,Trading,FALSE,8.4259,4.9825,53,Yes
F1842,35,Male,Kaduna,,Married,1,,3,5,FALSE,TRUE,FALSE,69,TRUE,TRUE,,FALSE,0,None,FALSE,7.9352,5.3807,34,No
F1843,31,Male,Kaduna,Primary,Married,4,Crop,1.3,9,TRUE,TRUE,TRUE,57,TRUE,TRUE,0,FALSE,2911698,Trading,FALSE,7.1118,3.8505,18,No
F1844,24,Female,Kano,Primary,Single,0,Crop,2.9,9,TRUE,TRUE,TRUE,71,FALSE,TRUE,89237.17,TRUE,5864481,None,FALSE,9.6731,5.1146,39,Yes
F1845,28,Female,Benue,Primary,Married,4,Crop,4.6,2,FALSE,TRUE,FALSE,27,FALSE,TRUE,92320.65,TRUE,3741516,None,TRUE,7.2022,3.9215,25,No
F1846,29,Male,Benue,Primary,Married,2,Mixed,1.3,3,TRUE,TRUE,TRUE,65,TRUE,TRUE,61198.23,TRUE,3941658,None,TRUE,7.2203,6.857,45,Yes
F1847,35,Female,Kaduna,Primary,Married,1,Mixed,4.5,6,TRUE,TRUE,FALSE,62,TRUE,FALSE,0,FALSE,3185172,None,TRUE,6.4565,6.236,28,No
F1848,28,Male,Enugu,Secondary,Single,0,Crop,2,2,FALSE,TRUE,TRUE,49,TRUE,TRUE,41092.95,TRUE,4599288,Trading,FALSE,6.4364,6.9141,42,Yes
F1849,27,Female,Oyo,None,Single,0,Livestock,2.3,5,TRUE,FALSE,FALSE,6,FALSE,TRUE,94982.78,TRUE,2832543,Remittances,TRUE,8.9178,4.3647,27,Yes
F1850,18,Male,Benue,Tertiary,Single,0,Crop,3,8,TRUE,FALSE,FALSE,39,TRUE,FALSE,0,FALSE,2073816,None,TRUE,9.5856,7.453,25,No
F1851,27,Male,Oyo,Primary,Married,4,Crop,3.1,6,TRUE,TRUE,FALSE,31,FALSE,TRUE,91658,TRUE,4897980,None,FALSE,8.8117,7.8761,23,No
F1852,32,Female,Benue,Secondary,Married,1,Mixed,3,6,FALSE,FALSE,TRUE,59,TRUE,TRUE,0,FALSE,1631637,None,TRUE,8.5229,7.9344,28,No
F1853,27,Female,Kaduna,Primary,Married,2,Crop,4.3,1,TRUE,TRUE,TRUE,74,TRUE,TRUE,0,FALSE,900000,None,TRUE,8.5572,4.3637,31,Yes
F1854,18,Male,Benue,Primary,Single,0,Crop,1.8,8,FALSE,FALSE,TRUE,48,FALSE,TRUE,60582.99,TRUE,3076569,Trading,FALSE,8.9049,7.7622,15,No
F1855,23,Male,Benue,Secondary,Married,1,Crop,2.9,4,TRUE,FALSE,TRUE,27,FALSE,FALSE,0,FALSE,2352483,None,FALSE,7.2972,7.6713,18,No
F1856,18,Male,Kano,Primary,Married,2,Mixed,2.5,5,TRUE,FALSE,TRUE,26,FALSE,TRUE,67111.91,TRUE,3301020,None,FALSE,6.5416,7.4714,24,Yes
F1857,33,Male,Kano,Secondary,Married,3,Crop,2.2,9,FALSE,TRUE,TRUE,59,TRUE,TRUE,58388.27,TRUE,4118688,None,FALSE,6.9112,5.4486,38,Yes
F1858,32,Male,Benue,Primary,Single,0,Crop,2.8,8,FALSE,TRUE,TRUE,77,TRUE,TRUE,73182.56,TRUE,4666500,None,FALSE,9.9718,6.8919,35,Yes
F1859,31,Male,Kano,Secondary,Married,2,Crop,4.4,3,FALSE,TRUE,TRUE,58,TRUE,FALSE,0,FALSE,1536921,Trading,FALSE,6.2292,4.8047,26,No
F1860,20,Female,Oyo,Secondary,Single,0,Mixed,2.2,8,TRUE,FALSE,FALSE,37,FALSE,FALSE,0,FALSE,1515087,None,TRUE,8.7506,4.3637,19,No
F1861,19,Female,Enugu,None,Single,0,Livestock,1.5,1,FALSE,TRUE,TRUE,54,FALSE,FALSE,0,FALSE,1063674,Trading,FALSE,6.7224,6.9687,7,No
F1862,31,Male,Oyo,Tertiary,Married,0,Crop,4.9,1,FALSE,TRUE,TRUE,57,TRUE,TRUE,99073.01,TRUE,3916872,None,FALSE,8.8806,3.2562,40,Yes
F1863,28,Male,Enugu,Secondary,Single,0,Crop,5,8,TRUE,FALSE,TRUE,62,FALSE,TRUE,0,FALSE,2828016,None,FALSE,6.2836,6.0285,30,No
F1864,27,Female,Oyo,Secondary,Married,2,Crop,4,1,TRUE,FALSE,FALSE,63,FALSE,TRUE,79453.14,TRUE,5157369,None,FALSE,7.0289,5.1637,34,Yes
F1865,34,Female,Enugu,Secondary,Single,0,Livestock,3,5,TRUE,FALSE,TRUE,44,FALSE,TRUE,23839.1,TRUE,5521635,None,FALSE,8.5734,7.4263,36,Yes
F1866,32,Female,Oyo,Secondary,Married,2,Mixed,4.5,6,TRUE,FALSE,TRUE,46,TRUE,TRUE,56296.3,TRUE,5136174,None,FALSE,8.0422,3.2959,41,Yes
F1867,25,Female,Kaduna,,Married,3,,1.7,7,TRUE,FALSE,TRUE,47,FALSE,TRUE,,TRUE,0,None,TRUE,7.2016,5.566,45,Yes
F1868,23,Female,Kano,,Single,0,,1.3,8,FALSE,FALSE,TRUE,65,FALSE,TRUE,,TRUE,0,None,TRUE,6.5109,3.9092,32,Yes
F1869,28,Female,Enugu,,Married,2,,3.8,2,FALSE,TRUE,FALSE,77,TRUE,TRUE,,TRUE,0,None,FALSE,6.2712,4.8634,42,Yes
F1870,24,Male,Kano,Secondary,Single,0,Crop,4.6,2,TRUE,TRUE,TRUE,41,TRUE,TRUE,71150.6,TRUE,5685714,None,TRUE,6.0215,4.5821,55,Yes
F1871,33,Male,Enugu,Primary,Married,2,Mixed,2.8,4,TRUE,TRUE,TRUE,43,TRUE,TRUE,12693.65,TRUE,4170384,None,FALSE,7.4186,6.5386,38,Yes
F1872,26,Male,Oyo,Primary,Married,3,Crop,2.2,2,TRUE,TRUE,TRUE,55,FALSE,TRUE,0,FALSE,1557387,None,TRUE,6.5718,7.606,17,No
F1873,34,Male,Benue,Secondary,Married,2,Livestock,2.3,9,FALSE,TRUE,TRUE,49,TRUE,TRUE,77030.8,TRUE,3710493,None,FALSE,6.6299,3.9047,40,Yes
F1874,34,Female,Oyo,,Married,2,,3.3,6,TRUE,TRUE,TRUE,30,FALSE,TRUE,,TRUE,0,None,TRUE,6.6964,4.2582,44,Yes
F1875,34,Female,Oyo,Tertiary,Married,0,Crop,4.9,9,TRUE,FALSE,TRUE,78,TRUE,TRUE,53822.78,TRUE,5025312,None,FALSE,8.8528,7.026,51,Yes
F1876,27,Male,Kano,Secondary,Single,0,Mixed,2.2,5,TRUE,TRUE,TRUE,81,TRUE,TRUE,87657.63,TRUE,4802931,Trading,TRUE,7.9834,3.5392,49,Yes
F1877,22,Female,Kaduna,Tertiary,Single,0,Crop,2.3,2,TRUE,FALSE,TRUE,55,TRUE,TRUE,58301.89,TRUE,4929516,None,FALSE,9.9598,7.3537,35,Yes
F1878,32,Male,Oyo,Primary,Married,2,Mixed,1.2,4,FALSE,FALSE,TRUE,64,TRUE,TRUE,88701.16,TRUE,4258818,None,TRUE,8.4678,7.9789,32,Yes
F1879,20,Male,Kaduna,Secondary,Married,1,Crop,3.4,5,FALSE,TRUE,TRUE,31,FALSE,TRUE,34197.72,TRUE,5386554,Remittances,FALSE,7.3854,5.3332,37,Yes
F1880,25,Male,Kaduna,Primary,Married,2,Mixed,4.7,5,FALSE,FALSE,FALSE,81,TRUE,TRUE,0,FALSE,900000,None,FALSE,9.4025,5.0838,4,No
F1881,19,Female,Oyo,Secondary,Single,0,Mixed,1.6,8,TRUE,TRUE,FALSE,52,FALSE,TRUE,39841.98,TRUE,3764286,None,TRUE,6.5845,4.4848,39,Yes
F1882,30,Male,Kaduna,Primary,Married,2,Mixed,4.4,7,FALSE,FALSE,TRUE,85,TRUE,TRUE,84727.89,TRUE,3998232,Trading,TRUE,8.8187,5.5481,33,Yes
F1883,26,Male,Oyo,Secondary,Single,0,Mixed,3.6,4,TRUE,TRUE,TRUE,58,TRUE,FALSE,0,FALSE,1047375,None,TRUE,9.1055,3.7789,36,Yes
F1884,22,Female,Kaduna,Tertiary,Single,0,Crop,3,2,FALSE,FALSE,FALSE,61,FALSE,TRUE,12734.05,TRUE,4848453,Trading,TRUE,9.8675,5.4112,37,Yes
F1885,18,Female,Kaduna,Tertiary,Single,0,Crop,1.3,4,TRUE,FALSE,FALSE,85,TRUE,FALSE,0,FALSE,3040893,None,FALSE,9.0346,5.3555,18,No
F1886,26,Male,Benue,Primary,Married,2,Crop,3.2,8,FALSE,TRUE,FALSE,73,TRUE,TRUE,53857.45,TRUE,4122666,Trading,FALSE,9.5246,5.0437,27,No
F1887,34,Female,Enugu,Secondary,Married,0,Crop,4.9,5,FALSE,TRUE,TRUE,52,TRUE,TRUE,0,FALSE,916083,None,TRUE,9.7391,4.0709,29,No
F1888,34,Male,Benue,Tertiary,Married,0,Livestock,2.6,2,TRUE,TRUE,TRUE,69,TRUE,TRUE,72363.57,TRUE,5414841,Trading,FALSE,6.8674,7.9479,48,Yes
F1889,29,Female,Enugu,Tertiary,Married,2,Livestock,3.9,9,TRUE,TRUE,TRUE,87,TRUE,FALSE,0,FALSE,3277251,None,TRUE,7.8103,5.6165,47,Yes
F1890,33,Female,Enugu,Tertiary,Married,1,Crop,1.4,3,FALSE,TRUE,TRUE,46,FALSE,FALSE,0,FALSE,1488483,Trading,FALSE,8.0142,3.4738,20,No
F1891,21,Male,Kano,Secondary,Single,0,Mixed,1.8,3,FALSE,TRUE,TRUE,41,FALSE,TRUE,22936.93,TRUE,3789801,None,FALSE,8.3259,3.1743,37,Yes
F1892,27,Female,Kaduna,Secondary,Married,2,Crop,4.6,7,TRUE,TRUE,TRUE,51,TRUE,TRUE,78698.7,TRUE,5111685,None,TRUE,8.4757,5.7977,50,Yes
F1893,31,Female,Kaduna,Secondary,Married,1,Crop,4,5,TRUE,FALSE,TRUE,77,TRUE,TRUE,21479.16,TRUE,5626503,Trading,TRUE,7.7428,6.128,53,Yes
F1894,31,Female,Oyo,Primary,Single,0,Crop,4.1,5,FALSE,TRUE,FALSE,46,FALSE,TRUE,0,FALSE,2915622,Remittances,FALSE,7.592,6.8248,12,No
F1895,27,Male,Kano,Secondary,Married,1,Crop,4.1,2,TRUE,TRUE,TRUE,51,TRUE,TRUE,80175.33,TRUE,3910329,None,FALSE,8.0291,4.5493,47,Yes
F1896,24,Female,Kaduna,Secondary,Married,1,Livestock,1.2,8,TRUE,FALSE,TRUE,52,TRUE,TRUE,13434.31,TRUE,4513005,Trading,TRUE,7.1006,7.8519,44,Yes
F1897,31,Male,Enugu,Secondary,Single,1,Livestock,3.1,1,TRUE,FALSE,TRUE,49,TRUE,FALSE,0,FALSE,2032335,Trading,FALSE,6.1962,3.767,28,No
F1898,28,Female,Benue,Primary,Married,4,Livestock,4.4,8,TRUE,TRUE,TRUE,69,TRUE,TRUE,76270.26,TRUE,3130371,Trading,FALSE,9.4197,6.9254,37,Yes
F1899,20,Female,Kaduna,Secondary,Single,0,Crop,2.6,1,TRUE,TRUE,TRUE,55,TRUE,FALSE,0,FALSE,2683170,None,FALSE,7.2332,6.7613,32,No
F1900,25,Male,Kano,Tertiary,Married,1,Mixed,4.7,3,FALSE,FALSE,TRUE,62,TRUE,TRUE,51073.19,TRUE,5323788,None,TRUE,8.5863,7.0727,45,Yes
F1901,23,Female,Oyo,Secondary,Single,0,Crop,1.5,5,FALSE,FALSE,TRUE,47,TRUE,TRUE,18129.43,TRUE,4700142,Remittances,TRUE,8.428,7.0155,41,Yes
F1902,30,Male,Kano,Primary,Married,4,Livestock,3.5,8,FALSE,TRUE,TRUE,69,TRUE,TRUE,37134.92,TRUE,4026087,None,TRUE,7.3347,5.5685,38,Yes
F1903,26,Male,Enugu,Primary,Married,1,Livestock,1.9,5,TRUE,FALSE,TRUE,41,FALSE,FALSE,0,FALSE,2649141,Trading,TRUE,7.6198,7.7887,15,No
F1904,33,Male,Enugu,Primary,Single,0,Livestock,2.2,9,FALSE,FALSE,TRUE,48,TRUE,TRUE,87872.2,TRUE,3177306,None,TRUE,9.5785,3.8973,29,Yes
F1905,21,Male,Kano,Primary,Single,0,Crop,1.6,8,TRUE,TRUE,TRUE,69,TRUE,TRUE,95656.39,TRUE,4119237,Trading,FALSE,9.8887,3.7658,39,Yes
F1906,18,Female,Enugu,Secondary,Single,0,Crop,1.7,9,FALSE,TRUE,TRUE,88,TRUE,TRUE,54250.21,TRUE,5768937,Trading,FALSE,8.1291,6.4287,42,Yes
F1907,34,Male,Enugu,Primary,Married,1,Livestock,2.2,2,TRUE,FALSE,TRUE,50,TRUE,TRUE,26738.83,TRUE,4350132,None,TRUE,6.6661,4.6767,31,Yes
F1908,34,Male,Enugu,Secondary,Married,3,Crop,4.4,4,TRUE,TRUE,TRUE,49,FALSE,TRUE,83365.51,TRUE,5544459,None,FALSE,9.9999,7.0035,39,Yes
F1909,19,Female,Kano,Primary,Single,0,Crop,4.8,9,FALSE,TRUE,TRUE,54,TRUE,FALSE,0,FALSE,2583738,None,TRUE,7.4772,7.7736,27,No
F1910,26,Female,Oyo,Tertiary,Married,1,Mixed,1.8,3,FALSE,FALSE,TRUE,56,FALSE,TRUE,77038,TRUE,3750219,None,FALSE,8.9463,5.4864,30,Yes
F1911,29,Female,Kaduna,Primary,Married,1,Livestock,3.7,2,TRUE,FALSE,TRUE,59,TRUE,TRUE,77525.97,TRUE,4679487,Trading,TRUE,8.6474,7.3136,33,Yes
F1912,23,Male,Oyo,Primary,Married,1,Crop,2.5,7,FALSE,FALSE,TRUE,47,TRUE,TRUE,36369.23,TRUE,3563298,None,TRUE,6.2192,7.9924,30,Yes
F1913,27,Female,Kaduna,Secondary,Married,2,Crop,2.5,9,FALSE,TRUE,TRUE,63,TRUE,TRUE,50176.65,TRUE,5173641,None,FALSE,8.0093,4.6738,42,Yes
F1914,25,Female,Benue,Secondary,Married,2,Livestock,2.7,5,FALSE,FALSE,TRUE,68,FALSE,TRUE,82328.42,TRUE,4045212,None,FALSE,8.7222,7.6354,34,Yes
F1915,28,Female,Benue,,Married,1,,2.8,5,FALSE,FALSE,TRUE,78,TRUE,TRUE,,TRUE,0,None,FALSE,9.8189,3.9092,40,Yes
F1916,21,Female,Enugu,Secondary,Single,0,Mixed,2,3,TRUE,FALSE,FALSE,43,FALSE,TRUE,0,FALSE,1586160,None,FALSE,8.8811,3.63,18,No
F1917,26,Female,Kaduna,Secondary,Married,1,Mixed,2,8,TRUE,FALSE,TRUE,62,TRUE,TRUE,32478.03,TRUE,5829318,Remittances,TRUE,7.6572,5.3155,46,Yes
F1918,35,Male,Kano,Primary,Married,3,Livestock,4.5,6,TRUE,FALSE,TRUE,82,TRUE,TRUE,99352.9,TRUE,4398876,Trading,TRUE,6.4107,3.2036,41,Yes
F1919,25,Female,Oyo,Tertiary,Single,0,Livestock,4.8,4,FALSE,FALSE,FALSE,56,TRUE,TRUE,93461.24,TRUE,5695794,Remittances,TRUE,9.9711,4.3584,32,Yes
F1920,26,Male,Kano,Secondary,Married,2,Mixed,5,2,TRUE,TRUE,TRUE,39,FALSE,TRUE,0,FALSE,2173842,None,TRUE,7.0443,7.6816,34,No
F1921,19,Female,Oyo,Secondary,Single,0,Livestock,1.6,7,TRUE,TRUE,TRUE,89,TRUE,TRUE,66849.25,TRUE,4441176,None,TRUE,8.0924,4.5407,61,Yes
F1922,26,Female,Enugu,Tertiary,Married,1,Livestock,3,7,TRUE,TRUE,FALSE,39,FALSE,TRUE,70094.53,TRUE,6043671,Trading,FALSE,9.9745,3.817,38,Yes
F1923,28,Female,Benue,Secondary,Single,0,Crop,4,4,TRUE,FALSE,TRUE,68,FALSE,FALSE,0,FALSE,1435518,Remittances,FALSE,6.724,3.1813,31,No
F1924,21,Female,Enugu,Secondary,Married,1,Crop,2.1,2,TRUE,TRUE,TRUE,81,FALSE,TRUE,42622.17,TRUE,4166568,Remittances,TRUE,7.6949,3.2408,54,Yes
F1925,29,Female,Oyo,Secondary,Married,2,Livestock,2.6,8,TRUE,TRUE,TRUE,68,FALSE,TRUE,0,FALSE,1212705,None,TRUE,8.8644,4.998,33,No
F1926,19,Male,Kano,None,Married,1,Crop,2.2,3,FALSE,TRUE,TRUE,50,FALSE,TRUE,29532.76,TRUE,4506777,None,TRUE,6.6995,3.7923,29,Yes
F1927,31,Male,Oyo,Secondary,Single,0,Mixed,4.2,8,TRUE,FALSE,TRUE,49,FALSE,TRUE,45485.64,TRUE,4762422,Trading,TRUE,6.6563,4.9858,44,Yes
F1928,21,Female,Kaduna,Secondary,Single,0,Crop,4.7,2,TRUE,FALSE,TRUE,54,FALSE,TRUE,85847.77,TRUE,4878216,Trading,TRUE,7.3171,6.6919,34,Yes
F1929,28,Male,Kaduna,Secondary,Married,1,Crop,4.5,8,TRUE,FALSE,TRUE,38,TRUE,TRUE,52431,TRUE,6852933,None,TRUE,8.344,6.6678,51,Yes
F1930,19,Male,Benue,Tertiary,Single,0,Mixed,3.6,4,TRUE,TRUE,TRUE,58,TRUE,TRUE,41238.11,TRUE,4786173,None,TRUE,8.9564,4.7604,53,Yes
F1931,25,Male,Benue,Secondary,Single,0,Livestock,1.2,6,TRUE,TRUE,TRUE,42,FALSE,TRUE,36375.6,TRUE,4870350,None,FALSE,7.1804,7.8299,44,Yes
F1932,19,Male,Kano,Secondary,Single,0,Mixed,3.4,4,TRUE,FALSE,TRUE,47,TRUE,TRUE,45365.28,TRUE,3762000,Remittances,FALSE,9.3499,6.102,43,Yes
F1933,32,Male,Kano,Primary,Single,1,Mixed,3,6,FALSE,TRUE,TRUE,52,TRUE,TRUE,19967.89,TRUE,4252590,None,FALSE,6.1987,7.3745,26,Yes
F1934,22,Female,Oyo,Tertiary,Single,0,Crop,2.3,8,TRUE,TRUE,TRUE,76,TRUE,TRUE,93408.07,TRUE,5499261,Trading,FALSE,6.176,5.6135,45,Yes
F1935,24,Male,Oyo,Primary,Single,0,Crop,2.4,7,TRUE,FALSE,TRUE,83,TRUE,FALSE,0,FALSE,1024560,None,TRUE,6.19,6.7789,31,Yes
F1936,24,Male,Enugu,Secondary,Married,2,Mixed,2.3,1,TRUE,FALSE,TRUE,44,TRUE,TRUE,0,FALSE,3468510,None,FALSE,6.706,6.0827,33,Yes
F1937,27,Male,Benue,Secondary,Single,0,Crop,2.9,8,TRUE,TRUE,TRUE,61,TRUE,TRUE,0,FALSE,1280709,Trading,FALSE,7.5585,6.5448,35,No
F1938,34,Female,Enugu,Secondary,Married,3,Livestock,4.4,4,TRUE,TRUE,FALSE,40,FALSE,TRUE,84221.06,TRUE,4473108,Trading,TRUE,7.3242,4.8986,38,Yes
F1939,24,Female,Enugu,Secondary,Single,0,Mixed,1.9,4,TRUE,FALSE,FALSE,65,TRUE,TRUE,71181.12,TRUE,4505715,None,TRUE,7.9729,5.2054,50,Yes
F1940,27,Male,Kaduna,Secondary,Single,0,Crop,3,1,TRUE,TRUE,TRUE,36,TRUE,TRUE,88293.71,TRUE,3799575,Remittances,TRUE,6.7503,3.6764,53,Yes
F1941,27,Male,Kano,Tertiary,Married,2,Crop,3.3,1,TRUE,TRUE,TRUE,59,TRUE,TRUE,59921.84,TRUE,4965939,None,TRUE,9.1731,5.6779,49,Yes
F1942,31,Male,Kaduna,None,Married,1,Livestock,4.5,2,TRUE,FALSE,FALSE,30,FALSE,TRUE,0,FALSE,2113443,None,FALSE,9.0017,5.805,-2,No
F1943,22,Female,Enugu,Tertiary,Single,0,Crop,4,2,FALSE,FALSE,FALSE,56,TRUE,TRUE,0,FALSE,1474371,Trading,TRUE,8.6756,4.6301,21,No
F1944,34,Male,Kaduna,None,Single,1,Crop,2.2,6,TRUE,TRUE,TRUE,55,FALSE,TRUE,56061.64,TRUE,3318183,Trading,TRUE,7.8495,4.5484,30,Yes
F1945,27,Female,Enugu,Secondary,Single,0,Crop,4.3,9,TRUE,FALSE,FALSE,49,FALSE,FALSE,0,FALSE,3123621,Trading,TRUE,7.413,5.7846,23,No
F1946,27,Male,Benue,Tertiary,Married,1,Mixed,3.4,7,TRUE,TRUE,TRUE,72,TRUE,TRUE,0,FALSE,3226131,Trading,FALSE,8.245,6.544,43,Yes
F1947,20,Male,Oyo,Secondary,Married,1,Crop,3,8,FALSE,FALSE,TRUE,70,TRUE,TRUE,50127.18,TRUE,6723450,None,TRUE,7.3047,4.3134,42,Yes
F1948,26,Male,Benue,None,Married,2,Livestock,4.7,7,TRUE,FALSE,FALSE,77,TRUE,TRUE,78365.48,TRUE,5822226,None,TRUE,8.8659,6.0406,34,Yes
F1949,34,Female,Oyo,Secondary,Married,1,Mixed,1.1,7,FALSE,FALSE,FALSE,69,TRUE,TRUE,0,FALSE,2357208,None,FALSE,8.9605,3.9937,16,No
F1950,26,Female,Kaduna,Primary,Married,3,Mixed,4.8,2,FALSE,TRUE,TRUE,32,FALSE,TRUE,61289.65,TRUE,4589289,None,FALSE,8.98,4.3823,23,No
F1951,18,Female,Kano,Secondary,Single,0,Livestock,2.3,3,FALSE,TRUE,TRUE,67,TRUE,TRUE,70144.65,TRUE,5992659,Trading,TRUE,7.8228,4.6676,56,Yes
F1952,34,Female,Benue,,Married,2,,4.5,5,TRUE,FALSE,TRUE,26,FALSE,TRUE,,TRUE,0,None,TRUE,8.3572,4.7673,43,Yes
F1953,27,Male,Kaduna,Tertiary,Married,1,Livestock,1.2,8,FALSE,FALSE,TRUE,36,TRUE,TRUE,43616.12,TRUE,5196060,Trading,FALSE,8.8178,5.3679,33,Yes
F1954,25,Female,Oyo,Primary,Married,2,Livestock,2,3,TRUE,FALSE,TRUE,51,FALSE,FALSE,0,FALSE,2979603,None,TRUE,8.3904,6.721,19,No
F1955,32,Female,Benue,Secondary,Married,1,Crop,1.3,6,TRUE,FALSE,TRUE,34,TRUE,TRUE,64152.37,TRUE,2732472,Trading,FALSE,8.6568,6.9467,41,Yes
F1956,23,Male,Benue,Primary,Single,0,Livestock,4,9,FALSE,TRUE,TRUE,75,TRUE,TRUE,54326.12,TRUE,3467457,None,TRUE,9.9914,6.8757,38,Yes
F1957,20,Female,Kaduna,Primary,Single,0,Livestock,5,2,TRUE,TRUE,TRUE,58,FALSE,FALSE,0,FALSE,3097989,None,TRUE,9.4168,6.5738,24,No
F1958,22,Male,Benue,Tertiary,Single,0,Livestock,1.6,7,FALSE,FALSE,TRUE,60,TRUE,TRUE,66388.75,TRUE,5446764,None,FALSE,8.7606,5.5924,33,Yes
F1959,32,Female,Benue,Secondary,Single,1,Livestock,4.6,4,TRUE,FALSE,TRUE,96,TRUE,TRUE,0,FALSE,1564632,None,FALSE,6.129,5.9806,32,No
F1960,27,Female,Kano,Primary,Single,0,Crop,4.1,9,FALSE,FALSE,TRUE,58,TRUE,TRUE,91007.36,TRUE,4229523,Trading,FALSE,6.864,7.5632,21,Yes
F1961,30,Female,Benue,Secondary,Single,1,Livestock,4.7,2,FALSE,TRUE,FALSE,62,TRUE,TRUE,16856,TRUE,4666176,None,TRUE,8.4034,5.1415,43,Yes
F1962,22,Male,Kano,Primary,Married,0,Crop,4.7,2,FALSE,FALSE,TRUE,55,TRUE,TRUE,73338.84,TRUE,5118579,Trading,TRUE,8.2264,4.4672,30,Yes
F1963,29,Male,Benue,,Married,3,,4.2,9,TRUE,TRUE,TRUE,54,TRUE,TRUE,,TRUE,0,None,TRUE,8.4723,3.4424,43,Yes
F1964,18,Female,Kaduna,Tertiary,Married,1,Crop,4.6,5,FALSE,TRUE,TRUE,48,TRUE,TRUE,72076,TRUE,5147649,None,TRUE,8.9509,6.2886,47,Yes
F1965,26,Male,Benue,Tertiary,Single,0,Crop,1.2,3,FALSE,FALSE,TRUE,70,TRUE,TRUE,51744.33,TRUE,5076927,None,FALSE,9.4639,7.1364,37,Yes
F1966,26,Male,Benue,Secondary,Single,0,Crop,3.7,9,TRUE,TRUE,TRUE,36,FALSE,TRUE,0,FALSE,2987631,Remittances,FALSE,9.7406,7.1033,28,No
F1967,32,Male,Benue,Primary,Married,0,Livestock,3.5,4,TRUE,FALSE,TRUE,42,FALSE,TRUE,38493.12,TRUE,5629059,Trading,TRUE,9.3226,6.4018,31,Yes
F1968,31,Female,Kano,Tertiary,Single,0,Mixed,3.2,1,FALSE,FALSE,TRUE,34,FALSE,TRUE,74584.35,TRUE,4501350,None,FALSE,7.1607,6.8755,28,No
F1969,24,Male,Kaduna,Secondary,Married,0,Crop,3.8,2,TRUE,TRUE,TRUE,56,FALSE,TRUE,55897.19,TRUE,3922227,None,TRUE,8.6209,5.2137,48,Yes
F1970,28,Male,Oyo,None,Married,2,Crop,1.4,3,TRUE,FALSE,TRUE,52,TRUE,TRUE,15166.61,TRUE,4776543,Trading,TRUE,8.8075,4.8131,35,Yes
F1971,18,Male,Benue,Primary,Married,0,Crop,4,8,TRUE,FALSE,TRUE,62,FALSE,TRUE,0,FALSE,1857654,None,TRUE,8.7187,7.5746,15,No
F1972,24,Female,Oyo,Primary,Single,0,Crop,4.4,4,FALSE,FALSE,TRUE,40,FALSE,TRUE,29856.73,TRUE,4047354,None,FALSE,7.9854,7.052,15,No
F1973,33,Male,Enugu,,Single,0,,3.6,4,TRUE,FALSE,TRUE,44,FALSE,TRUE,,TRUE,0,Trading,FALSE,7.3855,3.3654,34,Yes
F1974,29,Female,Kaduna,Primary,Married,3,Livestock,2,8,TRUE,TRUE,FALSE,42,TRUE,TRUE,0,FALSE,1268352,None,TRUE,7.3862,3.1997,26,No
F1975,21,Female,Kano,Tertiary,Single,0,Livestock,4.9,1,TRUE,TRUE,TRUE,29,FALSE,TRUE,75638.44,TRUE,4940532,None,TRUE,9.6973,3.0275,47,Yes
F1976,27,Male,Benue,Tertiary,Married,3,Mixed,4.4,9,FALSE,FALSE,TRUE,54,TRUE,TRUE,0,FALSE,1147248,None,TRUE,8.1881,4.6034,21,No
F1977,19,Female,Enugu,None,Married,2,Livestock,3,1,FALSE,TRUE,TRUE,56,TRUE,TRUE,24872.19,TRUE,6018867,Trading,TRUE,9.0825,6.22,40,Yes
F1978,34,Male,Kano,Secondary,Single,1,Mixed,4.8,4,TRUE,FALSE,TRUE,76,TRUE,TRUE,0,FALSE,960498,None,TRUE,6.8047,5.947,37,Yes
F1979,19,Female,Benue,Primary,Single,0,Mixed,4.3,5,FALSE,TRUE,TRUE,35,FALSE,TRUE,0,FALSE,1815084,Trading,FALSE,9.6005,4.4437,11,No
F1980,33,Male,Oyo,Primary,Married,5,Crop,3.5,8,FALSE,FALSE,TRUE,43,FALSE,TRUE,24113.38,TRUE,2897847,Trading,FALSE,9.5634,4.7055,16,No
F1981,34,Male,Oyo,Tertiary,Married,3,Livestock,4.6,2,TRUE,FALSE,TRUE,58,TRUE,TRUE,50961.01,TRUE,5030784,None,TRUE,7.2665,3.8743,44,Yes
F1982,29,Female,Kaduna,Secondary,Married,2,Livestock,1.8,1,TRUE,FALSE,TRUE,66,TRUE,TRUE,83125.48,TRUE,4604220,Trading,FALSE,7.8889,5.7533,45,Yes
F1983,30,Male,Kaduna,Primary,Married,3,Crop,4.3,8,FALSE,TRUE,TRUE,81,TRUE,FALSE,0,FALSE,2148120,Remittances,TRUE,8.9984,6.7884,28,No
F1984,20,Female,Kaduna,Tertiary,Single,0,Crop,2.6,4,FALSE,TRUE,TRUE,36,FALSE,TRUE,68233.46,TRUE,4673817,Trading,FALSE,7.5003,7.3666,28,No
F1985,30,Female,Kaduna,Tertiary,Married,3,Livestock,3.5,8,TRUE,FALSE,FALSE,69,FALSE,TRUE,44913.31,TRUE,5337090,None,FALSE,8.4341,3.7809,36,Yes
F1986,25,Male,Benue,Primary,Married,1,Crop,2.6,1,FALSE,FALSE,TRUE,83,TRUE,TRUE,81502.13,TRUE,3738159,Trading,TRUE,9.0897,7.264,35,Yes
F1987,21,Female,Oyo,None,Single,0,Mixed,2,8,TRUE,TRUE,FALSE,64,TRUE,TRUE,60516.23,TRUE,3041802,Trading,FALSE,6.3249,6.5688,36,Yes
F1988,28,Male,Benue,Primary,Married,3,Livestock,2.9,7,TRUE,FALSE,TRUE,73,TRUE,FALSE,0,FALSE,3083832,None,FALSE,9.9664,6.0252,18,No
F1989,31,Male,Oyo,None,Married,2,Livestock,3.6,9,TRUE,FALSE,TRUE,59,TRUE,TRUE,59098.69,TRUE,4957650,None,FALSE,9.7987,7.8989,32,Yes
F1990,23,Female,Kano,Tertiary,Single,0,Livestock,4.1,1,TRUE,TRUE,TRUE,47,FALSE,TRUE,0,FALSE,2580561,None,TRUE,9.6884,4.7524,32,No
F1991,34,Male,Enugu,Secondary,Single,3,Mixed,2.8,6,TRUE,FALSE,TRUE,53,TRUE,TRUE,56042.22,TRUE,6589647,Trading,TRUE,7.0154,4.7903,41,Yes
F1992,34,Male,Benue,Secondary,Married,2,Livestock,4.8,3,TRUE,TRUE,FALSE,63,TRUE,FALSE,0,FALSE,1277037,Trading,FALSE,7.4587,3.5047,34,No
F1993,30,Female,Enugu,Secondary,Married,1,Crop,1.3,3,FALSE,TRUE,TRUE,44,FALSE,TRUE,41134.47,TRUE,5181876,Trading,TRUE,6.8108,5.946,41,Yes
F1994,19,Male,Benue,Secondary,Single,0,Crop,3,9,FALSE,FALSE,TRUE,67,TRUE,TRUE,12122.11,TRUE,5146344,None,FALSE,6.6958,7.0574,46,Yes
F1995,24,Male,Benue,Secondary,Single,0,Crop,3.8,7,FALSE,FALSE,TRUE,44,TRUE,FALSE,0,FALSE,3019104,Trading,FALSE,8.6668,4.5903,27,No
F1996,31,Male,Enugu,Primary,Married,0,Mixed,1.2,7,FALSE,FALSE,TRUE,66,TRUE,TRUE,0,FALSE,1920564,None,TRUE,6.8608,7.9958,27,No
F1997,34,Female,Enugu,Tertiary,Married,1,Crop,2.2,8,TRUE,TRUE,FALSE,25,FALSE,TRUE,48469.91,TRUE,3588894,Remittances,FALSE,9.3515,4.4342,31,Yes
F1998,22,Male,Kaduna,Primary,Single,0,Crop,3.7,4,FALSE,FALSE,TRUE,55,TRUE,TRUE,42554.25,TRUE,4512231,None,FALSE,8.8854,5.4083,28,Yes
F1999,22,Female,Kaduna,Secondary,Single,0,Crop,4.9,6,TRUE,TRUE,TRUE,22,FALSE,TRUE,87439.88,TRUE,4386843,None,FALSE,6.7258,4.7812,34,Yes
F2000,18,Male,Benue,Tertiary,Single,0,Crop,1.3,5,FALSE,TRUE,TRUE,92,TRUE,TRUE,91465.43,TRUE,5349222,Trading,FALSE,9.6449,3.3171,46,Yes
F2001,18,Female,Kano,Secondary,Single,0,Crop,3.9,3,FALSE,TRUE,TRUE,57,FALSE,TRUE,0,FALSE,1154394,Remittances,TRUE,9.7885,7.8047,32,No
F2002,26,Male,Kano,Tertiary,Married,4,Livestock,3.8,6,FALSE,TRUE,TRUE,46,FALSE,FALSE,0,FALSE,1785609,Trading,FALSE,8.3293,7.4249,20,No
F2003,19,Female,Kaduna,Secondary,Married,4,Crop,1.1,4,TRUE,TRUE,TRUE,53,TRUE,TRUE,0,FALSE,1716111,Trading,TRUE,8.2626,3.8023,39,Yes
F2004,27,Female,Kano,Primary,Married,3,Livestock,1.6,2,TRUE,FALSE,FALSE,56,TRUE,TRUE,29842.63,TRUE,4004739,None,TRUE,7.449,3.2217,33,Yes
F2005,18,Male,Oyo,Tertiary,Single,0,Livestock,1.4,4,TRUE,TRUE,TRUE,13,FALSE,TRUE,0,FALSE,2088297,Trading,TRUE,8.5367,7.7823,32,No
F2006,28,Female,Kaduna,Secondary,Single,0,Livestock,3,5,FALSE,FALSE,FALSE,53,FALSE,FALSE,0,FALSE,2350206,None,FALSE,7.4389,3.1325,14,No
F2007,31,Female,Kaduna,Primary,Married,0,Livestock,1.4,8,TRUE,FALSE,TRUE,56,TRUE,TRUE,30304.81,TRUE,3770019,None,FALSE,8.3986,5.1009,28,Yes
F2008,18,Female,Enugu,Primary,Married,4,Crop,2.5,2,FALSE,TRUE,FALSE,42,FALSE,TRUE,13052.48,TRUE,4609377,None,TRUE,9.9262,4.5024,30,Yes
F2009,18,Male,Kano,Tertiary,Single,0,Crop,3.4,5,TRUE,TRUE,TRUE,58,TRUE,FALSE,0,FALSE,2384433,Trading,FALSE,9.0643,7.0224,34,No
F2010,32,Male,Kano,,Married,5,,1.3,4,FALSE,FALSE,FALSE,77,FALSE,TRUE,,FALSE,0,Remittances,FALSE,7.6065,7.3811,13,No
F2011,33,Female,Enugu,Primary,Married,2,Crop,3.9,9,FALSE,TRUE,TRUE,62,TRUE,TRUE,0,FALSE,2417292,None,FALSE,6.5503,4.406,20,No
F2012,31,Female,Kaduna,Secondary,Single,2,Crop,4.5,6,FALSE,FALSE,TRUE,27,FALSE,TRUE,43933.96,TRUE,5048910,None,FALSE,9.7702,3.2123,31,Yes
F2013,31,Female,Kano,Secondary,Married,1,Crop,2.6,1,TRUE,TRUE,FALSE,61,FALSE,TRUE,44265.09,TRUE,3502233,Trading,TRUE,9.0775,3.4188,45,Yes
F2014,19,Male,Benue,Secondary,Single,0,Livestock,2.2,8,TRUE,TRUE,TRUE,69,TRUE,TRUE,0,FALSE,900000,None,FALSE,7.9946,3.4629,38,No
F2015,28,Female,Kaduna,Tertiary,Single,0,Livestock,3,1,FALSE,TRUE,TRUE,51,TRUE,TRUE,0,FALSE,2222865,None,FALSE,9.3947,5.06,26,No
F2016,25,Male,Oyo,Secondary,Married,2,Crop,3.4,6,FALSE,TRUE,TRUE,75,TRUE,TRUE,74295.1,TRUE,3831516,None,FALSE,6.6081,3.8548,47,Yes
F2017,19,Male,Kaduna,Primary,Single,0,Crop,4.2,7,TRUE,TRUE,TRUE,45,FALSE,TRUE,0,FALSE,3965697,None,FALSE,6.326,6.6014,22,No
F2018,19,Female,Enugu,,Married,2,,3.3,5,TRUE,TRUE,TRUE,55,TRUE,FALSE,,FALSE,0,None,FALSE,8.4717,4.8877,19,No
F2019,29,Male,Kano,Primary,Single,3,Crop,4.4,3,TRUE,TRUE,TRUE,49,FALSE,TRUE,88608.94,TRUE,5260797,Remittances,FALSE,9.0573,6.3433,28,Yes
F2020,32,Female,Oyo,Primary,Married,2,Crop,3.8,6,TRUE,FALSE,TRUE,10,FALSE,TRUE,40095.24,TRUE,3740328,Remittances,FALSE,8.7478,6.2925,23,Yes
F2021,22,Male,Benue,Secondary,Married,1,Crop,4,2,FALSE,FALSE,TRUE,72,TRUE,TRUE,65526.48,TRUE,5228118,None,FALSE,9.283,3.8988,38,Yes
F2022,22,Male,Oyo,Primary,Married,3,Mixed,2.8,8,FALSE,FALSE,TRUE,30,FALSE,FALSE,0,FALSE,1651509,Trading,FALSE,8.77,4.922,8,No
F2023,25,Female,Kaduna,Secondary,Married,3,Livestock,3.7,2,TRUE,TRUE,TRUE,48,FALSE,TRUE,41920.11,TRUE,3652470,Trading,TRUE,8.601,4.1427,40,Yes
F2024,28,Male,Benue,,Single,0,,2.8,3,FALSE,FALSE,TRUE,65,TRUE,TRUE,,TRUE,0,None,TRUE,9.8796,4.6977,35,Yes
F2025,26,Male,Enugu,Tertiary,Married,5,Livestock,1.7,8,FALSE,TRUE,TRUE,89,TRUE,TRUE,0,FALSE,2611017,Remittances,FALSE,8.5279,6.2661,32,No
F2026,18,Male,Kaduna,Primary,Single,0,Crop,3.1,7,FALSE,TRUE,TRUE,68,TRUE,TRUE,36449.72,TRUE,4819833,None,FALSE,8.5546,7.9168,36,Yes
F2027,24,Female,Oyo,Tertiary,Single,0,Crop,1.4,2,TRUE,TRUE,FALSE,96,TRUE,TRUE,0,FALSE,2881179,None,TRUE,9.2514,7.1177,38,Yes
F2028,18,Male,Oyo,,Single,0,,4,4,FALSE,FALSE,TRUE,79,TRUE,FALSE,,FALSE,0,Trading,TRUE,9.8711,6.4721,32,No
F2029,33,Female,Oyo,Secondary,Married,2,Crop,2.6,9,FALSE,FALSE,FALSE,60,TRUE,TRUE,96949.69,TRUE,4542867,None,TRUE,7.1265,5.5422,33,Yes
F2030,31,Female,Enugu,Primary,Single,2,Mixed,1.5,4,TRUE,FALSE,FALSE,54,TRUE,TRUE,98772.72,TRUE,3909744,Trading,TRUE,6.2215,6.6986,30,Yes
F2031,20,Male,Oyo,Primary,Married,4,Crop,3.5,9,TRUE,TRUE,TRUE,74,TRUE,TRUE,27808.57,TRUE,4893867,Trading,TRUE,7.8797,6.2217,43,Yes
F2032,18,Male,Benue,Secondary,Single,0,Livestock,3.5,1,FALSE,FALSE,TRUE,45,FALSE,TRUE,51856.89,TRUE,4453965,Remittances,FALSE,6.5793,5.1849,28,No
F2033,23,Female,Kaduna,Secondary,Single,0,Livestock,2.6,7,FALSE,FALSE,TRUE,63,TRUE,TRUE,35643.45,TRUE,4249872,Trading,TRUE,9.6961,7.3277,43,Yes
F2034,25,Female,Kano,Secondary,Married,1,Crop,3.2,5,TRUE,TRUE,TRUE,58,TRUE,TRUE,28402.73,TRUE,4716144,None,TRUE,8.782,3.4118,51,Yes
F2035,20,Male,Benue,Primary,Single,0,Livestock,4.2,9,FALSE,FALSE,TRUE,40,FALSE,FALSE,0,FALSE,3272373,None,FALSE,7.7174,3.9669,12,No
F2036,35,Male,Benue,Tertiary,Married,1,Crop,3.6,8,TRUE,FALSE,TRUE,45,FALSE,TRUE,99903.53,TRUE,2892240,Trading,TRUE,7.9075,4.2298,40,Yes
F2037,21,Male,Oyo,Tertiary,Single,0,Crop,1.1,2,TRUE,FALSE,TRUE,52,FALSE,TRUE,62973.35,TRUE,6417981,None,TRUE,9.2361,7.0115,39,Yes
F2038,28,Male,Kaduna,Secondary,Single,0,Crop,3.2,9,TRUE,TRUE,TRUE,47,FALSE,TRUE,0,FALSE,3798225,Trading,TRUE,6.7316,4.3074,31,Yes
F2039,21,Female,Enugu,Secondary,Single,0,Mixed,4.5,3,TRUE,FALSE,TRUE,53,TRUE,TRUE,51771.6,TRUE,3958101,Trading,FALSE,7.4864,3.5997,44,Yes
F2040,20,Male,Oyo,Secondary,Single,0,Livestock,2.1,4,FALSE,FALSE,TRUE,33,FALSE,TRUE,44259.69,TRUE,4343328,None,TRUE,7.5782,7.4729,29,Yes
F2041,29,Female,Benue,Secondary,Married,2,Livestock,4,1,TRUE,FALSE,TRUE,75,TRUE,TRUE,86463.1,TRUE,5827140,Trading,FALSE,6.1355,6.7484,52,Yes
F2042,35,Male,Kano,,Married,1,,1.6,5,FALSE,TRUE,TRUE,54,TRUE,TRUE,,TRUE,0,None,FALSE,6.6139,4.6455,44,Yes
F2043,25,Female,Benue,None,Married,5,Crop,1,7,TRUE,TRUE,TRUE,65,FALSE,TRUE,20639.67,TRUE,4173147,Trading,FALSE,7.9633,5.7993,34,Yes
F2044,21,Male,Oyo,Primary,Single,0,Crop,2.2,3,TRUE,TRUE,TRUE,73,TRUE,FALSE,0,FALSE,3227976,Trading,FALSE,8.2827,4.9024,27,No
F2045,20,Male,Oyo,,Single,0,,1.6,5,TRUE,TRUE,TRUE,68,TRUE,FALSE,,FALSE,0,None,FALSE,9.773,6.1406,33,No
F2046,20,Female,Benue,Primary,Married,1,Crop,3.9,6,TRUE,TRUE,TRUE,47,FALSE,TRUE,67067.41,TRUE,7049286,None,TRUE,7.1166,7.004,37,Yes
F2047,28,Female,Benue,None,Married,4,Crop,1.4,4,FALSE,FALSE,TRUE,75,TRUE,TRUE,78023.55,TRUE,3549276,Trading,TRUE,8.009,6.7915,33,Yes
F2048,32,Female,Benue,Primary,Married,0,Crop,2.1,7,TRUE,TRUE,TRUE,50,TRUE,TRUE,20402.28,TRUE,3872862,None,FALSE,7.1688,3.377,34,Yes
F2049,29,Female,Kano,Secondary,Married,1,Crop,4.7,5,FALSE,FALSE,FALSE,71,FALSE,TRUE,49681.03,TRUE,4619448,None,FALSE,9.3776,6.1242,33,No
F2050,26,Male,Kano,Primary,Married,2,Mixed,4.1,9,TRUE,FALSE,FALSE,42,TRUE,FALSE,0,FALSE,2603016,Trading,TRUE,7.9007,6.5709,16,No
F2051,18,Female,Oyo,Primary,Single,0,Mixed,3.3,4,TRUE,FALSE,FALSE,57,FALSE,TRUE,60633.88,TRUE,3872979,None,TRUE,7.0722,5.8726,23,Yes
F2052,22,Female,Oyo,Primary,Married,1,Livestock,3.4,7,TRUE,FALSE,TRUE,52,TRUE,FALSE,0,FALSE,3220398,Trading,TRUE,9.168,4.7921,19,Yes
F2053,28,Male,Enugu,Primary,Married,0,Crop,3,3,TRUE,FALSE,TRUE,54,TRUE,TRUE,25133.53,TRUE,6059691,None,TRUE,9.7867,5.8871,36,Yes
F2054,19,Male,Enugu,Tertiary,Single,0,Mixed,4.2,4,FALSE,FALSE,TRUE,82,TRUE,TRUE,68236.15,TRUE,4435605,None,TRUE,6.4185,4.9332,51,Yes
F2055,18,Female,Enugu,Secondary,Single,0,Livestock,4.4,5,TRUE,FALSE,TRUE,100,TRUE,TRUE,22047.91,TRUE,4987620,Trading,TRUE,9.8274,7.2762,46,Yes
F2056,22,Female,Benue,None,Single,0,Crop,3.8,2,TRUE,TRUE,FALSE,79,TRUE,TRUE,25207.27,TRUE,4952232,None,TRUE,8.7338,6.9447,39,Yes
F2057,19,Male,Kano,Tertiary,Single,0,Livestock,2.9,2,TRUE,TRUE,TRUE,70,FALSE,TRUE,24780.51,TRUE,4346478,Trading,FALSE,9.0448,7.3649,47,Yes
F2058,20,Female,Oyo,Primary,Single,0,Crop,2.7,6,TRUE,TRUE,TRUE,80,TRUE,TRUE,0,FALSE,2586051,Trading,TRUE,7.5134,4.658,33,Yes
F2059,22,Female,Enugu,Tertiary,Single,0,Crop,2.1,6,FALSE,FALSE,TRUE,66,TRUE,TRUE,54158.94,TRUE,4676859,Trading,TRUE,8.4601,4.3112,46,Yes
F2060,26,Male,Kano,Secondary,Single,0,Crop,4,3,FALSE,FALSE,TRUE,62,FALSE,TRUE,77591.1,TRUE,3153618,None,FALSE,9.2216,3.8606,38,Yes
F2061,33,Female,Enugu,Secondary,Married,2,Crop,3.6,2,TRUE,FALSE,TRUE,57,TRUE,TRUE,21894.95,TRUE,4075704,Trading,TRUE,6.7086,3.7461,43,Yes
F2062,30,Male,Oyo,Tertiary,Married,4,Mixed,2.1,1,FALSE,FALSE,FALSE,57,TRUE,TRUE,27804.75,TRUE,5026284,None,TRUE,6.8808,4.7174,37,Yes
F2063,26,Male,Kaduna,None,Married,1,Mixed,1.5,9,TRUE,FALSE,FALSE,72,TRUE,TRUE,53760.47,TRUE,4420233,None,TRUE,6.047,3.6118,38,Yes
F2064,22,Male,Benue,None,Single,0,Crop,1.7,8,FALSE,FALSE,TRUE,53,TRUE,TRUE,88637.9,TRUE,4170402,None,TRUE,8.4975,7.6897,36,Yes
F2065,20,Male,Oyo,Secondary,Single,0,Livestock,2.1,1,FALSE,FALSE,FALSE,21,FALSE,TRUE,0,FALSE,3901761,None,TRUE,7.8715,6.8142,15,No
F2066,34,Female,Benue,Tertiary,Married,3,Crop,4.5,2,TRUE,TRUE,TRUE,54,FALSE,TRUE,75756.75,TRUE,6570144,None,TRUE,6.0899,7.5412,47,Yes
F2067,27,Female,Enugu,Tertiary,Married,3,Crop,1.3,1,FALSE,TRUE,TRUE,70,FALSE,TRUE,90078.69,TRUE,3522951,None,FALSE,6.2055,6.3344,35,Yes
F2068,29,Female,Enugu,Secondary,Single,0,Crop,3.1,6,TRUE,TRUE,TRUE,34,TRUE,TRUE,58771.26,TRUE,5310414,None,FALSE,8.0644,4.7461,47,Yes
F2069,23,Female,Enugu,Secondary,Married,0,Crop,2.5,6,TRUE,FALSE,TRUE,67,TRUE,FALSE,0,FALSE,2883042,None,FALSE,6.3024,4.4692,37,Yes
F2070,34,Female,Benue,Primary,Married,4,Livestock,3.5,1,FALSE,TRUE,TRUE,68,TRUE,TRUE,99591.32,TRUE,3201651,Trading,TRUE,8.5348,3.0474,45,Yes
F2071,25,Female,Enugu,Tertiary,Married,2,Crop,1.5,9,TRUE,TRUE,TRUE,14,FALSE,TRUE,0,FALSE,3355731,Trading,FALSE,8.9692,7.4961,38,No
F2072,23,Male,Oyo,Secondary,Single,0,Mixed,1.1,4,TRUE,FALSE,TRUE,64,TRUE,TRUE,40041.79,TRUE,3820203,None,TRUE,7.8046,4.558,48,Yes
F2073,24,Male,Benue,Tertiary,Married,1,Crop,4.4,3,FALSE,FALSE,TRUE,47,FALSE,TRUE,72526.71,TRUE,4307553,None,TRUE,7.7728,5.0721,40,Yes
F2074,31,Male,Benue,Secondary,Married,1,Crop,2.5,1,TRUE,TRUE,TRUE,50,TRUE,TRUE,38484.8,TRUE,5309343,Trading,TRUE,9.1912,6.0894,48,Yes
F2075,27,Male,Enugu,Primary,Single,0,Crop,4,7,FALSE,FALSE,TRUE,26,FALSE,TRUE,84119.85,TRUE,5841783,Trading,TRUE,8.296,6.4812,24,Yes
F2076,24,Male,Oyo,None,Married,0,Mixed,3,3,TRUE,FALSE,TRUE,62,TRUE,TRUE,16391.97,TRUE,3052899,None,TRUE,7.3936,5.3902,39,Yes
F2077,33,Male,Oyo,Primary,Single,0,Mixed,5,3,FALSE,TRUE,TRUE,78,FALSE,FALSE,0,FALSE,2930184,Trading,TRUE,8.8598,5.1938,29,No
F2078,20,Male,Enugu,Secondary,Single,0,Mixed,4.2,7,TRUE,TRUE,TRUE,46,FALSE,TRUE,13661.03,TRUE,4387725,Trading,TRUE,9.7121,5.2137,43,Yes
F2079,30,Female,Enugu,,Married,2,,2.5,9,TRUE,TRUE,TRUE,70,TRUE,TRUE,,TRUE,0,None,TRUE,8.4879,4.6914,56,Yes
F2080,30,Female,Benue,Primary,Married,6,Crop,1.9,1,TRUE,FALSE,TRUE,83,TRUE,TRUE,34354.03,TRUE,5161158,None,FALSE,9.4317,4.3998,30,Yes
F2081,33,Female,Kano,Primary,Married,0,Livestock,3.1,6,TRUE,TRUE,TRUE,93,TRUE,FALSE,0,FALSE,1770795,Remittances,TRUE,8.3058,7.5127,29,No
F2082,29,Male,Benue,Tertiary,Married,1,Crop,1.5,7,FALSE,TRUE,TRUE,41,TRUE,FALSE,0,FALSE,2178450,None,TRUE,6.771,3.6293,37,No
F2083,20,Female,Oyo,Secondary,Single,0,Crop,2.8,7,TRUE,TRUE,TRUE,46,FALSE,TRUE,39746.84,TRUE,4096269,Trading,FALSE,8.4577,4.4652,41,Yes
F2084,33,Male,Kaduna,Secondary,Married,5,Livestock,1.4,6,TRUE,FALSE,TRUE,80,TRUE,FALSE,0,FALSE,1780956,Trading,TRUE,7.0628,7.5417,42,Yes
F2085,22,Female,Oyo,Primary,Married,6,Livestock,2.4,2,TRUE,FALSE,TRUE,53,TRUE,TRUE,93795.43,TRUE,3636225,Trading,TRUE,8.7643,3.3459,38,Yes
F2086,26,Female,Kano,Secondary,Single,0,Crop,3.9,8,FALSE,FALSE,TRUE,50,FALSE,TRUE,0,FALSE,3809790,Trading,TRUE,6.1654,6.6485,21,No
F2087,25,Male,Kaduna,Primary,Single,0,Crop,1.4,1,TRUE,FALSE,TRUE,73,FALSE,TRUE,34689.19,TRUE,5218389,None,FALSE,7.1899,6.5268,33,Yes
F2088,25,Male,Kano,Primary,Single,0,Crop,1.1,5,TRUE,TRUE,TRUE,50,FALSE,TRUE,0,FALSE,3354309,None,TRUE,7.5849,7.0232,24,No
F2089,25,Male,Oyo,Tertiary,Married,1,Livestock,4.1,3,TRUE,TRUE,TRUE,67,TRUE,FALSE,0,FALSE,3131352,None,FALSE,8.9984,5.6472,36,Yes
F2090,29,Female,Enugu,Primary,Married,1,Livestock,2,6,TRUE,FALSE,TRUE,69,FALSE,TRUE,88291.72,TRUE,4666158,Remittances,FALSE,7.5943,7.9497,28,Yes
F2091,35,Female,Enugu,None,Married,0,Livestock,1,2,FALSE,FALSE,TRUE,65,FALSE,TRUE,17519.29,TRUE,4622688,None,TRUE,8.8214,5.4376,27,Yes
F2092,24,Female,Kaduna,Secondary,Single,0,Crop,2.1,7,TRUE,TRUE,TRUE,63,TRUE,TRUE,52337.94,TRUE,4735746,Trading,TRUE,7.1515,7.2649,56,Yes
F2093,27,Male,Oyo,Primary,Married,1,Livestock,1.4,2,TRUE,TRUE,TRUE,64,TRUE,TRUE,51349.48,TRUE,4156011,None,FALSE,6.3798,7.9031,41,Yes
F2094,35,Male,Benue,Tertiary,Single,1,Livestock,3.8,5,TRUE,FALSE,TRUE,69,TRUE,TRUE,85262.23,TRUE,3949227,None,TRUE,7.0746,3.8671,50,Yes
F2095,31,Female,Oyo,Primary,Married,2,Livestock,3.1,9,TRUE,TRUE,TRUE,65,TRUE,TRUE,71765.1,TRUE,4107402,None,TRUE,9.6706,7.7827,44,Yes
F2096,31,Female,Kaduna,Primary,Single,1,Mixed,2.4,5,FALSE,TRUE,TRUE,62,TRUE,TRUE,59460.42,TRUE,4304232,None,TRUE,7.9836,4.6486,46,Yes
F2097,35,Female,Benue,Secondary,Single,2,Crop,3,7,FALSE,FALSE,TRUE,44,TRUE,TRUE,31541.85,TRUE,5537304,Trading,TRUE,9.2514,5.9212,46,Yes
F2098,19,Female,Kano,Secondary,Single,0,Crop,2.4,4,TRUE,FALSE,TRUE,80,TRUE,TRUE,93137.75,TRUE,3414204,Trading,TRUE,6.5294,7.3063,48,Yes
F2099,26,Male,Benue,Tertiary,Single,0,Livestock,2.6,2,TRUE,TRUE,TRUE,65,TRUE,TRUE,82309.07,TRUE,5686830,None,FALSE,7.6259,5.5904,52,Yes
F2100,23,Male,Kano,Secondary,Single,0,Crop,4.9,5,TRUE,TRUE,TRUE,66,TRUE,TRUE,97508.54,TRUE,3786948,Trading,TRUE,8.314,6.9062,55,Yes
F2101,20,Female,Benue,Primary,Married,2,Crop,2.2,8,TRUE,FALSE,TRUE,56,TRUE,TRUE,71026.19,TRUE,5611968,None,TRUE,9.335,4.263,40,Yes
F2102,27,Male,Benue,None,Married,0,Crop,4.9,3,TRUE,TRUE,TRUE,64,TRUE,TRUE,58376.57,TRUE,5996124,None,TRUE,8.0406,6.1701,41,Yes
F2103,35,Female,Enugu,Tertiary,Married,1,Mixed,1.9,1,TRUE,TRUE,TRUE,68,TRUE,TRUE,70331.83,TRUE,3954960,Trading,FALSE,6.6987,7.2048,52,Yes
F2104,24,Female,Kaduna,Primary,Single,0,Crop,4.3,2,TRUE,FALSE,TRUE,72,TRUE,FALSE,0,FALSE,1982214,Remittances,FALSE,9.8169,4.719,22,No
F2105,18,Male,Enugu,Secondary,Single,0,Crop,2.2,7,FALSE,TRUE,TRUE,11,FALSE,TRUE,81546.44,TRUE,5932701,Trading,TRUE,7.5926,3.5987,42,Yes
F2106,18,Male,Kaduna,Primary,Single,0,Crop,4.8,6,FALSE,FALSE,FALSE,50,TRUE,FALSE,0,FALSE,2629800,None,FALSE,9.2917,4.7876,8,No
F2107,30,Male,Oyo,Secondary,Married,2,Crop,1.6,9,TRUE,FALSE,FALSE,26,FALSE,TRUE,0,FALSE,3805146,None,TRUE,6.0321,5.9492,25,No
F2108,30,Female,Oyo,Tertiary,Married,3,Livestock,3.4,3,TRUE,FALSE,TRUE,55,FALSE,TRUE,18163.26,TRUE,4600440,Trading,TRUE,7.1931,6.1166,44,Yes
F2109,24,Male,Kano,Primary,Single,0,Livestock,2.6,8,TRUE,FALSE,TRUE,81,FALSE,TRUE,0,FALSE,2293092,None,FALSE,8.6907,5.2465,21,No
F2110,33,Female,Oyo,Primary,Single,1,Livestock,1.7,1,TRUE,TRUE,TRUE,80,FALSE,TRUE,92679.09,TRUE,4288221,Trading,TRUE,8.3988,5.9447,37,Yes
F2111,33,Female,Kano,Primary,Married,1,Crop,1.9,2,FALSE,FALSE,TRUE,53,TRUE,FALSE,0,FALSE,1403433,Trading,TRUE,6.0021,3.2908,8,No
F2112,33,Male,Oyo,Secondary,Single,1,Crop,2.1,6,TRUE,FALSE,TRUE,52,TRUE,TRUE,54936.01,TRUE,4703949,None,FALSE,9.9889,5.0626,39,Yes
F2113,18,Male,Kano,,Married,2,,2.4,8,TRUE,FALSE,FALSE,55,TRUE,TRUE,,FALSE,0,None,FALSE,6.8629,7.9169,24,No
F2114,18,Female,Enugu,Tertiary,Married,2,Livestock,2.3,1,TRUE,FALSE,TRUE,52,TRUE,TRUE,0,FALSE,2112399,Trading,TRUE,9.9864,4.6255,35,Yes
F2115,30,Male,Benue,Primary,Married,3,Livestock,2.4,3,TRUE,FALSE,TRUE,72,TRUE,TRUE,64005.12,TRUE,4729338,None,FALSE,8.2379,7.6684,38,Yes
F2116,30,Male,Benue,Secondary,Married,2,Crop,1.5,5,FALSE,FALSE,TRUE,34,TRUE,TRUE,0,FALSE,3049335,None,FALSE,7.5774,6.3825,24,No
F2117,21,Male,Oyo,Primary,Single,0,Mixed,4.3,1,FALSE,FALSE,FALSE,69,TRUE,TRUE,67530.14,TRUE,4702041,None,FALSE,8.6907,3.7446,26,No
F2118,32,Male,Enugu,None,Married,3,Crop,3,2,TRUE,FALSE,TRUE,59,TRUE,TRUE,81004.6,TRUE,5014710,None,TRUE,8.3415,3.7206,34,Yes
F2119,28,Male,Benue,Primary,Married,2,Mixed,2.6,9,FALSE,FALSE,TRUE,66,FALSE,TRUE,87954.62,TRUE,3556926,Trading,TRUE,8.5925,5.575,24,Yes
F2120,29,Male,Oyo,Tertiary,Single,0,Crop,5,9,FALSE,FALSE,FALSE,70,TRUE,TRUE,38772.85,TRUE,4318335,None,FALSE,6.8737,6.6424,32,Yes
F2121,21,Female,Kano,Primary,Single,0,Livestock,1,7,TRUE,FALSE,FALSE,52,FALSE,TRUE,10402.2,TRUE,4411530,Remittances,TRUE,8.656,7.2551,23,Yes
F2122,31,Male,Benue,Secondary,Single,0,Crop,3.9,9,TRUE,TRUE,TRUE,55,TRUE,TRUE,83539.37,TRUE,5133348,None,FALSE,6.0617,7.9917,48,Yes
F2123,33,Female,Benue,Primary,Single,3,Mixed,2.8,6,TRUE,TRUE,TRUE,53,FALSE,TRUE,84981.2,TRUE,3829320,None,FALSE,6.0894,6.693,33,Yes
F2124,29,Female,Benue,Primary,Married,1,Crop,3.8,4,FALSE,TRUE,TRUE,53,TRUE,TRUE,66472.54,TRUE,4025358,None,TRUE,7.9935,7.8335,32,Yes
F2125,22,Female,Oyo,Tertiary,Single,0,Crop,1.1,3,TRUE,FALSE,FALSE,63,FALSE,TRUE,0,FALSE,2988144,Remittances,FALSE,6.4963,5.727,25,No
F2126,25,Female,Kano,Tertiary,Married,1,Livestock,3,6,FALSE,TRUE,TRUE,74,TRUE,TRUE,53950.08,TRUE,5999796,Trading,FALSE,9.2687,7.2452,47,Yes
F2127,19,Female,Kaduna,Tertiary,Single,0,Livestock,4.9,4,TRUE,FALSE,TRUE,23,FALSE,TRUE,0,FALSE,1250478,Trading,TRUE,8.8953,3.6013,27,No
F2128,32,Female,Kano,Primary,Married,2,Crop,3.5,7,TRUE,TRUE,TRUE,45,TRUE,TRUE,99477.19,TRUE,4438260,Trading,TRUE,8.7843,6.0788,38,Yes
F2129,30,Male,Oyo,Secondary,Single,0,Crop,3.9,1,FALSE,FALSE,TRUE,34,FALSE,TRUE,0,FALSE,2815947,None,TRUE,7.7912,5.3257,24,No
F2130,25,Female,Kaduna,Primary,Married,1,Mixed,3.9,8,FALSE,TRUE,TRUE,100,TRUE,TRUE,0,FALSE,2806173,None,FALSE,7.6624,3.6641,28,No
F2131,18,Male,Oyo,Primary,Single,0,Crop,2.7,5,TRUE,FALSE,TRUE,49,FALSE,TRUE,42354.52,TRUE,3812508,None,FALSE,6.1347,7.6332,23,Yes
F2132,23,Male,Kano,Primary,Single,0,Livestock,1.4,9,FALSE,TRUE,TRUE,39,FALSE,TRUE,51496.64,TRUE,4824144,None,FALSE,7.4454,5.8623,25,No
F2133,18,Male,Benue,Primary,Single,0,Livestock,4.8,9,FALSE,FALSE,FALSE,53,FALSE,TRUE,94109.43,TRUE,3955410,Trading,TRUE,6.4701,7.4245,21,No
F2134,34,Male,Enugu,None,Married,3,Crop,4.8,7,FALSE,FALSE,TRUE,18,FALSE,FALSE,0,FALSE,1303848,None,FALSE,9.7727,3.0538,9,No
F2135,31,Male,Kano,Tertiary,Single,5,Mixed,3.6,2,TRUE,TRUE,TRUE,49,TRUE,TRUE,20651.64,TRUE,4320126,Trading,TRUE,9.0196,5.3695,48,Yes
F2136,34,Male,Oyo,Secondary,Married,3,Livestock,1,5,TRUE,FALSE,TRUE,62,TRUE,TRUE,20980.38,TRUE,3991365,None,TRUE,9.5712,6.735,54,Yes
F2137,34,Female,Enugu,Tertiary,Single,2,Crop,2.5,2,FALSE,FALSE,TRUE,59,TRUE,TRUE,36462.91,TRUE,6181569,None,FALSE,7.1217,7.2198,36,Yes
F2138,26,Female,Kano,,Married,4,,3.4,5,TRUE,TRUE,TRUE,54,TRUE,TRUE,,FALSE,0,Remittances,TRUE,9.2131,5.3967,38,Yes
F2139,29,Female,Kano,Secondary,Married,4,Livestock,2.5,9,FALSE,FALSE,TRUE,65,FALSE,TRUE,93151.78,TRUE,5274027,None,TRUE,7.1761,4.5264,38,Yes
F2140,23,Male,Kaduna,Primary,Married,2,Crop,2.3,4,TRUE,FALSE,TRUE,73,TRUE,TRUE,30539.09,TRUE,2973600,None,FALSE,9.8595,3.9153,33,Yes
F2141,23,Female,Enugu,Primary,Single,0,Livestock,1.6,3,FALSE,FALSE,TRUE,51,TRUE,TRUE,0,FALSE,3586284,None,TRUE,7.2536,4.4144,16,No
F2142,35,Male,Kaduna,Secondary,Married,2,Crop,3.8,7,TRUE,FALSE,FALSE,53,TRUE,TRUE,19889.44,TRUE,6103773,None,TRUE,8.7365,6.8264,43,Yes
F2143,24,Male,Kano,Secondary,Single,0,Mixed,1.8,2,TRUE,TRUE,TRUE,77,TRUE,TRUE,34100.1,TRUE,5647131,None,FALSE,7.5864,4.187,51,Yes
F2144,24,Female,Benue,Primary,Married,2,Crop,1.3,2,TRUE,TRUE,TRUE,44,FALSE,TRUE,77167.41,TRUE,3069567,None,TRUE,8.2573,5.6013,39,Yes
F2145,18,Female,Kaduna,Secondary,Single,0,Crop,2.3,6,TRUE,TRUE,TRUE,22,TRUE,TRUE,13093.91,TRUE,4967577,None,TRUE,9.8885,5.6354,49,Yes
F2146,32,Female,Oyo,Secondary,Single,2,Crop,2.5,1,TRUE,TRUE,TRUE,77,FALSE,TRUE,58166.08,TRUE,5738220,Trading,TRUE,7.9052,6.6704,53,Yes
F2147,27,Female,Enugu,None,Married,1,Crop,4.6,9,TRUE,FALSE,TRUE,63,TRUE,TRUE,38069.08,TRUE,3329226,None,FALSE,6.6511,6.3916,34,Yes
F2148,25,Male,Enugu,Tertiary,Married,2,Livestock,3.3,2,TRUE,TRUE,TRUE,63,TRUE,TRUE,98882.12,TRUE,2895381,Trading,TRUE,8.2059,3.0016,50,Yes
F2149,20,Male,Benue,Secondary,Single,0,Livestock,4.9,2,TRUE,FALSE,TRUE,40,FALSE,TRUE,76076.21,TRUE,4943934,None,TRUE,9.5943,3.8489,40,Yes
F2150,19,Male,Kano,Secondary,Married,0,Crop,4.8,5,TRUE,TRUE,TRUE,72,TRUE,TRUE,91442.7,TRUE,4194063,None,FALSE,9.5834,7.5539,51,Yes
F2151,27,Male,Benue,Tertiary,Married,2,Mixed,3.9,5,TRUE,FALSE,TRUE,74,TRUE,TRUE,0,FALSE,1426968,Trading,TRUE,9.7971,3.3487,30,Yes
F2152,26,Female,Oyo,Secondary,Married,4,Crop,2.3,4,TRUE,FALSE,TRUE,58,FALSE,FALSE,0,FALSE,2635641,Trading,FALSE,8.9313,3.6801,22,No
F2153,35,Female,Kano,Secondary,Married,1,Crop,2.2,5,TRUE,TRUE,TRUE,60,TRUE,FALSE,0,FALSE,2155509,Remittances,FALSE,7.3559,7.1459,26,No
F2154,33,Female,Enugu,None,Married,1,Crop,2.8,3,FALSE,TRUE,TRUE,86,TRUE,TRUE,40356.55,TRUE,4282047,None,FALSE,7.7297,6.7927,40,Yes
F2155,28,Male,Oyo,Tertiary,Married,3,Crop,2.5,6,TRUE,FALSE,TRUE,79,TRUE,FALSE,0,FALSE,3554964,None,FALSE,6.7631,7.2425,36,Yes
F2156,26,Male,Oyo,Primary,Married,5,Crop,2.7,6,FALSE,TRUE,TRUE,71,TRUE,TRUE,21390.85,TRUE,5105133,None,TRUE,7.0281,5.7144,40,Yes
F2157,24,Female,Benue,None,Married,5,Crop,3.4,5,TRUE,TRUE,TRUE,65,TRUE,TRUE,0,FALSE,1506177,Remittances,TRUE,6.4308,3.4136,30,Yes
F2158,33,Male,Kano,Primary,Married,2,Crop,2,2,FALSE,TRUE,TRUE,80,TRUE,TRUE,24407.67,TRUE,4104351,None,FALSE,6.694,3.6533,35,Yes
F2159,34,Male,Benue,Secondary,Single,1,Crop,4.3,3,FALSE,FALSE,TRUE,52,FALSE,TRUE,81732.52,TRUE,4722462,None,FALSE,9.0443,7.8406,28,No
F2160,35,Male,Oyo,Tertiary,Single,1,Crop,3.2,7,TRUE,FALSE,FALSE,69,TRUE,TRUE,54676.97,TRUE,5136111,Remittances,TRUE,9.5455,6.9317,48,Yes
F2161,33,Female,Enugu,Secondary,Married,2,Crop,2.7,2,FALSE,TRUE,TRUE,61,TRUE,TRUE,57425.57,TRUE,5601897,Remittances,FALSE,7.8738,5.8656,45,Yes
F2162,31,Female,Benue,Secondary,Married,1,Crop,4.7,4,FALSE,FALSE,TRUE,59,TRUE,TRUE,31847.16,TRUE,4375773,Trading,TRUE,6.5299,6.1629,37,Yes
F2163,33,Female,Benue,Primary,Married,4,Crop,1.8,4,FALSE,TRUE,FALSE,51,FALSE,TRUE,56791.32,TRUE,4424796,None,FALSE,9.4425,5.6902,24,No
F2164,21,Male,Kaduna,Secondary,Single,0,Crop,2.1,1,TRUE,FALSE,TRUE,52,TRUE,TRUE,61384.22,TRUE,3917961,Trading,TRUE,9.677,7.6772,45,Yes
F2165,24,Male,Enugu,None,Married,2,Mixed,4.4,9,FALSE,FALSE,TRUE,36,FALSE,TRUE,24194.43,TRUE,3532311,None,TRUE,8.5934,5.9945,28,Yes
F2166,23,Female,Benue,None,Single,0,Livestock,1.1,1,FALSE,TRUE,TRUE,36,FALSE,FALSE,0,FALSE,2721276,None,FALSE,7.9948,6.1191,17,No
F2167,31,Female,Oyo,Tertiary,Married,2,Crop,1.3,6,FALSE,FALSE,TRUE,27,TRUE,TRUE,62743.47,TRUE,5632767,None,FALSE,6.5301,6.1601,28,Yes
F2168,21,Female,Enugu,Secondary,Single,0,Crop,2,3,TRUE,FALSE,TRUE,97,TRUE,TRUE,23926.25,TRUE,4338054,Trading,TRUE,6.155,3.501,50,Yes
F2169,21,Male,Kano,Primary,Married,3,Crop,4.6,6,TRUE,TRUE,FALSE,67,TRUE,TRUE,52365.4,TRUE,3879954,None,TRUE,6.848,4.8183,39,Yes
F2170,23,Female,Oyo,Tertiary,Married,3,Crop,3,3,TRUE,TRUE,TRUE,69,TRUE,TRUE,95984.04,TRUE,4167054,None,TRUE,8.0133,7.9807,59,Yes
F2171,35,Male,Kaduna,Primary,Single,0,Livestock,3.7,3,TRUE,TRUE,TRUE,80,TRUE,TRUE,68741.11,TRUE,3513456,None,FALSE,8.1728,5.5596,43,Yes
F2172,25,Female,Kano,None,Married,1,Crop,1,4,TRUE,FALSE,TRUE,89,TRUE,TRUE,70246.13,TRUE,4688523,Trading,FALSE,9.6323,3.0795,36,Yes
F2173,18,Female,Enugu,Primary,Married,4,Mixed,1.8,7,TRUE,TRUE,FALSE,60,TRUE,TRUE,0,FALSE,2563011,None,TRUE,9.9508,6.3018,19,No
F2174,27,Male,Kano,Secondary,Single,0,Crop,1.6,8,TRUE,FALSE,TRUE,88,TRUE,TRUE,88653.6,TRUE,5121144,None,FALSE,7.4764,7.1658,45,Yes
F2175,29,Male,Kano,Primary,Single,1,Mixed,2.5,4,TRUE,FALSE,TRUE,66,TRUE,TRUE,59209.34,TRUE,2365389,None,TRUE,7.453,6.0343,39,Yes
F2176,27,Female,Enugu,Secondary,Single,0,Livestock,3.7,9,FALSE,FALSE,TRUE,66,TRUE,TRUE,63061.47,TRUE,5881005,None,TRUE,6.5956,5.3351,47,Yes
F2177,20,Male,Oyo,Primary,Single,0,Crop,3.5,5,FALSE,FALSE,TRUE,55,TRUE,TRUE,0,FALSE,2200878,None,TRUE,6.9084,7.0325,20,No
F2178,33,Female,Oyo,Secondary,Married,2,Livestock,2.7,7,FALSE,FALSE,FALSE,23,FALSE,FALSE,0,FALSE,1007613,None,TRUE,7.5545,5.7794,17,No
F2179,19,Female,Enugu,Tertiary,Single,0,Mixed,2.5,9,FALSE,TRUE,FALSE,71,TRUE,TRUE,38952.81,TRUE,4250259,Trading,FALSE,6.8054,3.6225,41,Yes
F2180,24,Female,Enugu,Primary,Single,0,Livestock,4.8,2,TRUE,TRUE,FALSE,82,TRUE,TRUE,91642.42,TRUE,5085891,Trading,TRUE,8.8004,5.3014,41,Yes
F2181,21,Female,Kano,Tertiary,Married,2,Crop,4.7,1,FALSE,TRUE,TRUE,42,FALSE,TRUE,85857.03,TRUE,3013200,None,TRUE,8.0838,5.7612,40,Yes
F2182,21,Male,Kano,None,Single,0,Mixed,3.3,8,FALSE,FALSE,TRUE,91,TRUE,TRUE,92142.37,TRUE,3907044,Trading,TRUE,7.8675,5.2319,33,Yes
F2183,24,Male,Enugu,None,Married,2,Livestock,2.1,3,TRUE,TRUE,TRUE,72,TRUE,TRUE,26742.86,TRUE,4837257,Trading,FALSE,7.6687,6.606,41,Yes
F2184,31,Female,Oyo,Secondary,Married,1,Livestock,1.5,5,FALSE,FALSE,TRUE,56,FALSE,TRUE,31643.02,TRUE,3629961,None,TRUE,7.578,4.5797,34,Yes
F2185,35,Male,Enugu,Secondary,Married,1,Livestock,3.5,5,TRUE,TRUE,TRUE,64,FALSE,TRUE,23541.67,TRUE,4780575,None,TRUE,6.5026,4.2808,49,Yes
F2186,30,Female,Kano,None,Single,1,Crop,2.5,2,TRUE,FALSE,FALSE,51,FALSE,TRUE,21070.89,TRUE,4576113,Trading,TRUE,6.9847,3.3431,19,Yes
F2187,24,Female,Enugu,Primary,Single,0,Mixed,1.5,1,TRUE,FALSE,TRUE,68,TRUE,TRUE,72225.99,TRUE,4389354,None,FALSE,6.6599,4.1955,35,Yes
F2188,29,Male,Benue,Primary,Married,2,Crop,2.8,6,FALSE,FALSE,FALSE,57,TRUE,TRUE,99504.42,TRUE,5475051,None,TRUE,6.1133,7.2782,19,Yes
F2189,34,Female,Enugu,Primary,Married,2,Livestock,1.3,5,TRUE,FALSE,TRUE,65,TRUE,TRUE,49020.76,TRUE,5401674,Trading,FALSE,6.9502,4.763,32,Yes
F2190,30,Male,Kano,None,Married,4,Livestock,3.3,1,TRUE,TRUE,FALSE,80,TRUE,TRUE,31512.47,TRUE,3780090,None,FALSE,6.4556,6.5926,33,Yes
F2191,28,Female,Oyo,Secondary,Married,0,Livestock,2.7,8,TRUE,FALSE,TRUE,42,TRUE,FALSE,0,FALSE,3146679,None,FALSE,8.5128,6.1118,27,No
F2192,32,Male,Enugu,Secondary,Married,2,Crop,2,6,FALSE,TRUE,TRUE,46,FALSE,TRUE,84125.67,TRUE,5401503,None,FALSE,7.2395,7.8635,35,Yes
F2193,27,Female,Benue,Secondary,Married,1,Crop,2.5,4,TRUE,FALSE,TRUE,64,FALSE,TRUE,37163.37,TRUE,4776417,Remittances,FALSE,7.1484,6.9149,40,Yes
F2194,27,Female,Enugu,Primary,Married,0,Crop,1.4,6,TRUE,FALSE,FALSE,86,TRUE,TRUE,39241.6,TRUE,2877102,Remittances,TRUE,9.6989,7.005,29,Yes
F2195,20,Male,Kano,Primary,Single,0,Mixed,1.3,1,FALSE,FALSE,TRUE,58,TRUE,TRUE,67926.43,TRUE,5826600,None,FALSE,6.5307,6.6957,28,Yes
F2196,28,Female,Kaduna,Secondary,Married,0,Crop,3.6,5,TRUE,FALSE,TRUE,55,FALSE,TRUE,0,FALSE,2338920,None,FALSE,7.4034,4.5153,17,No
F2197,32,Male,Kano,Primary,Married,5,Mixed,1.6,4,FALSE,FALSE,TRUE,66,TRUE,FALSE,0,FALSE,1847871,None,TRUE,8.3025,3.0799,22,No
F2198,22,Male,Benue,Secondary,Married,2,Crop,3.7,8,TRUE,FALSE,TRUE,68,TRUE,TRUE,50905.62,TRUE,3912579,Remittances,FALSE,7.7221,7.8707,41,Yes
F2199,18,Female,Enugu,Tertiary,Single,0,Crop,4.8,9,TRUE,TRUE,TRUE,52,TRUE,FALSE,0,FALSE,1668708,Trading,FALSE,8.5644,3.8037,30,No
F2200,24,Female,Oyo,Secondary,Married,1,Crop,4,1,TRUE,TRUE,TRUE,20,FALSE,TRUE,57033.32,TRUE,4836942,None,TRUE,9.4781,3.1884,48,Yes
F2201,34,Female,Kano,None,Married,4,Crop,2.2,7,FALSE,FALSE,TRUE,70,TRUE,TRUE,24571.1,TRUE,3956625,None,FALSE,9.9766,4.7274,27,Yes
F2202,20,Male,Kaduna,Secondary,Single,0,Crop,3.4,2,FALSE,TRUE,TRUE,71,TRUE,TRUE,0,FALSE,3244347,Trading,TRUE,7.7744,7.9897,42,Yes
F2203,19,Male,Oyo,Primary,Single,0,Crop,4.8,9,TRUE,TRUE,TRUE,62,FALSE,TRUE,73971.09,TRUE,4431429,None,TRUE,7.2241,6.279,40,Yes
F2204,22,Male,Kaduna,Secondary,Married,1,Crop,4.8,2,FALSE,FALSE,TRUE,61,TRUE,TRUE,0,FALSE,2470329,Remittances,FALSE,9.8829,7.0373,27,No
F2205,21,Male,Oyo,None,Married,1,Livestock,3.6,4,TRUE,TRUE,FALSE,59,TRUE,FALSE,0,FALSE,3056211,None,TRUE,9.6189,5.7919,26,No
F2206,24,Male,Kano,Secondary,Single,0,Crop,3.3,1,TRUE,FALSE,TRUE,62,TRUE,TRUE,80852.98,TRUE,5648211,None,FALSE,6.6205,6.8216,48,Yes
F2207,29,Male,Benue,Secondary,Single,2,Livestock,2.9,6,TRUE,TRUE,TRUE,39,TRUE,TRUE,45141.18,TRUE,4588965,None,TRUE,7.9872,3.5429,45,Yes
F2208,27,Female,Oyo,None,Married,3,Crop,1.7,7,TRUE,TRUE,TRUE,65,TRUE,TRUE,78813.3,TRUE,4801383,None,FALSE,7.4433,6.5172,48,Yes
F2209,19,Male,Benue,Primary,Single,0,Crop,4,7,TRUE,FALSE,TRUE,41,FALSE,TRUE,69872.01,TRUE,4050891,None,FALSE,6.3995,6.7278,27,Yes
F2210,27,Female,Oyo,None,Married,4,Mixed,4.6,8,TRUE,FALSE,FALSE,60,FALSE,FALSE,0,FALSE,1603422,Trading,FALSE,8.7546,3.904,8,No
F2211,30,Female,Benue,Secondary,Married,0,Mixed,5,3,TRUE,FALSE,TRUE,18,FALSE,TRUE,88171.88,TRUE,3804525,None,FALSE,6.9603,6.4022,36,Yes
F2212,34,Male,Oyo,Secondary,Married,3,Livestock,3.9,8,FALSE,TRUE,TRUE,63,TRUE,TRUE,25117.43,TRUE,2809557,Remittances,TRUE,9.4629,3.7977,47,Yes
F2213,20,Male,Benue,None,Single,0,Livestock,4.9,5,TRUE,TRUE,TRUE,69,TRUE,FALSE,0,FALSE,3186621,None,TRUE,7.7776,4.4407,33,Yes
F2214,33,Male,Enugu,Tertiary,Single,0,Mixed,1.1,9,TRUE,FALSE,TRUE,58,FALSE,TRUE,89975.12,TRUE,4033557,Remittances,FALSE,9.4541,3.9754,34,Yes
F2215,35,Female,Enugu,Primary,Married,2,Crop,2.1,4,TRUE,FALSE,TRUE,36,FALSE,TRUE,40483.74,TRUE,3928212,Remittances,FALSE,9.0887,7.2994,19,Yes
F2216,23,Female,Kaduna,Primary,Single,0,Livestock,3.5,5,TRUE,TRUE,TRUE,46,TRUE,TRUE,93151.8,TRUE,5815224,None,TRUE,7.018,3.2316,40,Yes
F2217,19,Male,Kaduna,Tertiary,Single,0,Crop,2.5,5,TRUE,FALSE,TRUE,53,FALSE,FALSE,0,FALSE,2289735,Trading,FALSE,9.5962,5.34,27,No
F2218,35,Male,Benue,Tertiary,Married,1,Livestock,1.1,7,TRUE,FALSE,TRUE,95,TRUE,FALSE,0,FALSE,2700783,Trading,FALSE,9.9081,6.8067,27,No
F2219,32,Female,Enugu,Tertiary,Single,2,Mixed,1.2,3,TRUE,TRUE,TRUE,44,FALSE,TRUE,46697.6,TRUE,3049938,None,FALSE,8.3838,4.4628,38,Yes
F2220,25,Female,Kano,Secondary,Married,1,Crop,2.8,5,TRUE,TRUE,TRUE,87,TRUE,TRUE,58032.32,TRUE,4002948,Trading,FALSE,7.3514,7.694,49,Yes
F2221,25,Female,Kaduna,Tertiary,Married,2,Mixed,2.6,3,TRUE,TRUE,TRUE,63,TRUE,TRUE,61769.15,TRUE,4683177,Trading,TRUE,8.7955,6.5417,56,Yes
F2222,21,Male,Kaduna,Secondary,Single,0,Crop,2.8,9,TRUE,FALSE,TRUE,71,TRUE,TRUE,71318.04,TRUE,4755960,None,FALSE,6.7472,4.5106,35,Yes
F2223,27,Female,Enugu,Secondary,Married,0,Livestock,3.5,8,TRUE,FALSE,TRUE,76,TRUE,TRUE,13547.65,TRUE,4313754,Trading,TRUE,9.6808,4.4028,54,Yes
F2224,24,Male,Benue,Tertiary,Single,0,Crop,5,6,FALSE,FALSE,TRUE,54,TRUE,TRUE,13556.83,TRUE,4204692,None,TRUE,9.6967,7.4282,43,Yes
F2225,30,Female,Kano,,Single,0,,1.1,7,FALSE,TRUE,TRUE,55,FALSE,TRUE,,TRUE,0,None,FALSE,7.5733,3.6436,33,No
F2226,23,Female,Kano,None,Single,0,Crop,1.5,5,TRUE,TRUE,TRUE,65,TRUE,TRUE,0,FALSE,1658475,None,FALSE,8.621,6.629,27,No
F2227,18,Female,Enugu,Primary,Single,0,Mixed,2.4,3,FALSE,FALSE,TRUE,69,TRUE,TRUE,0,FALSE,2192571,None,TRUE,8.8735,6.4014,21,No
F2228,26,Male,Kaduna,,Married,0,,1.8,7,TRUE,TRUE,TRUE,83,TRUE,TRUE,,TRUE,0,Trading,TRUE,7.6137,4.7165,59,Yes
F2229,25,Male,Enugu,Secondary,Married,3,Crop,3.3,3,TRUE,FALSE,TRUE,15,FALSE,TRUE,31376.89,TRUE,4986792,None,TRUE,9.0363,4.2526,48,Yes
F2230,19,Male,Kaduna,Secondary,Single,0,Crop,4.3,4,TRUE,FALSE,FALSE,54,TRUE,TRUE,65382.54,TRUE,4556232,None,FALSE,8.511,6.1107,34,Yes
F2231,18,Female,Kano,Primary,Married,4,Mixed,4.6,4,TRUE,FALSE,FALSE,67,TRUE,TRUE,17169.84,TRUE,3532905,Remittances,TRUE,8.7031,6.6423,35,Yes
F2232,34,Male,Kaduna,Secondary,Single,1,Livestock,3,9,TRUE,TRUE,TRUE,28,TRUE,TRUE,0,FALSE,3286107,Trading,TRUE,8.7645,4.2902,40,Yes
F2233,22,Female,Benue,Secondary,Single,0,Livestock,2.9,9,FALSE,FALSE,TRUE,82,TRUE,TRUE,98903.9,TRUE,2746701,Trading,TRUE,9.7893,3.2126,40,Yes
F2234,30,Female,Kano,Primary,Married,3,Livestock,1,8,FALSE,FALSE,TRUE,79,TRUE,TRUE,84984.27,TRUE,4532175,Trading,TRUE,8.5944,3.7409,35,Yes
F2235,26,Male,Kano,Primary,Married,2,Livestock,2.3,4,TRUE,FALSE,TRUE,67,TRUE,FALSE,0,FALSE,3646476,None,TRUE,9.12,6.2453,29,Yes
F2236,32,Female,Kano,Primary,Married,1,Livestock,2,9,FALSE,FALSE,TRUE,33,FALSE,TRUE,16343.48,TRUE,4462299,Trading,FALSE,6.2016,3.9921,18,No
F2237,33,Male,Kaduna,Secondary,Single,0,Crop,1.9,9,TRUE,TRUE,TRUE,38,FALSE,FALSE,0,FALSE,900000,None,FALSE,9.6006,6.6508,24,No
F2238,31,Male,Enugu,Secondary,Married,2,Crop,1.8,8,TRUE,TRUE,TRUE,66,FALSE,FALSE,0,FALSE,900000,Remittances,TRUE,8.1337,7.1576,36,No
F2239,22,Female,Oyo,Primary,Single,0,Crop,3.4,1,TRUE,TRUE,FALSE,74,TRUE,TRUE,41999.25,TRUE,4122900,None,TRUE,7.0047,5.1763,42,Yes
F2240,28,Male,Kaduna,Secondary,Married,3,Crop,1.5,6,TRUE,FALSE,TRUE,63,TRUE,FALSE,0,FALSE,3213486,Remittances,FALSE,6.4704,3.3045,33,Yes
F2241,29,Female,Benue,Secondary,Single,0,Crop,4.2,5,TRUE,FALSE,TRUE,45,TRUE,TRUE,93432.26,TRUE,3004605,None,TRUE,6.9139,7.3126,45,Yes
F2242,32,Male,Benue,Primary,Single,0,Mixed,3.4,7,TRUE,FALSE,TRUE,81,TRUE,TRUE,0,FALSE,2170899,Trading,FALSE,6.6114,7.6951,20,No
F2243,27,Male,Kano,Secondary,Single,0,Mixed,2.2,2,FALSE,FALSE,TRUE,57,FALSE,TRUE,72869.52,TRUE,3330936,Trading,TRUE,8.8951,7.6533,25,Yes
F2244,21,Female,Enugu,Primary,Married,2,Crop,5,9,TRUE,TRUE,TRUE,56,TRUE,FALSE,0,FALSE,1221399,Trading,FALSE,8.4382,7.4187,22,No
F2245,35,Male,Kaduna,Tertiary,Married,0,Crop,4,3,FALSE,TRUE,TRUE,95,TRUE,TRUE,82555.67,TRUE,3909078,None,TRUE,9.8456,3.887,48,Yes
F2246,24,Male,Enugu,Primary,Single,0,Livestock,1.2,6,FALSE,TRUE,TRUE,68,TRUE,TRUE,21942.98,TRUE,4306356,None,TRUE,7.9699,5.0862,36,Yes
F2247,30,Male,Enugu,Secondary,Single,0,Livestock,1.8,3,FALSE,FALSE,TRUE,70,TRUE,FALSE,0,FALSE,1749717,Trading,TRUE,8.6538,4.9635,32,No
F2248,24,Male,Kaduna,Tertiary,Single,0,Livestock,4.9,8,TRUE,FALSE,TRUE,58,TRUE,TRUE,24360.03,TRUE,4501359,None,FALSE,8.4039,7.9745,44,Yes
F2249,18,Female,Kano,Tertiary,Single,0,Livestock,4.7,6,FALSE,TRUE,TRUE,58,FALSE,TRUE,85089.42,TRUE,4804749,None,TRUE,9.4505,3.9933,35,Yes
F2250,34,Female,Kano,Secondary,Married,3,Livestock,1.3,2,TRUE,TRUE,TRUE,62,TRUE,TRUE,10685.25,TRUE,3179691,None,TRUE,7.6912,6.06,50,Yes
F2251,29,Male,Kano,Secondary,Single,2,Mixed,2.2,1,TRUE,FALSE,FALSE,51,TRUE,TRUE,23590.01,TRUE,4771071,None,TRUE,6.1778,3.5838,42,Yes
F2252,33,Female,Kaduna,Tertiary,Married,3,Crop,2.4,9,TRUE,FALSE,FALSE,36,FALSE,TRUE,0,FALSE,2621682,Trading,TRUE,6.5875,7.4304,23,No
F2253,32,Male,Oyo,Primary,Married,1,Mixed,4.1,1,TRUE,TRUE,TRUE,43,FALSE,TRUE,67978.55,TRUE,4110363,Remittances,TRUE,9.4972,5.8337,38,Yes
F2254,34,Female,Oyo,None,Married,0,Livestock,2.3,6,FALSE,TRUE,TRUE,61,TRUE,FALSE,0,FALSE,3681045,None,TRUE,7.8663,7.4444,29,No
F2255,28,Male,Oyo,None,Married,1,Crop,2.3,6,FALSE,FALSE,TRUE,45,TRUE,TRUE,72907.89,TRUE,5265729,None,TRUE,9.5594,5.9502,27,Yes
F2256,23,Female,Benue,Primary,Single,0,Crop,4.7,6,TRUE,TRUE,FALSE,41,TRUE,TRUE,0,FALSE,1672533,Trading,TRUE,7.0939,3.3013,21,No
F2257,35,Male,Oyo,Secondary,Single,1,Livestock,4.9,2,FALSE,TRUE,FALSE,68,TRUE,TRUE,67768.14,TRUE,5329962,None,TRUE,9.0607,7.292,44,Yes
F2258,32,Female,Kano,Tertiary,Married,5,Crop,1.3,1,FALSE,FALSE,TRUE,57,FALSE,TRUE,0,FALSE,2761821,None,FALSE,6.318,3.4665,15,No
F2259,28,Female,Benue,Secondary,Married,1,Crop,3,8,FALSE,TRUE,TRUE,31,FALSE,TRUE,14741.32,TRUE,3394179,Trading,FALSE,7.0774,5.6707,33,Yes
F2260,20,Female,Benue,Secondary,Single,0,Crop,4.1,9,TRUE,TRUE,TRUE,36,FALSE,TRUE,88081.8,TRUE,5102586,None,FALSE,7.4513,6.0146,39,Yes
F2261,32,Female,Benue,Tertiary,Married,1,Crop,2.6,6,TRUE,TRUE,TRUE,59,FALSE,TRUE,40720.72,TRUE,4537818,Trading,TRUE,8.4211,6.706,44,Yes
F2262,22,Male,Kaduna,Secondary,Single,0,Mixed,2.3,5,TRUE,FALSE,TRUE,51,TRUE,FALSE,0,FALSE,3007746,Trading,TRUE,7.9633,3.5681,37,Yes
F2263,35,Female,Kano,Secondary,Single,0,Livestock,4,9,FALSE,TRUE,TRUE,67,TRUE,TRUE,41311.7,TRUE,4864572,None,FALSE,6.7829,3.796,48,Yes
F2264,18,Male,Enugu,Secondary,Married,3,Crop,2.5,4,TRUE,FALSE,TRUE,41,FALSE,TRUE,44579.52,TRUE,5366601,Trading,FALSE,9.2145,5.9685,34,Yes
F2265,29,Male,Kano,Tertiary,Married,2,Crop,1.1,7,TRUE,TRUE,TRUE,48,TRUE,FALSE,0,FALSE,1547154,None,FALSE,8.8362,7.3323,35,No
F2266,21,Male,Enugu,Tertiary,Single,0,Livestock,1.6,6,TRUE,FALSE,FALSE,52,TRUE,TRUE,0,FALSE,2966652,None,TRUE,7.197,6.4616,21,No
F2267,29,Male,Oyo,Secondary,Married,2,Crop,4.7,5,FALSE,TRUE,TRUE,34,FALSE,TRUE,0,FALSE,3595815,None,FALSE,8.9415,7.418,26,No
F2268,31,Male,Oyo,Secondary,Married,1,Crop,4.7,4,FALSE,TRUE,FALSE,36,FALSE,TRUE,92544.82,TRUE,4900770,Trading,TRUE,8.7968,5.8607,36,Yes
F2269,34,Female,Benue,None,Married,2,Livestock,2,9,FALSE,TRUE,TRUE,59,TRUE,TRUE,94685.18,TRUE,4218003,None,TRUE,8.5328,5.2018,39,Yes
F2270,29,Female,Benue,Secondary,Married,0,Livestock,3.6,5,TRUE,TRUE,TRUE,52,FALSE,TRUE,85359.2,TRUE,3904875,None,FALSE,7.6467,5.2131,46,Yes
F2271,20,Male,Oyo,Secondary,Married,1,Livestock,3.9,9,FALSE,TRUE,TRUE,30,FALSE,TRUE,11781.11,TRUE,4730364,None,FALSE,7.4848,7.6345,31,Yes
F2272,21,Female,Benue,Secondary,Single,0,Livestock,3.9,8,FALSE,FALSE,TRUE,69,TRUE,TRUE,65625.75,TRUE,6122808,Trading,TRUE,7.7109,6.2555,49,Yes
F2273,18,Female,Kano,Tertiary,Married,1,Crop,2.1,7,TRUE,TRUE,TRUE,50,FALSE,TRUE,24255.63,TRUE,3031038,None,TRUE,7.2204,4.9885,46,Yes
F2274,27,Male,Kano,Secondary,Single,0,Mixed,2.8,5,TRUE,TRUE,FALSE,72,TRUE,TRUE,71825.55,TRUE,4222035,None,FALSE,9.8434,6.7494,43,Yes
F2275,21,Male,Kano,Primary,Single,0,Crop,4.8,1,FALSE,FALSE,TRUE,30,FALSE,FALSE,0,FALSE,2378268,None,FALSE,8.4864,5.1866,7,No
F2276,18,Male,Kano,Secondary,Single,0,Mixed,2.2,9,FALSE,TRUE,TRUE,33,FALSE,FALSE,0,FALSE,2701602,Trading,FALSE,9.1541,5.3525,27,No
F2277,34,Male,Kano,Tertiary,Single,0,Mixed,2.5,6,TRUE,TRUE,TRUE,51,TRUE,TRUE,21795.44,TRUE,5193972,None,FALSE,7.7084,5.0187,48,Yes
F2278,32,Female,Enugu,Primary,Married,1,Mixed,3.9,1,TRUE,FALSE,TRUE,38,TRUE,TRUE,16906.09,TRUE,3239577,None,FALSE,9.7731,5.7892,30,Yes
F2279,22,Male,Benue,Secondary,Married,1,Crop,2.5,3,FALSE,TRUE,TRUE,24,FALSE,TRUE,77297.41,TRUE,2533455,None,FALSE,7.4139,7.2075,27,No
F2280,33,Male,Kano,None,Married,0,Crop,1.6,3,FALSE,TRUE,TRUE,58,FALSE,FALSE,0,FALSE,2300814,None,FALSE,8.7916,5.6639,5,No
F2281,20,Male,Benue,Primary,Single,0,Crop,4.7,1,FALSE,TRUE,FALSE,77,FALSE,TRUE,43143.48,TRUE,5273892,None,FALSE,7.4506,3.7686,23,No
F2282,21,Male,Benue,Tertiary,Married,4,Livestock,3.8,5,FALSE,TRUE,TRUE,35,FALSE,TRUE,23406.34,TRUE,4615992,None,FALSE,8.4066,3.6428,37,Yes
F2283,23,Male,Kano,Primary,Married,5,Crop,2.4,7,FALSE,TRUE,TRUE,55,FALSE,TRUE,67879.79,TRUE,3852216,Trading,TRUE,7.8018,5.4455,33,Yes
F2284,31,Male,Benue,Primary,Married,2,Crop,3.1,3,TRUE,TRUE,TRUE,83,TRUE,TRUE,43827.09,TRUE,3617595,Trading,FALSE,8.1207,5.1517,42,Yes
F2285,21,Male,Kano,Secondary,Single,0,Crop,3,1,FALSE,FALSE,TRUE,43,FALSE,TRUE,66915.97,TRUE,6459633,None,FALSE,8.25,3.5571,32,Yes
F2286,18,Female,Benue,Tertiary,Single,0,Crop,3,9,TRUE,TRUE,FALSE,71,TRUE,FALSE,0,FALSE,3527001,None,TRUE,7.3357,7.4161,31,Yes
F2287,25,Female,Benue,Primary,Married,5,Crop,2.5,3,TRUE,FALSE,TRUE,84,TRUE,TRUE,62753.88,TRUE,3759201,Trading,TRUE,6.0718,3.2831,39,Yes
F2288,19,Female,Kano,None,Single,0,Livestock,1.7,1,TRUE,FALSE,FALSE,48,TRUE,TRUE,22851.35,TRUE,4018500,None,FALSE,9.6961,5.7564,23,Yes
F2289,24,Female,Benue,Tertiary,Single,0,Crop,3.6,6,FALSE,FALSE,TRUE,62,FALSE,TRUE,0,FALSE,2263644,Trading,TRUE,6.4372,5.5012,27,No
F2290,19,Male,Benue,Secondary,Married,2,Livestock,2,2,TRUE,TRUE,TRUE,74,TRUE,TRUE,66880.99,TRUE,4385034,None,TRUE,6.3208,5.8556,59,Yes
F2291,31,Female,Oyo,Secondary,Single,0,Crop,1.9,8,FALSE,TRUE,TRUE,40,FALSE,TRUE,86878.64,TRUE,4277133,Trading,FALSE,9.1845,4.7884,35,Yes
F2292,26,Male,Benue,Secondary,Married,2,Livestock,1.6,7,TRUE,TRUE,TRUE,77,FALSE,TRUE,40495,TRUE,4809906,Trading,TRUE,7.9772,6.8629,52,Yes
F2293,22,Male,Enugu,Tertiary,Single,0,Livestock,3.4,6,TRUE,FALSE,TRUE,57,TRUE,TRUE,0,FALSE,3549141,Remittances,TRUE,6.9338,5.8547,31,Yes
F2294,34,Male,Benue,Tertiary,Single,1,Livestock,2,5,TRUE,FALSE,TRUE,78,TRUE,TRUE,77390.88,TRUE,5983929,None,FALSE,8.3112,3.9418,44,Yes
F2295,33,Male,Kano,Tertiary,Married,1,Crop,1.5,9,FALSE,TRUE,TRUE,57,TRUE,TRUE,95352.38,TRUE,2719575,Trading,TRUE,9.2788,6.9356,45,Yes
F2296,31,Female,Oyo,Tertiary,Married,0,Mixed,1,7,TRUE,FALSE,TRUE,52,TRUE,TRUE,38239.24,TRUE,5910840,Trading,TRUE,8.7793,3.066,47,Yes
F2297,19,Male,Benue,Tertiary,Single,0,Crop,1.9,9,TRUE,FALSE,TRUE,42,FALSE,TRUE,10644.28,TRUE,4025601,None,TRUE,9.021,4.9153,37,Yes
F2298,27,Male,Kaduna,Secondary,Married,3,Mixed,4.1,1,TRUE,TRUE,FALSE,46,FALSE,TRUE,0,FALSE,1020276,None,FALSE,6.2596,5.7625,22,No
F2299,31,Male,Kaduna,Primary,Married,1,Livestock,4.5,2,TRUE,TRUE,FALSE,49,TRUE,TRUE,22267.11,TRUE,4885605,None,TRUE,9.9967,4.4269,37,Yes
F2300,25,Male,Kano,None,Married,1,Crop,1.6,6,FALSE,FALSE,TRUE,54,TRUE,FALSE,0,FALSE,2517516,Trading,FALSE,9.4883,4.3841,16,No
F2301,30,Male,Enugu,Primary,Single,0,Crop,1.3,6,FALSE,TRUE,FALSE,51,TRUE,TRUE,76838.16,TRUE,3425805,None,TRUE,8.1631,7.2033,33,Yes
F2302,32,Male,Kano,Tertiary,Married,1,Livestock,3.4,3,FALSE,FALSE,TRUE,94,TRUE,FALSE,0,FALSE,1131120,Trading,FALSE,8.954,6.6746,25,No
F2303,24,Female,Enugu,,Single,0,,4.6,5,TRUE,TRUE,TRUE,61,TRUE,TRUE,,TRUE,0,None,FALSE,9.7718,4.8922,37,Yes
F2304,29,Female,Benue,Tertiary,Single,1,Crop,4.5,6,TRUE,FALSE,FALSE,61,TRUE,TRUE,66041.23,TRUE,5579262,None,TRUE,7.8082,6.1404,49,Yes
F2305,30,Male,Enugu,Secondary,Married,1,Mixed,3.8,1,TRUE,TRUE,TRUE,55,FALSE,TRUE,64246.7,TRUE,4469931,None,TRUE,6.979,4.1773,45,Yes
F2306,30,Female,Kaduna,Primary,Married,2,Crop,2.7,7,FALSE,FALSE,TRUE,70,TRUE,TRUE,55623.66,TRUE,3227688,Trading,TRUE,8.38,6.6019,35,Yes
F2307,21,Female,Kano,Secondary,Married,1,Livestock,3.9,5,TRUE,TRUE,TRUE,35,TRUE,TRUE,0,FALSE,2456694,None,TRUE,6.8116,3.6578,38,Yes
F2308,21,Male,Kaduna,,Single,0,,3.5,5,TRUE,FALSE,FALSE,68,TRUE,FALSE,,FALSE,0,Trading,TRUE,7.1882,4.6201,33,No
F2309,34,Male,Benue,Secondary,Single,0,Livestock,4.3,3,FALSE,FALSE,FALSE,72,TRUE,FALSE,0,FALSE,1947582,None,FALSE,9.7453,5.7122,24,No
F2310,19,Male,Benue,,Single,0,,1.9,2,FALSE,TRUE,TRUE,22,FALSE,TRUE,,TRUE,0,None,TRUE,9.5672,7.9906,33,Yes
F2311,24,Male,Kano,None,Single,0,Livestock,2.1,6,FALSE,FALSE,TRUE,53,TRUE,TRUE,94631.09,TRUE,4610214,None,FALSE,6.0775,5.1457,23,Yes
F2312,22,Male,Oyo,Secondary,Single,0,Crop,3,4,FALSE,FALSE,TRUE,57,TRUE,TRUE,94198.66,TRUE,3504204,Trading,TRUE,6.7262,7.4961,36,Yes
F2313,19,Female,Enugu,Secondary,Married,5,Crop,2.7,9,FALSE,FALSE,FALSE,77,TRUE,TRUE,51367.31,TRUE,5621697,Trading,TRUE,6.7976,3.2347,49,Yes
F2314,19,Female,Benue,Tertiary,Married,1,Livestock,2.7,5,TRUE,TRUE,TRUE,64,TRUE,TRUE,24084.15,TRUE,6184215,None,FALSE,7.5524,3.4258,53,Yes
F2315,24,Female,Enugu,Primary,Single,0,Mixed,2.9,9,FALSE,FALSE,TRUE,50,FALSE,TRUE,0,FALSE,4065390,None,FALSE,8.5437,7.6006,14,No
F2316,18,Male,Kano,Tertiary,Single,0,Crop,4.3,6,TRUE,FALSE,TRUE,63,TRUE,FALSE,0,FALSE,3411558,None,TRUE,7.245,7.0795,36,Yes
F2317,19,Female,Kaduna,Primary,Single,0,Crop,1.9,7,FALSE,FALSE,FALSE,42,FALSE,TRUE,56830.58,TRUE,3838500,None,TRUE,9.5043,7.125,28,No
F2318,27,Male,Oyo,Primary,Married,1,Mixed,2.2,5,TRUE,FALSE,TRUE,82,TRUE,TRUE,72660.53,TRUE,4393368,None,FALSE,9.8308,6.4449,39,Yes
F2319,33,Female,Kano,Secondary,Married,4,Crop,3.9,3,TRUE,TRUE,TRUE,39,FALSE,FALSE,0,FALSE,2889117,Trading,FALSE,6.6929,6.61,32,No
F2320,22,Male,Enugu,Primary,Single,0,Crop,1.9,1,FALSE,FALSE,TRUE,50,TRUE,TRUE,16052.18,TRUE,3749670,None,TRUE,7.2514,7.1664,31,Yes
F2321,35,Female,Oyo,Secondary,Married,1,Livestock,1.8,3,FALSE,FALSE,TRUE,38,TRUE,TRUE,0,FALSE,2080098,Trading,FALSE,7.0692,6.0488,22,No
F2322,20,Female,Oyo,Primary,Single,0,Crop,4.2,9,TRUE,TRUE,TRUE,38,FALSE,TRUE,0,FALSE,2558664,Trading,TRUE,6.0842,6.7832,24,No
F2323,26,Female,Enugu,Primary,Married,1,Crop,3.3,9,TRUE,TRUE,FALSE,51,TRUE,TRUE,22434.49,TRUE,6224247,None,TRUE,9.0885,5.4177,36,Yes
F2324,24,Female,Enugu,Primary,Single,0,Mixed,1.3,4,FALSE,TRUE,TRUE,62,TRUE,TRUE,49510.03,TRUE,4034790,None,FALSE,6.5101,5.4191,36,Yes
F2325,34,Male,Oyo,Primary,Single,1,Crop,2.8,6,TRUE,FALSE,TRUE,51,TRUE,TRUE,20091.15,TRUE,3417291,None,TRUE,7.5725,4.0371,41,Yes
F2326,24,Male,Benue,Tertiary,Single,0,Mixed,2.8,4,FALSE,FALSE,FALSE,59,TRUE,TRUE,47522.57,TRUE,4782384,Trading,TRUE,9.3247,4.7086,38,Yes
F2327,32,Female,Enugu,Tertiary,Single,0,Crop,4.6,7,TRUE,TRUE,TRUE,64,TRUE,FALSE,0,FALSE,3149577,None,FALSE,8.8657,4.6962,38,Yes
F2328,31,Female,Kano,Secondary,Married,3,Crop,2.7,6,FALSE,FALSE,TRUE,68,FALSE,TRUE,0,FALSE,900000,None,TRUE,6.036,7.1472,31,No
F2329,19,Female,Kaduna,Primary,Single,0,Livestock,1.2,5,TRUE,TRUE,TRUE,44,TRUE,TRUE,34185.29,TRUE,4979610,None,FALSE,9.0306,7.198,32,Yes
F2330,28,Female,Kaduna,Secondary,Single,0,Mixed,4.4,9,FALSE,TRUE,FALSE,40,TRUE,TRUE,83176.15,TRUE,4028976,None,TRUE,9.7908,6.2953,40,Yes
F2331,24,Female,Benue,Secondary,Married,3,Crop,3.3,4,FALSE,FALSE,TRUE,40,TRUE,TRUE,94744.17,TRUE,4067658,Trading,TRUE,9.7446,7.26,38,Yes
F2332,34,Female,Oyo,Tertiary,Married,2,Crop,3.2,9,TRUE,TRUE,FALSE,75,FALSE,TRUE,76005.22,TRUE,4942647,None,FALSE,8.4458,3.8902,45,Yes
F2333,20,Male,Kaduna,,Single,0,,4.5,4,FALSE,FALSE,TRUE,81,TRUE,TRUE,,TRUE,0,None,FALSE,7.1006,4.7314,30,Yes
F2334,20,Male,Kano,Secondary,Single,0,Livestock,2.6,9,TRUE,FALSE,TRUE,54,FALSE,TRUE,70188.82,TRUE,5772906,Trading,FALSE,6.911,5.8245,32,Yes
F2335,35,Female,Benue,Tertiary,Married,2,Crop,1.3,9,TRUE,FALSE,FALSE,77,TRUE,FALSE,0,FALSE,3470661,None,FALSE,6.378,4.732,26,No
F2336,33,Male,Kano,Primary,Single,1,Livestock,1.1,8,FALSE,TRUE,TRUE,73,TRUE,FALSE,0,FALSE,2466045,None,TRUE,9.9154,5.7204,23,No
F2337,19,Male,Kano,Tertiary,Single,0,Crop,5,5,TRUE,TRUE,TRUE,38,FALSE,TRUE,65490.73,TRUE,2084292,Trading,TRUE,9.9381,5.6778,43,Yes
F2338,21,Male,Enugu,Tertiary,Married,6,Livestock,2.2,3,TRUE,TRUE,TRUE,51,TRUE,TRUE,0,FALSE,2419227,Trading,FALSE,7.1671,3.5868,34,No
F2339,20,Male,Benue,Primary,Single,0,Crop,1.2,1,FALSE,TRUE,TRUE,28,FALSE,TRUE,42640.26,TRUE,4637232,Trading,FALSE,6.3619,7.2209,23,No
F2340,32,Female,Benue,Primary,Single,2,Crop,2.1,6,TRUE,TRUE,TRUE,42,FALSE,TRUE,47021.31,TRUE,4361292,None,FALSE,8.6251,6.9085,35,Yes
F2341,35,Male,Oyo,Primary,Married,0,Mixed,4.8,9,FALSE,TRUE,TRUE,89,TRUE,TRUE,52026.94,TRUE,3767913,None,FALSE,6.4767,6.9983,32,Yes
F2342,29,Female,Benue,Tertiary,Married,0,Livestock,1.9,8,FALSE,FALSE,TRUE,49,TRUE,TRUE,38288.91,TRUE,4326939,Trading,FALSE,6.1061,7.5361,34,Yes
F2343,30,Female,Benue,None,Married,0,Livestock,4,3,TRUE,TRUE,TRUE,49,FALSE,TRUE,0,FALSE,1194147,Remittances,FALSE,9.5077,6.7281,13,No
F2344,29,Male,Kano,Secondary,Single,0,Livestock,3.6,3,FALSE,TRUE,TRUE,48,FALSE,TRUE,42187.71,TRUE,4764933,Trading,FALSE,8.9633,3.7002,33,Yes
F2345,35,Male,Kano,Tertiary,Married,1,Crop,2.3,6,TRUE,FALSE,TRUE,48,TRUE,TRUE,0,FALSE,2272878,None,FALSE,9.5759,6.7651,25,No
F2346,34,Female,Oyo,,Single,3,,3.1,2,TRUE,FALSE,FALSE,41,FALSE,TRUE,,TRUE,0,None,FALSE,9.2837,4.4474,31,No
F2347,18,Female,Benue,Tertiary,Married,3,Mixed,2.1,7,TRUE,TRUE,TRUE,79,TRUE,FALSE,0,FALSE,1405521,Trading,FALSE,9.5803,5.4112,36,No
F2348,29,Male,Benue,Secondary,Married,1,Crop,3.3,2,TRUE,TRUE,TRUE,74,TRUE,FALSE,0,FALSE,2852910,None,FALSE,8.2461,7.3819,42,Yes
F2349,26,Female,Kano,Tertiary,Married,1,Livestock,4.7,9,FALSE,TRUE,FALSE,40,FALSE,TRUE,0,FALSE,1964889,None,FALSE,6.2469,6.9333,13,No
F2350,31,Female,Enugu,None,Married,0,Crop,2.2,9,TRUE,TRUE,TRUE,80,TRUE,TRUE,18500.06,TRUE,4637079,Remittances,FALSE,7.1213,7.5874,37,Yes
F2351,34,Male,Kaduna,Secondary,Single,1,Mixed,1.4,9,TRUE,FALSE,FALSE,68,FALSE,TRUE,84146.78,TRUE,3783519,None,TRUE,8.2932,5.6081,42,Yes
F2352,21,Male,Kaduna,Secondary,Married,2,Crop,3.4,2,TRUE,FALSE,TRUE,44,FALSE,FALSE,0,FALSE,900000,None,TRUE,9.7666,7.5292,28,No
F2353,21,Female,Benue,Tertiary,Married,2,Crop,3.8,7,TRUE,FALSE,TRUE,45,TRUE,TRUE,59209.96,TRUE,4250394,Trading,TRUE,7.2627,3.3012,45,Yes
F2354,33,Male,Kano,Tertiary,Married,2,Livestock,4.4,1,FALSE,FALSE,TRUE,46,FALSE,FALSE,0,FALSE,2060415,None,TRUE,7.9919,5.6201,24,No
F2355,23,Male,Enugu,None,Single,0,Crop,4.9,2,FALSE,TRUE,TRUE,78,TRUE,TRUE,0,FALSE,2073330,None,TRUE,8.3675,5.2016,25,No
F2356,34,Male,Enugu,Primary,Married,3,Crop,3.2,7,TRUE,FALSE,FALSE,84,TRUE,TRUE,47792.56,TRUE,5838993,Trading,FALSE,9.2056,5.2165,26,Yes
F2357,19,Female,Oyo,Secondary,Single,0,Livestock,3.9,4,FALSE,TRUE,TRUE,74,TRUE,TRUE,83031.13,TRUE,3168549,Trading,FALSE,7.5736,6.0296,47,Yes
F2358,30,Male,Kaduna,Primary,Married,2,Livestock,5,9,FALSE,TRUE,TRUE,61,TRUE,TRUE,60838.24,TRUE,4189563,Remittances,FALSE,7.376,3.677,41,Yes
F2359,22,Female,Oyo,Primary,Single,0,Crop,2.8,4,TRUE,FALSE,TRUE,42,FALSE,TRUE,23973.12,TRUE,4937607,Trading,FALSE,8.3901,3.5808,23,Yes
F2360,32,Male,Kano,Primary,Married,4,Livestock,1.7,6,FALSE,TRUE,TRUE,66,TRUE,TRUE,95374.31,TRUE,4265064,Remittances,FALSE,9.933,6.2797,31,Yes
F2361,26,Male,Kaduna,Secondary,Married,4,Livestock,1.3,3,FALSE,FALSE,TRUE,43,FALSE,TRUE,19943.85,TRUE,4031775,Trading,TRUE,8.8838,3.2129,37,Yes
F2362,29,Male,Kaduna,Primary,Single,0,Crop,2,1,FALSE,FALSE,TRUE,57,TRUE,TRUE,36848.94,TRUE,3654783,None,TRUE,7.2496,3.3892,28,Yes
F2363,21,Female,Kano,Secondary,Single,0,Crop,2.9,4,FALSE,TRUE,FALSE,63,FALSE,TRUE,33179.26,TRUE,3273561,None,TRUE,8.154,4.8295,36,Yes
F2364,28,Male,Kaduna,Primary,Married,0,Mixed,4.4,6,TRUE,TRUE,TRUE,46,FALSE,TRUE,48835.66,TRUE,3630051,None,TRUE,8.9783,6.934,33,Yes
F2365,22,Female,Benue,,Married,2,,3.1,9,FALSE,FALSE,TRUE,73,TRUE,TRUE,,TRUE,0,Trading,TRUE,8.0361,7.0329,38,Yes
F2366,32,Male,Enugu,Primary,Married,1,Livestock,4.1,2,TRUE,FALSE,FALSE,22,FALSE,FALSE,0,FALSE,2699631,None,TRUE,6.5453,3.1066,10,No
F2367,27,Male,Oyo,Tertiary,Single,0,Crop,2.3,6,TRUE,FALSE,FALSE,67,TRUE,FALSE,0,FALSE,900000,None,TRUE,7.3811,6.0006,29,No
F2368,27,Female,Oyo,Tertiary,Married,5,Livestock,2.4,3,TRUE,FALSE,TRUE,53,TRUE,TRUE,93468.25,TRUE,3699225,None,TRUE,6.0749,4.5856,44,Yes
F2369,19,Female,Kaduna,Primary,Married,3,Crop,2.6,7,TRUE,FALSE,TRUE,55,TRUE,TRUE,38442.18,TRUE,5294700,None,TRUE,8.6901,5.4347,32,Yes
F2370,28,Male,Benue,Primary,Married,0,Mixed,4.9,4,TRUE,TRUE,TRUE,41,FALSE,TRUE,49089.85,TRUE,4469400,Trading,TRUE,8.0374,6.2673,32,Yes
F2371,20,Female,Kano,Primary,Married,3,Crop,1.6,1,TRUE,TRUE,TRUE,48,TRUE,TRUE,30670.87,TRUE,4136256,None,FALSE,7.8016,7.1359,33,Yes
F2372,28,Female,Benue,Tertiary,Single,0,Crop,3.5,9,TRUE,FALSE,TRUE,54,TRUE,TRUE,21012.23,TRUE,6141042,Trading,TRUE,9.3645,4.1818,48,Yes
F2373,25,Female,Kaduna,Secondary,Single,0,Crop,3.7,1,TRUE,TRUE,TRUE,68,FALSE,TRUE,0,FALSE,2478672,None,FALSE,7.1318,5.7621,31,No
F2374,34,Male,Oyo,Secondary,Single,0,Crop,4.7,8,TRUE,TRUE,TRUE,52,TRUE,TRUE,95817.7,TRUE,4623255,None,TRUE,8.1571,6.2308,47,Yes
F2375,32,Female,Kaduna,Primary,Married,0,Crop,3.3,6,TRUE,TRUE,TRUE,77,TRUE,TRUE,31390.67,TRUE,3488490,None,TRUE,8.2167,3.4661,45,Yes
F2376,22,Male,Kaduna,Secondary,Married,1,Livestock,2.4,1,TRUE,FALSE,FALSE,95,TRUE,TRUE,53882.36,TRUE,4520421,None,FALSE,8.1905,7.9847,41,Yes
F2377,20,Male,Kano,Tertiary,Single,0,Crop,4.1,4,TRUE,FALSE,TRUE,68,TRUE,TRUE,12109.14,TRUE,3551886,None,FALSE,9.8184,7.3718,44,Yes
F2378,27,Male,Kaduna,None,Single,0,Mixed,3.8,1,TRUE,FALSE,TRUE,92,TRUE,TRUE,87410.37,TRUE,3541752,None,FALSE,6.4281,5.2958,38,Yes
F2379,30,Male,Enugu,Tertiary,Married,0,Crop,2,7,TRUE,FALSE,FALSE,43,TRUE,TRUE,77048.67,TRUE,3514599,None,TRUE,7.9154,6.4736,38,Yes
F2380,24,Female,Kaduna,Secondary,Single,0,Crop,1.7,7,TRUE,FALSE,FALSE,75,TRUE,TRUE,37077.27,TRUE,4929867,None,FALSE,6.7241,3.7712,39,Yes
F2381,28,Female,Oyo,Secondary,Married,3,Livestock,1.1,1,FALSE,FALSE,TRUE,37,FALSE,TRUE,90811.4,TRUE,4744917,None,TRUE,8.6548,3.5132,33,Yes
F2382,30,Male,Enugu,,Married,5,,1.1,3,TRUE,FALSE,FALSE,89,TRUE,TRUE,,TRUE,0,None,FALSE,8.4253,7.0663,45,Yes
F2383,23,Female,Kaduna,None,Single,0,Crop,3.8,5,TRUE,TRUE,TRUE,40,FALSE,FALSE,0,FALSE,1285911,None,TRUE,7.5487,6.6781,16,No
F2384,30,Male,Kano,Secondary,Married,1,Mixed,2.8,7,TRUE,FALSE,TRUE,52,FALSE,TRUE,96627.85,TRUE,4090617,None,TRUE,7.6617,6.4635,37,Yes
F2385,26,Female,Enugu,Secondary,Married,1,Livestock,1.6,9,TRUE,FALSE,TRUE,71,TRUE,FALSE,0,FALSE,900000,None,FALSE,8.8726,3.1779,30,No
F2386,19,Male,Oyo,Secondary,Married,5,Crop,3.1,4,TRUE,TRUE,TRUE,49,FALSE,TRUE,34287.92,TRUE,3618729,None,FALSE,6.1538,5.4843,43,Yes
F2387,24,Male,Kaduna,Secondary,Single,0,Crop,2.1,1,TRUE,FALSE,TRUE,63,FALSE,TRUE,0,FALSE,2869614,None,FALSE,9.665,5.0298,30,No
F2388,24,Female,Oyo,Primary,Single,0,Crop,3,5,TRUE,TRUE,TRUE,33,FALSE,TRUE,41159.02,TRUE,3137598,None,FALSE,7.8338,3.2452,29,Yes
F2389,32,Male,Kano,Tertiary,Married,1,Crop,4.4,9,TRUE,FALSE,TRUE,89,TRUE,TRUE,61232.39,TRUE,3599271,None,FALSE,9.5374,5.3907,42,Yes
F2390,35,Female,Enugu,None,Married,3,Crop,2.5,4,FALSE,FALSE,FALSE,52,FALSE,FALSE,0,FALSE,2500164,None,FALSE,8.3986,6.4782,7,No
F2391,28,Female,Enugu,Secondary,Single,0,Mixed,4,4,TRUE,FALSE,TRUE,62,FALSE,TRUE,73373.59,TRUE,4591260,None,FALSE,8.4064,5.6916,37,Yes
F2392,35,Male,Benue,Tertiary,Married,3,Crop,1.6,1,TRUE,FALSE,TRUE,68,TRUE,TRUE,65228.59,TRUE,3443553,None,FALSE,8.1181,4.4473,45,Yes
F2393,31,Male,Enugu,Primary,Married,2,Livestock,4.8,9,FALSE,TRUE,TRUE,33,FALSE,TRUE,91092.54,TRUE,5780097,None,TRUE,9.1068,3.3533,29,Yes
F2394,31,Female,Oyo,Secondary,Married,3,Mixed,3.1,6,FALSE,TRUE,TRUE,65,TRUE,TRUE,79504.9,TRUE,3929121,None,FALSE,6.2018,5.8274,42,Yes
F2395,28,Male,Kano,Primary,Single,0,Crop,1.5,8,TRUE,FALSE,TRUE,48,FALSE,TRUE,46607.35,TRUE,4507299,Trading,FALSE,9.7279,4.2844,24,Yes
F2396,29,Male,Benue,Secondary,Married,1,Livestock,1.6,1,FALSE,TRUE,TRUE,43,FALSE,TRUE,44802.52,TRUE,3477213,Trading,FALSE,7.4757,3.2744,35,Yes
F2397,22,Male,Oyo,Secondary,Married,4,Livestock,2.9,9,FALSE,TRUE,TRUE,59,TRUE,TRUE,83406.66,TRUE,4180032,None,TRUE,9.2442,7.546,48,Yes
F2398,31,Female,Kaduna,None,Married,2,Crop,3.7,1,TRUE,TRUE,FALSE,61,FALSE,TRUE,61650.66,TRUE,4938174,None,FALSE,9.9534,3.8612,29,No
F2399,24,Male,Benue,Tertiary,Married,4,Livestock,2.9,3,TRUE,FALSE,FALSE,34,FALSE,TRUE,21236.67,TRUE,4472055,None,FALSE,7.0895,3.1126,26,No
F2400,24,Female,Kano,Primary,Married,0,Crop,5,5,TRUE,TRUE,TRUE,80,TRUE,TRUE,61727.8,TRUE,3572361,Remittances,FALSE,7.6394,4.9482,39,Yes
F2401,19,Female,Benue,None,Married,2,Crop,4.9,1,FALSE,TRUE,TRUE,87,TRUE,TRUE,31748.29,TRUE,4200984,None,TRUE,6.1167,6.6797,44,Yes
F2402,18,Female,Kaduna,Primary,Single,0,Crop,3.8,9,FALSE,FALSE,TRUE,29,FALSE,TRUE,0,FALSE,1340298,None,FALSE,6.5467,3.342,5,No
F2403,35,Female,Enugu,Secondary,Married,1,Mixed,4.6,9,FALSE,FALSE,TRUE,85,TRUE,TRUE,0,FALSE,1315935,None,FALSE,7.6267,7.8615,31,No
F2404,31,Male,Benue,Secondary,Single,2,Livestock,4.5,1,FALSE,FALSE,TRUE,51,FALSE,FALSE,0,FALSE,1499040,None,FALSE,6.0398,7.9332,15,No
F2405,29,Male,Enugu,Tertiary,Married,1,Crop,2.3,2,TRUE,TRUE,TRUE,84,TRUE,TRUE,59852.15,TRUE,4345857,None,FALSE,6.7706,6.7692,48,Yes
F2406,18,Male,Kaduna,Secondary,Single,0,Livestock,2.6,7,FALSE,TRUE,TRUE,79,TRUE,TRUE,23620.63,TRUE,5546340,Trading,TRUE,9.5386,4.8724,53,Yes
F2407,29,Female,Enugu,Primary,Married,1,Livestock,3.6,1,FALSE,FALSE,TRUE,65,FALSE,FALSE,0,FALSE,2006451,None,TRUE,8.1653,7.7822,12,No
F2408,26,Female,Kaduna,Tertiary,Married,5,Mixed,1.2,8,FALSE,FALSE,FALSE,73,TRUE,FALSE,0,FALSE,2530296,Trading,TRUE,8.1221,6.1499,31,No
F2409,34,Female,Kano,Primary,Married,2,Crop,4.5,8,TRUE,TRUE,TRUE,55,TRUE,TRUE,80591.27,TRUE,5242293,Trading,FALSE,7.517,6.6723,35,Yes
F2410,32,Female,Enugu,Secondary,Single,1,Crop,3.4,4,TRUE,TRUE,TRUE,62,TRUE,TRUE,93953.24,TRUE,5560488,Remittances,TRUE,8.44,6.7261,58,Yes
F2411,18,Male,Oyo,Primary,Married,4,Livestock,3.5,8,TRUE,FALSE,FALSE,30,FALSE,TRUE,20267.66,TRUE,2791404,Trading,FALSE,9.4704,5.5705,18,No
F2412,31,Female,Benue,Tertiary,Married,1,Crop,4.8,8,TRUE,FALSE,FALSE,45,TRUE,TRUE,51062.33,TRUE,4884561,Trading,FALSE,9.933,5.1881,39,Yes
F2413,22,Male,Oyo,Primary,Married,3,Crop,1.2,6,TRUE,FALSE,FALSE,23,FALSE,FALSE,0,FALSE,1118547,Trading,FALSE,6.2554,7.3304,2,No
F2414,34,Male,Oyo,Secondary,Married,2,Crop,1.4,5,FALSE,FALSE,TRUE,83,TRUE,TRUE,0,FALSE,2693124,Trading,FALSE,7.3014,4.6113,31,No
F2415,34,Male,Benue,Secondary,Married,2,Livestock,3.1,2,FALSE,TRUE,TRUE,37,FALSE,TRUE,16200.76,TRUE,5262498,None,FALSE,8.6718,4.924,32,Yes
F2416,20,Female,Enugu,Secondary,Single,0,Mixed,3.7,4,FALSE,TRUE,TRUE,44,FALSE,TRUE,70113.51,TRUE,4190571,Trading,FALSE,7.8514,4.2965,33,Yes
F2417,22,Male,Oyo,Secondary,Single,0,Livestock,4.8,2,TRUE,TRUE,TRUE,61,FALSE,TRUE,95181.66,TRUE,4439025,None,FALSE,9.6328,3.896,47,Yes
F2418,32,Male,Oyo,Primary,Married,2,Livestock,4.4,6,FALSE,TRUE,FALSE,54,TRUE,TRUE,59234.14,TRUE,5571684,None,FALSE,8.1414,3.9894,26,No
F2419,32,Female,Enugu,Secondary,Married,2,Crop,4.2,9,TRUE,FALSE,TRUE,18,FALSE,TRUE,40701.93,TRUE,3956193,Remittances,FALSE,7.1407,3.4178,37,Yes
F2420,30,Male,Kano,Tertiary,Married,1,Crop,2.1,9,FALSE,FALSE,TRUE,45,TRUE,TRUE,99080.72,TRUE,3681810,Trading,FALSE,9.6542,3.5071,34,Yes
F2421,27,Male,Benue,,Married,2,,3.5,7,TRUE,FALSE,TRUE,42,FALSE,TRUE,,FALSE,0,Trading,FALSE,9.7793,5.5983,23,No
F2422,23,Male,Enugu,Tertiary,Single,0,Crop,1.5,9,TRUE,TRUE,TRUE,68,FALSE,TRUE,77029.19,TRUE,4385205,None,FALSE,7.4527,4.1332,45,Yes
F2423,18,Female,Oyo,Secondary,Single,0,Livestock,2,6,FALSE,TRUE,TRUE,44,FALSE,TRUE,82959.5,TRUE,5523741,None,TRUE,9.2895,7.2263,40,Yes
F2424,19,Male,Kaduna,Primary,Married,3,Livestock,2.7,8,TRUE,TRUE,TRUE,58,TRUE,FALSE,0,FALSE,2849355,Trading,TRUE,8.309,7.3693,27,Yes
F2425,29,Male,Benue,Primary,Married,1,Livestock,4,7,TRUE,TRUE,TRUE,59,FALSE,TRUE,96695.96,TRUE,4202325,None,TRUE,9.0617,3.3799,39,Yes
F2426,26,Female,Enugu,Secondary,Married,1,Crop,4.8,5,FALSE,FALSE,TRUE,42,TRUE,TRUE,70433.43,TRUE,4967055,None,TRUE,6.9065,5.9512,40,Yes
F2427,21,Male,Kaduna,Primary,Single,0,Livestock,3.4,5,FALSE,TRUE,TRUE,61,TRUE,FALSE,0,FALSE,2610108,Trading,TRUE,7.6604,7.245,31,No
F2428,29,Female,Kano,Secondary,Single,2,Crop,1.2,9,TRUE,FALSE,TRUE,31,FALSE,TRUE,93302.66,TRUE,2517030,None,FALSE,6.1813,5.1027,37,Yes
F2429,27,Female,Oyo,Secondary,Married,3,Mixed,3.2,2,FALSE,FALSE,TRUE,30,TRUE,TRUE,0,FALSE,4120308,None,FALSE,7.8415,3.0933,20,No
F2430,27,Male,Kaduna,None,Married,3,Crop,4.5,7,FALSE,FALSE,TRUE,52,TRUE,TRUE,85808.48,TRUE,4778217,None,TRUE,6.8521,3.1768,25,Yes
F2431,24,Female,Oyo,None,Single,0,Crop,3.5,4,FALSE,FALSE,TRUE,47,TRUE,FALSE,0,FALSE,2905785,None,FALSE,6.5186,6.2775,11,No
F2432,24,Male,Kano,Secondary,Single,0,Crop,2.4,3,TRUE,FALSE,TRUE,79,TRUE,TRUE,15127.61,TRUE,4562901,None,TRUE,8.098,5.3191,50,Yes
F2433,18,Male,Kano,Secondary,Single,0,Crop,4,9,FALSE,FALSE,TRUE,52,FALSE,TRUE,74724.8,TRUE,4283370,None,FALSE,9.5609,6.7433,32,Yes
F2434,31,Female,Enugu,Primary,Married,4,Mixed,2.3,6,TRUE,TRUE,TRUE,68,TRUE,TRUE,82448.19,TRUE,2933298,None,FALSE,8.8599,3.5678,36,Yes
F2435,32,Male,Benue,Secondary,Married,6,Livestock,2.8,7,FALSE,FALSE,TRUE,29,FALSE,TRUE,0,FALSE,1525923,Trading,FALSE,9.5157,5.4516,14,No
F2436,29,Female,Enugu,Secondary,Married,3,Mixed,3.5,5,TRUE,FALSE,FALSE,56,TRUE,TRUE,0,FALSE,3014883,None,FALSE,8.8386,5.2338,22,No
F2437,32,Female,Oyo,Primary,Single,1,Mixed,4.1,5,TRUE,TRUE,TRUE,28,FALSE,TRUE,24126.56,TRUE,2987739,Trading,TRUE,9.0808,3.9514,32,Yes
F2438,31,Female,Kano,Primary,Single,2,Crop,4.5,5,FALSE,FALSE,TRUE,91,TRUE,TRUE,77359.23,TRUE,4400397,None,FALSE,7.7491,5.2463,30,Yes
F2439,31,Female,Kaduna,Primary,Married,2,Livestock,1.5,4,TRUE,FALSE,TRUE,68,FALSE,TRUE,0,FALSE,3453462,Trading,TRUE,7.0078,7.0884,28,No
F2440,34,Female,Kaduna,Tertiary,Married,1,Livestock,3.4,8,TRUE,FALSE,FALSE,9,FALSE,TRUE,37239.25,TRUE,4600908,Trading,TRUE,6.2829,7.5162,40,Yes
F2441,19,Female,Benue,Secondary,Single,0,Crop,2.2,8,TRUE,TRUE,TRUE,53,TRUE,TRUE,0,FALSE,3342339,None,TRUE,6.0183,4.7548,41,Yes
F2442,18,Male,Kano,Secondary,Married,1,Livestock,4.3,5,TRUE,FALSE,TRUE,0,FALSE,TRUE,35607.32,TRUE,4380138,None,TRUE,6.046,7.6734,39,Yes
F2443,27,Male,Enugu,Secondary,Single,0,Livestock,4.5,6,TRUE,FALSE,FALSE,81,TRUE,TRUE,36688.38,TRUE,4443075,Trading,FALSE,6.5864,3.1195,45,Yes
F2444,35,Female,Benue,None,Married,2,Livestock,4.4,1,TRUE,FALSE,FALSE,47,FALSE,TRUE,83813.01,TRUE,4497732,None,FALSE,6.4967,7.6565,15,No
F2445,28,Male,Benue,Secondary,Married,3,Crop,1.4,7,FALSE,FALSE,TRUE,66,FALSE,TRUE,36633.26,TRUE,2432997,None,FALSE,7.5821,7.1391,33,No
F2446,33,Male,Oyo,,Married,2,,3.3,6,TRUE,TRUE,TRUE,39,FALSE,TRUE,,TRUE,0,Trading,TRUE,9.7053,6.9669,44,Yes
F2447,28,Female,Benue,Secondary,Single,0,Mixed,2,2,TRUE,TRUE,TRUE,56,TRUE,TRUE,13957.26,TRUE,4607388,Remittances,FALSE,7.4071,7.1026,50,Yes
F2448,26,Male,Enugu,Primary,Married,1,Mixed,4,3,FALSE,FALSE,TRUE,64,FALSE,TRUE,29360.13,TRUE,4683645,None,FALSE,7.3805,4.4986,24,No
F2449,33,Male,Kano,Secondary,Married,3,Crop,2.1,4,FALSE,FALSE,TRUE,40,FALSE,TRUE,21168.95,TRUE,4994370,Trading,TRUE,9.0735,7.1435,38,Yes
F2450,19,Male,Kaduna,Secondary,Married,3,Livestock,4.1,4,FALSE,FALSE,TRUE,76,TRUE,TRUE,0,FALSE,1603242,None,FALSE,8.0234,5.5232,31,No
F2451,18,Female,Benue,,Single,0,,1.7,7,FALSE,FALSE,TRUE,25,TRUE,TRUE,,TRUE,0,None,TRUE,6.9906,4.387,33,Yes
F2452,20,Female,Kaduna,Tertiary,Married,5,Livestock,1.6,7,TRUE,TRUE,TRUE,61,FALSE,TRUE,42118.03,TRUE,4015746,None,TRUE,8.4399,4.8957,49,Yes
F2453,23,Female,Kaduna,Primary,Single,0,Crop,2.9,4,TRUE,FALSE,TRUE,71,TRUE,TRUE,0,FALSE,3066948,None,TRUE,7.6107,5.0229,27,Yes
F2454,34,Female,Kaduna,Secondary,Single,2,Mixed,1.8,3,FALSE,FALSE,TRUE,84,TRUE,TRUE,35693.42,TRUE,4569984,None,FALSE,8.3345,7.4786,39,Yes
F2455,23,Female,Oyo,Secondary,Single,0,Crop,4.7,7,FALSE,FALSE,TRUE,77,TRUE,TRUE,36209.14,TRUE,3440025,None,FALSE,8.0873,7.8808,38,Yes
F2456,28,Male,Kano,Secondary,Married,3,Livestock,2.5,4,TRUE,TRUE,TRUE,36,FALSE,TRUE,58760.1,TRUE,5127840,None,FALSE,9.0565,3.5659,38,Yes
F2457,24,Female,Benue,Primary,Married,5,Livestock,4.5,8,TRUE,TRUE,TRUE,45,TRUE,FALSE,0,FALSE,5123709,Trading,FALSE,6.3139,4.9419,24,No
F2458,22,Female,Benue,Secondary,Single,0,Crop,2.5,5,FALSE,FALSE,TRUE,46,TRUE,TRUE,0,FALSE,2548998,None,FALSE,9.2942,3.7509,21,No
F2459,33,Female,Benue,Secondary,Married,3,Crop,4.8,9,FALSE,FALSE,FALSE,75,TRUE,TRUE,18794.1,TRUE,3977145,None,TRUE,9.2737,4.7777,37,Yes
F2460,27,Female,Kaduna,Secondary,Married,2,Crop,3.3,8,FALSE,FALSE,TRUE,44,FALSE,TRUE,0,FALSE,1599939,Remittances,FALSE,7.3297,3.9248,15,No
F2461,18,Female,Kano,Secondary,Married,3,Livestock,2.8,4,TRUE,FALSE,TRUE,56,TRUE,FALSE,0,FALSE,2549142,None,TRUE,8.6954,3.2481,37,Yes
F2462,19,Male,Kano,Primary,Single,0,Crop,4.3,4,FALSE,TRUE,TRUE,54,TRUE,TRUE,97360.67,TRUE,2600505,None,FALSE,9.4103,7.5455,30,Yes
F2463,21,Male,Kano,Primary,Married,3,Crop,1.4,6,TRUE,TRUE,FALSE,60,FALSE,TRUE,48841.02,TRUE,4922829,Remittances,TRUE,8.7761,6.238,34,Yes
F2464,28,Male,Oyo,Primary,Single,0,Livestock,4.3,3,TRUE,TRUE,TRUE,44,TRUE,TRUE,0,FALSE,1995273,None,TRUE,9.6408,7.6225,30,Yes
F2465,34,Female,Enugu,Primary,Married,0,Crop,3.9,2,FALSE,TRUE,TRUE,43,FALSE,TRUE,74141.52,TRUE,5620428,None,TRUE,9.5254,4.0237,32,Yes
F2466,18,Male,Kaduna,Primary,Single,0,Crop,3.8,5,FALSE,FALSE,FALSE,60,TRUE,FALSE,0,FALSE,3080331,Remittances,FALSE,9.4266,4.5676,9,No
F2467,23,Male,Kaduna,Secondary,Single,0,Livestock,1.6,2,TRUE,TRUE,TRUE,14,FALSE,FALSE,0,FALSE,2677221,None,TRUE,7.8757,5.2043,37,No
F2468,26,Male,Kaduna,None,Single,0,Crop,1.1,5,TRUE,TRUE,FALSE,26,FALSE,FALSE,0,FALSE,2359881,Trading,FALSE,7.4173,4.1554,12,No
F2469,18,Male,Benue,Primary,Married,3,Crop,4.8,6,FALSE,TRUE,TRUE,67,TRUE,TRUE,0,FALSE,2702601,Trading,TRUE,7.3209,7.5261,33,Yes
F2470,29,Female,Kano,Primary,Single,0,Crop,1.8,8,TRUE,FALSE,TRUE,73,TRUE,TRUE,70302.32,TRUE,3107871,None,FALSE,9.1789,6.024,32,Yes
F2471,35,Male,Benue,Tertiary,Married,2,Crop,1.9,8,TRUE,TRUE,TRUE,49,TRUE,TRUE,71706.28,TRUE,4669254,None,FALSE,7.5586,5.3473,47,Yes
F2472,23,Male,Benue,Primary,Married,1,Livestock,3.3,1,TRUE,FALSE,TRUE,68,TRUE,TRUE,78175.08,TRUE,5632038,None,TRUE,6.1167,6.1927,37,Yes
F2473,25,Female,Enugu,Secondary,Married,1,Crop,3.5,4,FALSE,TRUE,TRUE,50,TRUE,FALSE,0,FALSE,2897388,None,FALSE,9.1977,7.0579,28,No
F2474,21,Male,Enugu,Secondary,Married,3,Crop,1.7,1,TRUE,TRUE,TRUE,63,TRUE,FALSE,0,FALSE,2286000,None,FALSE,8.4712,3.6984,33,No
F2475,28,Female,Benue,Tertiary,Single,0,Livestock,4.2,1,FALSE,FALSE,TRUE,70,TRUE,TRUE,50074.17,TRUE,3599172,Trading,TRUE,7.7413,5.6327,45,Yes
F2476,18,Female,Kaduna,Primary,Single,0,Crop,1.7,2,FALSE,TRUE,TRUE,43,TRUE,TRUE,52829.54,TRUE,4423320,None,TRUE,8.3002,4.3041,36,Yes
F2477,26,Male,Enugu,Primary,Married,0,Livestock,4.2,3,TRUE,TRUE,FALSE,51,TRUE,TRUE,25944.56,TRUE,5346270,Trading,FALSE,9.7344,7.359,30,Yes
F2478,22,Male,Oyo,Secondary,Single,0,Crop,3.6,4,TRUE,FALSE,TRUE,64,TRUE,FALSE,0,FALSE,2595141,Trading,FALSE,7.2361,7.6492,29,No
F2479,20,Female,Oyo,None,Single,0,Livestock,4.4,9,TRUE,TRUE,TRUE,53,FALSE,TRUE,0,FALSE,1614069,None,TRUE,7.4691,6.0393,18,No
F2480,30,Female,Oyo,Primary,Married,3,Mixed,2.6,4,FALSE,FALSE,TRUE,72,TRUE,TRUE,53510.53,TRUE,4199373,Remittances,FALSE,7.9142,7.2839,28,Yes
F2481,23,Female,Benue,Secondary,Single,0,Mixed,4.5,7,TRUE,FALSE,FALSE,60,TRUE,FALSE,0,FALSE,1866879,Remittances,FALSE,6.8689,3.3333,27,No
F2482,19,Female,Oyo,Primary,Married,2,Livestock,1.7,1,TRUE,TRUE,TRUE,74,TRUE,TRUE,62757.34,TRUE,4832640,None,FALSE,8.468,7.7135,37,Yes
F2483,27,Male,Benue,None,Single,0,Crop,3.8,9,FALSE,TRUE,TRUE,53,FALSE,TRUE,25452.8,TRUE,3714003,Trading,TRUE,6.6633,3.1927,30,Yes
F2484,30,Female,Kano,Tertiary,Single,0,Livestock,3.1,1,TRUE,TRUE,FALSE,2,FALSE,TRUE,0,FALSE,2360943,Trading,FALSE,8.2223,6.3594,23,No
F2485,22,Female,Oyo,Primary,Married,2,Livestock,4.5,4,FALSE,TRUE,FALSE,84,TRUE,TRUE,26916.3,TRUE,4518513,None,TRUE,6.7261,4.2958,38,Yes
F2486,35,Male,Oyo,Secondary,Married,3,Mixed,4,5,TRUE,TRUE,FALSE,49,FALSE,TRUE,84604.49,TRUE,2489391,None,TRUE,6.1782,6.1449,40,Yes
F2487,25,Male,Enugu,Secondary,Married,1,Crop,4.1,3,TRUE,TRUE,FALSE,75,TRUE,TRUE,58415.51,TRUE,4309965,Trading,FALSE,9.104,3.5633,44,Yes
F2488,26,Female,Kano,Secondary,Single,0,Livestock,3.7,7,FALSE,FALSE,TRUE,54,FALSE,TRUE,0,FALSE,1729314,None,FALSE,8.3462,7.3408,19,No
F2489,34,Male,Oyo,Tertiary,Married,2,Crop,2.1,7,TRUE,TRUE,TRUE,34,FALSE,FALSE,0,FALSE,2443509,None,TRUE,8.989,4.8143,27,No
F2490,24,Female,Oyo,Secondary,Single,0,Crop,1.5,6,TRUE,TRUE,FALSE,37,FALSE,TRUE,27471.11,TRUE,4087161,None,FALSE,6.1225,6.4833,37,Yes
F2491,19,Male,Kaduna,Tertiary,Single,0,Mixed,2.1,9,TRUE,TRUE,TRUE,61,TRUE,TRUE,60579.14,TRUE,4936023,Trading,FALSE,8.0422,3.5661,50,Yes
F2492,24,Female,Kano,Secondary,Single,0,Livestock,3.8,2,FALSE,TRUE,TRUE,56,FALSE,FALSE,0,FALSE,3022812,None,TRUE,8.1727,3.4737,26,No
F2493,19,Male,Enugu,Secondary,Married,2,Mixed,2.1,8,TRUE,FALSE,TRUE,54,FALSE,TRUE,56034.68,TRUE,4262247,Remittances,TRUE,8.3898,7.2285,41,Yes
F2494,30,Female,Enugu,Secondary,Married,4,Crop,3.4,1,FALSE,FALSE,FALSE,69,TRUE,TRUE,70492.74,TRUE,4463505,None,TRUE,6.4681,3.0676,41,Yes
F2495,19,Female,Kano,Secondary,Single,0,Mixed,3.2,4,TRUE,TRUE,TRUE,46,FALSE,TRUE,94823.99,TRUE,6536817,None,TRUE,8.493,5.1447,47,Yes
F2496,26,Female,Oyo,Primary,Single,0,Crop,4.3,8,TRUE,TRUE,TRUE,5,FALSE,FALSE,0,FALSE,2505114,None,TRUE,8.824,5.272,24,No
F2497,28,Female,Oyo,Secondary,Married,2,Livestock,2.1,3,TRUE,FALSE,FALSE,66,FALSE,TRUE,53040.36,TRUE,5607873,Trading,TRUE,7.5374,4.0872,44,Yes
F2498,33,Male,Enugu,Secondary,Married,3,Crop,4.1,8,TRUE,TRUE,TRUE,81,TRUE,TRUE,48419.02,TRUE,4354749,None,FALSE,9.8469,3.3674,51,Yes
F2499,28,Female,Oyo,Tertiary,Married,2,Crop,4.7,5,TRUE,FALSE,TRUE,56,FALSE,TRUE,96559.45,TRUE,4447161,Trading,FALSE,8.4373,5.066,35,Yes
F2500,24,Male,Benue,Primary,Married,1,Crop,4.5,2,TRUE,FALSE,FALSE,54,TRUE,TRUE,0,FALSE,2138364,Trading,TRUE,9.7618,3.054,16,No
F2501,30,Male,Oyo,Tertiary,Single,2,Livestock,3.9,3,FALSE,TRUE,TRUE,62,TRUE,TRUE,74889.16,TRUE,4230990,Trading,FALSE,9.2825,5.2896,44,Yes
F2502,29,Male,Enugu,Primary,Single,1,Crop,4.1,1,FALSE,FALSE,TRUE,47,TRUE,TRUE,86047.38,TRUE,4416174,None,TRUE,7.6899,6.775,29,Yes
F2503,30,Female,Enugu,Primary,Married,0,Livestock,4.5,7,FALSE,TRUE,TRUE,74,TRUE,TRUE,53976.31,TRUE,5002362,Trading,FALSE,8.5358,6.6079,35,Yes
F2504,20,Male,Oyo,Primary,Single,0,Livestock,1.1,8,TRUE,TRUE,FALSE,67,FALSE,TRUE,0,FALSE,2307096,Trading,FALSE,9.3566,5.7185,15,No
F2505,34,Male,Kaduna,,Married,2,,1.9,8,FALSE,TRUE,FALSE,93,TRUE,TRUE,,TRUE,0,None,TRUE,9.0812,3.9541,45,Yes
F2506,28,Female,Kano,,Married,2,,1.7,3,FALSE,TRUE,TRUE,12,FALSE,TRUE,,TRUE,0,Trading,TRUE,8.5742,3.9619,42,Yes
F2507,25,Female,Enugu,Secondary,Married,2,Mixed,3,2,TRUE,TRUE,TRUE,75,TRUE,TRUE,63742.38,TRUE,4725837,None,FALSE,6.7556,3.1037,53,Yes
F2508,27,Male,Benue,Primary,Single,0,Livestock,2.6,7,TRUE,FALSE,TRUE,45,FALSE,TRUE,67871.06,TRUE,5061798,None,FALSE,8.1381,5.4729,30,Yes
F2509,32,Male,Oyo,None,Single,0,Livestock,2.9,9,TRUE,FALSE,TRUE,49,FALSE,TRUE,38748.38,TRUE,4642929,None,TRUE,9.2122,4.2385,26,Yes
F2510,24,Female,Oyo,Tertiary,Married,2,Livestock,2.9,7,TRUE,FALSE,TRUE,68,TRUE,FALSE,0,FALSE,2442357,Remittances,FALSE,7.7738,3.309,33,No
F2511,21,Female,Kano,Secondary,Married,0,Crop,2.6,6,TRUE,FALSE,TRUE,45,FALSE,TRUE,21873.08,TRUE,6041268,None,FALSE,9.9187,3.8352,34,Yes
F2512,19,Female,Benue,Secondary,Single,0,Crop,4.9,1,FALSE,FALSE,TRUE,43,FALSE,TRUE,37747.82,TRUE,3699279,Trading,TRUE,7.0057,7.8984,39,Yes
F2513,24,Male,Enugu,Secondary,Single,0,Livestock,4.6,7,FALSE,TRUE,TRUE,51,FALSE,FALSE,0,FALSE,3734010,None,TRUE,9.9836,4.3609,29,No
F2514,32,Female,Kaduna,Secondary,Married,4,Mixed,4.5,2,TRUE,FALSE,TRUE,52,TRUE,TRUE,0,FALSE,1818657,None,TRUE,9.5904,7.4944,35,Yes
F2515,22,Female,Kano,Tertiary,Single,0,Mixed,1.1,2,TRUE,TRUE,TRUE,48,FALSE,TRUE,20231.97,TRUE,3463362,None,FALSE,7.8579,7.9625,40,Yes
F2516,33,Male,Kaduna,Primary,Married,4,Livestock,3.4,4,TRUE,FALSE,TRUE,39,FALSE,TRUE,39937.14,TRUE,5167053,Trading,FALSE,9.2398,7.5022,27,Yes
F2517,29,Male,Kano,,Single,0,,3.5,8,TRUE,TRUE,TRUE,78,TRUE,FALSE,,FALSE,0,None,FALSE,9.9264,7.7034,42,Yes
F2518,18,Female,Kaduna,Secondary,Married,1,Livestock,4.1,2,FALSE,TRUE,TRUE,19,FALSE,TRUE,82826.71,TRUE,4811796,None,FALSE,8.2281,4.6597,36,Yes
F2519,22,Female,Oyo,Secondary,Single,0,Mixed,4.9,1,FALSE,FALSE,TRUE,80,TRUE,TRUE,40473.16,TRUE,4005144,None,FALSE,9.6815,6.716,39,Yes
F2520,21,Female,Benue,Tertiary,Single,0,Mixed,2.7,4,TRUE,FALSE,TRUE,56,TRUE,TRUE,60324.27,TRUE,3945168,Trading,TRUE,6.4532,5.9202,41,Yes
F2521,33,Male,Oyo,Primary,Married,2,Mixed,2.2,7,TRUE,TRUE,TRUE,53,FALSE,TRUE,20199.66,TRUE,4864878,Trading,TRUE,7.3259,7.4418,37,Yes
F2522,18,Female,Benue,Primary,Married,3,Crop,3.1,6,TRUE,TRUE,TRUE,58,FALSE,TRUE,20937.92,TRUE,3245220,None,TRUE,8.8889,7.7803,35,Yes
F2523,31,Female,Kano,Secondary,Married,3,Livestock,1.1,4,FALSE,TRUE,TRUE,77,TRUE,TRUE,0,FALSE,3317526,Trading,TRUE,9.2559,7.1786,43,Yes
F2524,19,Male,Benue,Primary,Single,0,Crop,2.2,9,TRUE,TRUE,TRUE,63,FALSE,TRUE,29131.45,TRUE,4498506,None,FALSE,6.5312,6.842,34,Yes
F2525,35,Female,Oyo,Tertiary,Married,3,Crop,1.5,9,FALSE,FALSE,TRUE,60,TRUE,TRUE,59183.9,TRUE,3868101,None,TRUE,9.2843,6.1711,37,Yes
F2526,25,Female,Kaduna,,Married,3,,2.8,5,TRUE,TRUE,TRUE,74,TRUE,TRUE,,TRUE,0,None,TRUE,6.9692,4.2104,48,Yes
F2527,19,Female,Benue,Secondary,Single,0,Livestock,1.2,2,TRUE,TRUE,TRUE,55,FALSE,TRUE,78479.85,TRUE,3423303,Remittances,TRUE,9.6143,4.3575,44,Yes
F2528,27,Female,Benue,Primary,Single,0,Crop,1.7,4,TRUE,TRUE,TRUE,64,TRUE,TRUE,96871.58,TRUE,3828456,Trading,TRUE,7.8177,6.4739,49,Yes
F2529,19,Female,Benue,Tertiary,Single,0,Mixed,4.6,1,TRUE,FALSE,TRUE,52,FALSE,TRUE,33267.95,TRUE,4603167,None,FALSE,9.2529,4.3065,40,Yes
F2530,20,Male,Oyo,Secondary,Married,2,Crop,3.1,9,TRUE,FALSE,TRUE,58,TRUE,FALSE,0,FALSE,2979315,None,TRUE,8.7457,7.1609,34,Yes
F2531,28,Male,Benue,Primary,Married,2,Mixed,3.2,8,TRUE,TRUE,FALSE,47,TRUE,FALSE,0,FALSE,3048930,Trading,TRUE,7.5584,3.4524,21,No
F2532,23,Female,Kano,Secondary,Single,0,Crop,1,4,TRUE,FALSE,TRUE,65,FALSE,TRUE,70150.11,TRUE,5669964,None,TRUE,9.7231,6.136,43,Yes
F2533,21,Male,Enugu,Tertiary,Single,0,Mixed,3.2,4,FALSE,FALSE,TRUE,63,TRUE,FALSE,0,FALSE,2355849,Trading,FALSE,8.6794,5.6572,24,No
F2534,27,Female,Kano,Primary,Married,2,Crop,2.7,7,FALSE,FALSE,TRUE,37,FALSE,TRUE,65571.1,TRUE,5486238,None,FALSE,8.2729,3.5559,14,No
F2535,30,Male,Benue,Secondary,Married,2,Crop,4.2,1,FALSE,TRUE,TRUE,88,TRUE,TRUE,84870.3,TRUE,5343228,None,FALSE,7.3901,5.9063,50,Yes
F2536,31,Female,Kano,Secondary,Single,1,Mixed,4.1,3,TRUE,TRUE,TRUE,64,FALSE,TRUE,82696.48,TRUE,5614794,Trading,TRUE,8.3798,6.7419,50,Yes
F2537,30,Male,Kaduna,Primary,Single,3,Livestock,1.3,8,FALSE,TRUE,FALSE,62,TRUE,TRUE,56590.34,TRUE,4800600,None,FALSE,8.0539,4.5855,27,No
F2538,18,Male,Kano,None,Married,3,Mixed,3.3,7,FALSE,TRUE,TRUE,87,TRUE,TRUE,42884.9,TRUE,4900221,Trading,FALSE,9.8203,6.1499,39,Yes
F2539,33,Male,Enugu,Primary,Married,1,Crop,2.5,1,TRUE,FALSE,TRUE,59,TRUE,TRUE,0,FALSE,2020266,None,TRUE,8.0032,7.6575,21,No
F2540,32,Female,Kano,Secondary,Married,3,Livestock,1.5,8,TRUE,TRUE,TRUE,25,FALSE,TRUE,43535.84,TRUE,4771413,None,TRUE,8.2897,7.9326,48,Yes
F2541,29,Female,Enugu,Primary,Married,4,Crop,3.7,8,FALSE,TRUE,TRUE,62,FALSE,TRUE,75951.15,TRUE,4261059,None,TRUE,6.2066,6.7769,34,Yes
F2542,20,Male,Kaduna,Tertiary,Single,0,Mixed,3.2,2,TRUE,TRUE,FALSE,54,FALSE,TRUE,93479.33,TRUE,4403682,Remittances,TRUE,7.081,3.8053,38,Yes
F2543,23,Male,Kaduna,Primary,Single,0,Crop,1.7,7,TRUE,FALSE,FALSE,22,FALSE,TRUE,0,FALSE,3690873,None,TRUE,9.2962,3.5355,21,No
F2544,28,Female,Enugu,Tertiary,Married,1,Mixed,2.5,3,FALSE,FALSE,FALSE,72,TRUE,TRUE,17832.79,TRUE,5356566,Trading,FALSE,6.1783,7.9954,33,Yes
F2545,22,Female,Benue,Secondary,Married,1,Crop,1.2,2,TRUE,FALSE,FALSE,35,FALSE,TRUE,17652.36,TRUE,4646259,None,FALSE,6.1856,3.937,25,No
F2546,28,Male,Benue,Primary,Single,0,Livestock,2.4,7,TRUE,FALSE,TRUE,97,TRUE,TRUE,96608.38,TRUE,2247705,Remittances,FALSE,6.4993,5.9221,31,Yes
F2547,18,Male,Kaduna,Tertiary,Married,3,Crop,4.2,6,TRUE,TRUE,TRUE,48,FALSE,FALSE,0,FALSE,900000,None,TRUE,6.4455,4.2964,31,No
F2548,33,Female,Oyo,Tertiary,Married,1,Livestock,3.7,5,FALSE,TRUE,TRUE,81,TRUE,TRUE,27726.67,TRUE,4543821,None,TRUE,6.1467,7.4128,48,Yes
F2549,32,Female,Oyo,Primary,Married,3,Livestock,1.3,7,TRUE,FALSE,TRUE,78,TRUE,TRUE,69441.01,TRUE,5109066,Remittances,TRUE,9.18,5.9519,36,Yes
F2550,21,Male,Benue,Tertiary,Married,0,Crop,1.8,3,TRUE,TRUE,TRUE,35,FALSE,TRUE,39018.17,TRUE,2850732,None,TRUE,7.4018,6.1501,41,Yes
F2551,34,Male,Kaduna,Secondary,Married,3,Crop,4.4,1,FALSE,TRUE,TRUE,71,TRUE,TRUE,0,FALSE,900000,Trading,TRUE,8.3842,3,35,No
F2552,27,Male,Benue,Primary,Married,4,Livestock,2,9,TRUE,TRUE,TRUE,73,TRUE,TRUE,57292.91,TRUE,5830317,None,TRUE,9.0567,5.9881,40,Yes
F2553,35,Male,Kaduna,Primary,Single,2,Mixed,5,8,FALSE,TRUE,FALSE,36,TRUE,TRUE,18680.46,TRUE,4417110,None,TRUE,6.611,5.0334,33,Yes
F2554,24,Male,Benue,,Single,0,,1.6,7,FALSE,TRUE,TRUE,74,TRUE,TRUE,,TRUE,0,None,FALSE,7.6416,6.7922,42,Yes
F2555,20,Female,Benue,Secondary,Single,0,Livestock,5,5,FALSE,FALSE,TRUE,4,FALSE,TRUE,12172.37,TRUE,4199895,None,TRUE,9.6971,3.0123,36,Yes
F2556,19,Female,Enugu,Tertiary,Single,0,Mixed,2.1,3,FALSE,TRUE,TRUE,49,FALSE,FALSE,0,FALSE,1739565,None,TRUE,8.9388,6.9804,26,No
F2557,30,Female,Oyo,Tertiary,Single,1,Mixed,4.5,2,TRUE,FALSE,FALSE,57,TRUE,TRUE,28205.06,TRUE,4488615,None,FALSE,7.6876,3.7176,31,Yes
F2558,24,Male,Kano,None,Single,0,Crop,4.4,7,TRUE,FALSE,FALSE,53,TRUE,TRUE,59434.31,TRUE,4409829,None,FALSE,9.3244,4.5969,21,Yes
F2559,26,Female,Enugu,Secondary,Married,4,Crop,3.3,3,FALSE,TRUE,TRUE,69,TRUE,TRUE,0,FALSE,1751238,None,TRUE,9.8045,6.6153,31,No
F2560,34,Female,Enugu,Secondary,Married,3,Crop,3,2,FALSE,FALSE,TRUE,68,TRUE,TRUE,65528.12,TRUE,4770540,None,FALSE,8.1075,3.1949,38,Yes
F2561,21,Female,Kaduna,Secondary,Single,0,Livestock,2.7,4,FALSE,TRUE,TRUE,59,FALSE,TRUE,90431.98,TRUE,3278340,Trading,TRUE,7.4568,4.8945,43,Yes
F2562,33,Female,Oyo,Primary,Single,0,Livestock,1.3,9,FALSE,TRUE,TRUE,74,FALSE,TRUE,17252.8,TRUE,5213151,Remittances,FALSE,9.0637,4.9185,30,Yes
F2563,21,Female,Kaduna,Tertiary,Married,1,Crop,3.3,7,TRUE,FALSE,TRUE,40,FALSE,TRUE,55605.07,TRUE,6119937,Trading,FALSE,7.1897,5.5147,38,Yes
F2564,30,Female,Enugu,Tertiary,Married,2,Livestock,3.7,7,TRUE,FALSE,TRUE,46,FALSE,TRUE,0,FALSE,3614715,None,FALSE,9.2032,5.9352,14,No
F2565,18,Female,Kano,Secondary,Single,0,Crop,3.8,1,FALSE,FALSE,TRUE,33,FALSE,TRUE,61385.52,TRUE,4252023,None,FALSE,6.2391,5.0862,30,Yes
F2566,19,Male,Kano,Tertiary,Single,0,Mixed,1.2,7,TRUE,FALSE,TRUE,50,FALSE,TRUE,0,FALSE,1042371,Trading,TRUE,6.1644,7.1474,30,No
F2567,25,Male,Enugu,Primary,Married,2,Livestock,1.9,8,TRUE,FALSE,FALSE,53,FALSE,TRUE,21267.96,TRUE,3990906,Remittances,TRUE,6.7035,3.5726,28,Yes
F2568,27,Female,Oyo,Tertiary,Single,0,Livestock,1,3,TRUE,TRUE,FALSE,70,TRUE,TRUE,70309.36,TRUE,4385403,None,TRUE,7.5407,6.253,50,Yes
F2569,34,Female,Oyo,Secondary,Single,4,Crop,4.4,8,TRUE,TRUE,TRUE,52,FALSE,TRUE,45135.68,TRUE,3853206,None,TRUE,8.4923,6.3121,42,Yes
F2570,23,Male,Enugu,None,Single,0,Livestock,3.4,1,TRUE,TRUE,TRUE,46,FALSE,TRUE,93463.8,TRUE,4107564,Trading,FALSE,7.0637,3.5926,28,Yes
F2571,33,Female,Benue,Secondary,Married,1,Mixed,4.1,3,FALSE,TRUE,TRUE,66,TRUE,TRUE,24410.04,TRUE,4290408,Trading,TRUE,8.7693,4.4997,56,Yes
F2572,31,Male,Enugu,Secondary,Single,4,Livestock,3.6,9,TRUE,TRUE,TRUE,53,FALSE,TRUE,22635.02,TRUE,5465439,Remittances,FALSE,6.5036,6.5655,36,Yes
F2573,33,Female,Enugu,Tertiary,Single,1,Livestock,3.9,6,FALSE,TRUE,TRUE,63,TRUE,TRUE,28107.7,TRUE,5373657,None,FALSE,9.7877,7.8603,50,Yes
F2574,20,Male,Kano,Secondary,Single,0,Mixed,4,9,TRUE,FALSE,TRUE,47,TRUE,TRUE,49529.01,TRUE,4395069,Trading,FALSE,9.0319,5.3672,39,Yes
F2575,35,Male,Benue,Tertiary,Married,0,Mixed,1.3,9,FALSE,FALSE,FALSE,39,TRUE,TRUE,0,FALSE,1737423,Trading,TRUE,6.8096,5.0949,23,No
F2576,26,Female,Enugu,Primary,Married,2,Crop,2.4,1,TRUE,TRUE,FALSE,26,FALSE,FALSE,0,FALSE,1229598,None,FALSE,8.9945,5.1144,14,No
F2577,22,Male,Kano,Tertiary,Married,0,Mixed,4.6,3,TRUE,FALSE,FALSE,35,FALSE,TRUE,0,FALSE,2924667,Remittances,TRUE,8.2996,7.3618,25,No
F2578,31,Female,Enugu,Primary,Married,2,Crop,4.2,7,TRUE,FALSE,FALSE,26,FALSE,TRUE,21833.78,TRUE,6052311,Trading,FALSE,9.3815,7.1598,21,No
F2579,30,Female,Benue,Tertiary,Single,0,Crop,2.7,4,TRUE,TRUE,TRUE,45,TRUE,TRUE,30768.68,TRUE,5410017,None,FALSE,9.8658,3.0171,47,Yes
F2580,26,Female,Kano,,Married,2,,3.4,1,FALSE,FALSE,FALSE,63,TRUE,FALSE,,FALSE,0,Trading,FALSE,6.1517,7.8287,18,No
F2581,34,Male,Kaduna,Secondary,Married,4,Crop,3.1,2,FALSE,FALSE,TRUE,45,FALSE,TRUE,69019.6,TRUE,4356162,None,TRUE,6.3146,5.1186,33,Yes
F2582,23,Female,Oyo,Tertiary,Single,0,Mixed,2.3,7,FALSE,TRUE,TRUE,43,FALSE,TRUE,28750.04,TRUE,3973689,None,FALSE,9.0772,4.1095,42,Yes
F2583,26,Male,Kaduna,Tertiary,Married,1,Mixed,2.5,5,TRUE,TRUE,TRUE,59,FALSE,FALSE,0,FALSE,1580076,Remittances,TRUE,6.6811,3.9473,32,No
F2584,35,Female,Enugu,Secondary,Married,1,Mixed,3.6,1,FALSE,FALSE,TRUE,71,FALSE,TRUE,0,FALSE,3148812,None,FALSE,8.2667,6.8119,23,No
F2585,35,Male,Enugu,Secondary,Single,2,Crop,3.5,9,TRUE,FALSE,FALSE,54,FALSE,FALSE,0,FALSE,3592467,Trading,TRUE,6.5727,6.534,26,No
F2586,29,Male,Enugu,Secondary,Married,1,Livestock,1.2,7,TRUE,FALSE,TRUE,40,FALSE,TRUE,0,FALSE,3995181,None,TRUE,7.1778,6.8896,29,No
F2587,31,Male,Enugu,Secondary,Married,1,Crop,2.1,4,FALSE,TRUE,TRUE,51,TRUE,FALSE,0,FALSE,3601989,None,TRUE,9.6581,7.316,32,Yes
F2588,18,Female,Kaduna,Primary,Single,0,Crop,1,1,TRUE,FALSE,TRUE,72,FALSE,TRUE,93552.27,TRUE,2894202,Trading,FALSE,6.9886,5.0449,26,Yes
F2589,21,Male,Oyo,Primary,Single,0,Livestock,1.1,5,FALSE,TRUE,TRUE,56,FALSE,TRUE,19366.19,TRUE,4306878,None,FALSE,7.8722,4.7176,28,No
F2590,26,Female,Kano,Secondary,Married,1,Mixed,2.4,2,TRUE,FALSE,TRUE,94,TRUE,FALSE,0,FALSE,2302533,None,FALSE,8.0163,3.366,33,No
F2591,29,Male,Kaduna,Tertiary,Single,1,Crop,4,7,TRUE,FALSE,TRUE,67,TRUE,TRUE,60935.99,TRUE,4084902,None,TRUE,8.9908,4.7152,54,Yes
F2592,23,Female,Oyo,Secondary,Single,0,Mixed,5,6,TRUE,FALSE,FALSE,58,FALSE,TRUE,47147.71,TRUE,5216040,Remittances,TRUE,6.8549,5.6464,33,Yes
F2593,24,Female,Kaduna,None,Single,0,Crop,4.5,2,FALSE,TRUE,TRUE,41,FALSE,FALSE,0,FALSE,1604772,None,TRUE,6.9121,3.3131,16,No
F2594,32,Male,Kano,Primary,Married,3,Crop,2,5,TRUE,FALSE,FALSE,54,TRUE,TRUE,69840.13,TRUE,2935683,None,TRUE,7.1218,3.7917,27,Yes
F2595,20,Female,Enugu,Tertiary,Single,0,Crop,3.8,8,TRUE,TRUE,TRUE,51,TRUE,TRUE,91676.23,TRUE,5367114,None,FALSE,7.7031,5.2339,48,Yes
F2596,27,Female,Benue,Secondary,Married,3,Crop,3.6,2,TRUE,TRUE,FALSE,52,FALSE,FALSE,0,FALSE,2530575,None,FALSE,6.586,7.7385,18,No
F2597,25,Male,Kaduna,Primary,Married,2,Livestock,1.2,9,TRUE,FALSE,FALSE,56,FALSE,FALSE,0,FALSE,2921526,None,TRUE,8.6248,7.5608,15,No
F2598,22,Female,Enugu,Secondary,Single,0,Mixed,4.1,6,TRUE,TRUE,TRUE,63,TRUE,TRUE,15614.24,TRUE,5014368,None,FALSE,8.8014,4.8389,52,Yes
F2599,32,Female,Oyo,Primary,Married,2,Crop,2.4,2,FALSE,TRUE,TRUE,72,TRUE,TRUE,96237.99,TRUE,1581309,Trading,FALSE,6.891,5.1222,34,Yes
F2600,19,Male,Oyo,None,Single,0,Crop,2,7,FALSE,TRUE,FALSE,91,TRUE,TRUE,31305.38,TRUE,3890259,None,FALSE,9.1603,4.2978,29,No
F2601,18,Male,Oyo,Primary,Single,0,Livestock,3.1,4,TRUE,FALSE,TRUE,43,TRUE,FALSE,0,FALSE,3226167,None,TRUE,7.1121,4.7987,24,Yes
F2602,21,Female,Kaduna,Primary,Single,0,Mixed,4.5,7,FALSE,TRUE,TRUE,44,FALSE,TRUE,58132.64,TRUE,5963679,None,TRUE,8.0652,4.4992,33,Yes
F2603,25,Female,Kaduna,Secondary,Married,1,Crop,5,5,TRUE,FALSE,TRUE,56,TRUE,TRUE,11032.3,TRUE,6051186,Trading,FALSE,8.5576,7.0566,46,Yes
F2604,27,Male,Benue,Secondary,Married,0,Mixed,4.4,2,TRUE,TRUE,FALSE,50,FALSE,TRUE,0,FALSE,2525319,None,FALSE,7.3749,4.5461,22,No
F2605,20,Female,Kaduna,Secondary,Married,2,Crop,1.7,4,TRUE,TRUE,TRUE,33,FALSE,TRUE,71818.95,TRUE,5410863,Trading,FALSE,6.3804,4.9345,38,Yes
F2606,33,Female,Kaduna,Primary,Married,4,Mixed,2.6,6,TRUE,TRUE,TRUE,45,FALSE,TRUE,27716.23,TRUE,3243276,None,TRUE,9.9023,7.2555,33,Yes
F2607,31,Male,Enugu,Secondary,Married,3,Crop,3.9,6,FALSE,FALSE,TRUE,52,FALSE,TRUE,99649.99,TRUE,4494168,Remittances,FALSE,9.3018,3.0922,34,Yes
F2608,35,Male,Kano,Tertiary,Married,2,Livestock,4.4,4,FALSE,TRUE,TRUE,64,FALSE,TRUE,20742.08,TRUE,4039524,Trading,TRUE,6.2971,5.6318,44,Yes
F2609,26,Female,Enugu,Primary,Married,5,Crop,4.7,8,TRUE,TRUE,TRUE,71,TRUE,TRUE,0,FALSE,1967076,Trading,FALSE,9.6001,3.1721,29,No
F2610,20,Male,Oyo,Primary,Single,0,Mixed,3.3,3,TRUE,TRUE,TRUE,49,TRUE,FALSE,0,FALSE,1203372,Trading,TRUE,6.0259,5.6217,27,No
F2611,33,Male,Oyo,Secondary,Married,2,Livestock,1.7,9,FALSE,FALSE,TRUE,28,FALSE,TRUE,18637.22,TRUE,4752081,None,TRUE,7.0176,5.5269,35,Yes
F2612,31,Female,Oyo,Primary,Married,1,Livestock,1.8,1,TRUE,FALSE,FALSE,22,FALSE,TRUE,24958.05,TRUE,4994424,Trading,FALSE,7.466,4.4589,16,No
F2613,30,Female,Benue,Primary,Single,0,Crop,1.7,2,TRUE,FALSE,TRUE,72,TRUE,FALSE,0,FALSE,1286865,None,FALSE,7.3156,6.2078,21,No
F2614,19,Male,Kaduna,None,Single,0,Crop,2.5,6,TRUE,TRUE,TRUE,56,TRUE,TRUE,14658.3,TRUE,3299472,None,TRUE,9.2446,6.9505,36,Yes
F2615,18,Female,Kaduna,Secondary,Single,0,Crop,4.3,5,FALSE,FALSE,TRUE,88,TRUE,TRUE,77640.82,TRUE,5401332,Trading,TRUE,6.7045,7.1815,44,Yes
F2616,28,Female,Kaduna,Tertiary,Married,1,Crop,1,5,FALSE,FALSE,TRUE,93,TRUE,FALSE,0,FALSE,2583945,None,TRUE,9.8313,5.5145,32,No
F2617,35,Male,Benue,Secondary,Married,5,Livestock,3.6,5,FALSE,TRUE,TRUE,34,FALSE,TRUE,32168.63,TRUE,6071886,None,FALSE,7.2686,4.7348,38,Yes
F2618,31,Male,Kano,None,Married,1,Mixed,3.9,8,FALSE,FALSE,FALSE,67,FALSE,TRUE,0,FALSE,2598822,Trading,FALSE,7.6019,7.0833,10,No
F2619,19,Female,Kaduna,Secondary,Single,0,Crop,3.6,7,TRUE,FALSE,TRUE,44,TRUE,FALSE,0,FALSE,2389986,None,FALSE,7.5218,5.6508,25,No
F2620,33,Male,Kano,None,Married,1,Livestock,2.7,8,TRUE,FALSE,FALSE,50,TRUE,FALSE,0,FALSE,4019274,None,FALSE,6.2544,3.8853,13,No
F2621,32,Male,Kano,Tertiary,Married,1,Mixed,4.5,6,FALSE,FALSE,TRUE,31,FALSE,TRUE,72445.19,TRUE,4918923,Remittances,TRUE,6.6039,4.45,37,Yes
F2622,32,Female,Kaduna,Tertiary,Single,1,Livestock,3.4,9,TRUE,FALSE,TRUE,64,TRUE,TRUE,65241.07,TRUE,3246210,Trading,TRUE,7.2521,7.9829,48,Yes
F2623,25,Female,Kano,Tertiary,Married,2,Crop,2.7,4,FALSE,FALSE,FALSE,55,FALSE,TRUE,80036.86,TRUE,4202829,Trading,TRUE,8.9254,6.7684,36,Yes
F2624,30,Male,Kano,Primary,Married,2,Livestock,3.4,3,TRUE,FALSE,TRUE,59,TRUE,TRUE,0,FALSE,2204631,Trading,FALSE,6.9077,4.6253,18,No
F2625,35,Male,Benue,Secondary,Married,3,Livestock,1.2,7,TRUE,FALSE,FALSE,46,TRUE,TRUE,50639.13,TRUE,4762404,None,TRUE,8.3146,4.3749,41,Yes
F2626,28,Male,Benue,Tertiary,Single,0,Crop,4.3,6,TRUE,TRUE,FALSE,45,FALSE,TRUE,64525.95,TRUE,4479885,Trading,FALSE,6.3272,5.4241,36,Yes
F2627,33,Female,Oyo,Tertiary,Married,0,Crop,3.1,2,FALSE,FALSE,TRUE,50,TRUE,TRUE,85291.72,TRUE,5197788,Trading,TRUE,6.0977,4.5799,43,Yes
F2628,24,Female,Enugu,,Single,0,,3.6,5,FALSE,FALSE,TRUE,45,FALSE,TRUE,,TRUE,0,Trading,FALSE,8.4027,6.5979,27,No
F2629,29,Male,Kaduna,Secondary,Married,3,Crop,2.5,2,TRUE,TRUE,TRUE,42,FALSE,TRUE,62156.01,TRUE,4062870,None,TRUE,6.7362,7.09,44,Yes
F2630,29,Female,Kaduna,Secondary,Married,3,Crop,2.6,4,TRUE,TRUE,FALSE,65,TRUE,FALSE,0,FALSE,2412072,None,TRUE,6.6199,7.7484,37,No
F2631,20,Male,Oyo,None,Single,0,Livestock,2,4,TRUE,FALSE,TRUE,26,FALSE,TRUE,0,FALSE,1872522,Remittances,TRUE,8.8204,4.1411,14,No
F2632,20,Female,Enugu,Secondary,Single,0,Livestock,1.1,3,TRUE,TRUE,TRUE,74,TRUE,FALSE,0,FALSE,2528460,Trading,TRUE,9.3084,6.5825,44,Yes
F2633,35,Female,Oyo,Secondary,Single,1,Mixed,1,9,TRUE,TRUE,TRUE,52,FALSE,TRUE,64794.58,TRUE,3854745,None,FALSE,6.3467,4.8652,39,Yes
F2634,35,Female,Benue,None,Married,0,Crop,4.3,1,TRUE,FALSE,TRUE,81,TRUE,TRUE,0,FALSE,2050857,None,TRUE,8.3474,7.9178,22,No
F2635,31,Male,Kano,None,Single,0,Crop,3.1,7,TRUE,TRUE,TRUE,52,TRUE,FALSE,0,FALSE,1562472,Remittances,FALSE,8.829,5.1098,25,No
F2636,35,Female,Kaduna,Tertiary,Single,0,Livestock,3.1,3,TRUE,FALSE,TRUE,74,TRUE,TRUE,65746.67,TRUE,5218191,None,FALSE,9.1554,7.1437,44,Yes
F2637,33,Female,Oyo,Secondary,Married,2,Mixed,4.2,1,FALSE,FALSE,TRUE,51,TRUE,FALSE,0,FALSE,2043234,None,FALSE,6.2961,5.8648,23,No
F2638,22,Female,Benue,Secondary,Single,0,Crop,1.1,3,FALSE,FALSE,TRUE,64,TRUE,TRUE,29224.7,TRUE,2662452,None,TRUE,7.5377,7.4387,47,Yes
F2639,32,Female,Kaduna,Primary,Married,1,Crop,2.6,4,FALSE,TRUE,TRUE,41,FALSE,FALSE,0,FALSE,3937500,None,TRUE,7.3116,6.2978,20,No
F2640,22,Male,Oyo,Secondary,Married,5,Crop,2.7,9,FALSE,TRUE,TRUE,36,FALSE,TRUE,14126.59,TRUE,4048317,None,TRUE,8.469,3.7184,37,Yes
F2641,32,Male,Oyo,None,Single,0,Livestock,2.4,2,TRUE,TRUE,FALSE,43,FALSE,FALSE,0,FALSE,1704330,None,FALSE,8.2885,3.2676,14,No
F2642,25,Female,Kano,Tertiary,Married,3,Crop,1.2,7,TRUE,FALSE,TRUE,66,TRUE,FALSE,0,FALSE,900000,Trading,FALSE,7.791,3.3417,29,No
F2643,18,Female,Enugu,Primary,Single,0,Crop,2.4,2,FALSE,FALSE,TRUE,86,TRUE,TRUE,22221.16,TRUE,3921912,Remittances,FALSE,9.1032,7.9928,31,Yes
F2644,25,Male,Oyo,Tertiary,Single,0,Livestock,2.7,3,FALSE,TRUE,TRUE,64,FALSE,TRUE,16272,TRUE,5280129,None,FALSE,7.7892,5.8263,45,Yes
F2645,23,Female,Enugu,None,Married,1,Crop,2.7,4,TRUE,TRUE,TRUE,20,FALSE,TRUE,59642.61,TRUE,4985613,None,FALSE,9.461,5.3761,31,Yes
F2646,25,Male,Oyo,,Single,0,,1.9,1,FALSE,FALSE,TRUE,74,TRUE,TRUE,,TRUE,0,Trading,TRUE,7.2542,3.9505,37,Yes
F2647,30,Female,Enugu,Primary,Single,0,Crop,3.1,2,TRUE,TRUE,TRUE,40,FALSE,TRUE,0,FALSE,1343232,Remittances,TRUE,9.5492,4.3216,21,No
F2648,23,Male,Benue,Secondary,Single,0,Crop,2.7,2,TRUE,TRUE,FALSE,54,TRUE,TRUE,94175.62,TRUE,4049118,Trading,TRUE,6.603,4.7867,42,Yes
F2649,30,Female,Benue,Secondary,Married,3,Crop,3.4,4,TRUE,FALSE,TRUE,63,FALSE,TRUE,66163,TRUE,3684204,Remittances,FALSE,7.1833,3.2864,41,Yes
F2650,25,Male,Kano,Tertiary,Married,1,Livestock,3.1,2,FALSE,FALSE,TRUE,58,TRUE,TRUE,69297.74,TRUE,4608837,Trading,FALSE,7.2282,3.5722,33,Yes
F2651,30,Female,Kaduna,Secondary,Married,6,Crop,4.5,6,TRUE,TRUE,TRUE,70,TRUE,TRUE,82497.15,TRUE,5360895,Trading,TRUE,6.9058,4.4108,56,Yes
F2652,24,Male,Kano,Tertiary,Single,0,Livestock,4.3,1,TRUE,TRUE,TRUE,38,FALSE,TRUE,91810.7,TRUE,4499793,None,FALSE,9.7903,4.1893,34,Yes
F2653,32,Female,Kaduna,Primary,Married,4,Livestock,4.1,6,TRUE,TRUE,FALSE,59,FALSE,TRUE,94727.82,TRUE,4181346,Trading,FALSE,8.9259,3.6168,24,No
F2654,25,Male,Oyo,None,Married,2,Livestock,2.5,9,TRUE,TRUE,TRUE,71,TRUE,TRUE,77682.81,TRUE,5634747,None,TRUE,6.7052,4.316,50,Yes
F2655,26,Male,Benue,Secondary,Married,4,Mixed,3.7,7,FALSE,FALSE,TRUE,80,TRUE,TRUE,0,FALSE,4019535,None,FALSE,8.8285,7.3572,31,No
F2656,31,Male,Kano,Secondary,Married,3,Livestock,1.6,8,FALSE,TRUE,TRUE,72,TRUE,TRUE,89262.43,TRUE,3958677,None,FALSE,6.0109,3.4105,42,Yes
F2657,35,Female,Oyo,Primary,Single,0,Livestock,1.1,4,TRUE,TRUE,TRUE,83,TRUE,TRUE,76938.26,TRUE,4093326,None,FALSE,7.9575,5.8483,40,Yes
F2658,21,Female,Benue,Primary,Married,1,Crop,2.1,4,FALSE,FALSE,TRUE,59,TRUE,TRUE,51283.32,TRUE,4144590,None,TRUE,8.4856,6.9936,31,Yes
F2659,32,Male,Oyo,Tertiary,Married,4,Mixed,4.8,9,FALSE,FALSE,TRUE,69,TRUE,TRUE,10554.97,TRUE,2784222,Trading,FALSE,8.5988,3.7822,35,Yes
F2660,29,Male,Oyo,Secondary,Single,1,Livestock,2.7,5,FALSE,TRUE,TRUE,57,TRUE,TRUE,23113.92,TRUE,5698530,None,TRUE,9.1096,3.4478,46,Yes
F2661,19,Female,Benue,None,Married,4,Mixed,4.8,5,TRUE,TRUE,TRUE,20,FALSE,TRUE,55410.98,TRUE,4738473,None,FALSE,9.0964,5.7606,32,Yes
F2662,22,Male,Kaduna,Secondary,Married,3,Livestock,2.6,3,FALSE,TRUE,TRUE,28,FALSE,TRUE,85835.49,TRUE,7057737,None,FALSE,7.2862,5.444,39,Yes
F2663,35,Male,Kano,Tertiary,Single,0,Crop,4.7,8,TRUE,TRUE,TRUE,70,TRUE,TRUE,0,FALSE,3359844,Trading,FALSE,8.361,7.3062,36,Yes
F2664,19,Male,Enugu,Primary,Single,0,Crop,2.2,4,TRUE,FALSE,TRUE,71,TRUE,TRUE,0,FALSE,1981233,None,TRUE,7.584,6.1165,27,No
F2665,22,Male,Kano,Secondary,Single,0,Crop,1.5,2,TRUE,TRUE,FALSE,47,FALSE,TRUE,18627.52,TRUE,3680091,None,FALSE,7.1764,6.8262,35,Yes
F2666,30,Male,Kaduna,Secondary,Single,0,Livestock,3.8,4,TRUE,FALSE,TRUE,62,TRUE,FALSE,0,FALSE,1590138,None,TRUE,8.8811,6.5421,38,Yes
F2667,34,Male,Oyo,Secondary,Single,1,Livestock,2.7,8,TRUE,FALSE,TRUE,55,FALSE,TRUE,12262.75,TRUE,5627619,None,TRUE,9.4922,3.0635,40,Yes
F2668,28,Male,Kano,,Married,0,,4.7,6,TRUE,TRUE,TRUE,71,TRUE,TRUE,,FALSE,0,Remittances,FALSE,7.7573,4.6936,43,Yes
F2669,27,Male,Benue,Secondary,Married,1,Crop,4.4,2,TRUE,TRUE,TRUE,61,TRUE,TRUE,92532.48,TRUE,4607469,Trading,FALSE,6.4748,7.1381,55,Yes
F2670,26,Female,Oyo,Tertiary,Married,2,Crop,2.3,1,FALSE,FALSE,TRUE,65,TRUE,TRUE,15737.6,TRUE,4131342,None,TRUE,6.2858,6.6324,49,Yes
F2671,23,Male,Benue,Secondary,Single,0,Livestock,3.1,3,FALSE,FALSE,TRUE,30,FALSE,TRUE,57250.35,TRUE,5277060,Remittances,FALSE,8.9067,7.5588,37,Yes
F2672,22,Female,Oyo,Tertiary,Single,0,Livestock,2.4,3,FALSE,FALSE,TRUE,51,FALSE,TRUE,43303.36,TRUE,4566978,Trading,FALSE,7.2322,4.5211,32,Yes
F2673,22,Male,Benue,Tertiary,Single,0,Crop,3.5,3,FALSE,FALSE,TRUE,60,TRUE,TRUE,77555.9,TRUE,4687758,Trading,TRUE,7.0558,7.0812,40,Yes
F2674,30,Male,Enugu,Secondary,Single,0,Mixed,4.6,1,FALSE,TRUE,TRUE,90,TRUE,TRUE,98572.68,TRUE,3606849,None,FALSE,7.1303,3.4145,43,Yes
F2675,33,Female,Kaduna,Secondary,Married,1,Mixed,1.6,6,TRUE,TRUE,TRUE,55,TRUE,TRUE,57988.81,TRUE,4599108,None,TRUE,8.0223,3.6686,54,Yes
F2676,24,Male,Benue,Secondary,Married,2,Crop,2.3,7,FALSE,FALSE,TRUE,61,FALSE,TRUE,64604.87,TRUE,4068657,Trading,FALSE,9.5173,7.4797,32,Yes
F2677,30,Male,Enugu,Secondary,Married,1,Crop,4.8,8,FALSE,FALSE,TRUE,40,TRUE,TRUE,43687.66,TRUE,4965588,Trading,FALSE,8.9073,4.7503,35,Yes
F2678,24,Female,Benue,Tertiary,Single,0,Crop,1.5,4,TRUE,FALSE,TRUE,46,FALSE,TRUE,54976.39,TRUE,4114440,None,FALSE,6.7448,5.8923,29,Yes
F2679,28,Female,Oyo,Tertiary,Single,0,Crop,1.7,9,FALSE,FALSE,TRUE,68,TRUE,TRUE,88997.96,TRUE,3712806,Trading,FALSE,9.5579,3.4596,39,Yes
F2680,33,Male,Benue,None,Married,3,Crop,3.5,4,TRUE,FALSE,TRUE,58,TRUE,TRUE,57995.09,TRUE,5726133,None,FALSE,7.789,6.6834,32,Yes
F2681,26,Female,Benue,Secondary,Single,0,Crop,3,4,TRUE,TRUE,FALSE,58,TRUE,TRUE,28022.02,TRUE,4051575,None,TRUE,8.3519,7.7099,45,Yes
F2682,25,Male,Enugu,Primary,Married,3,Crop,4.8,8,TRUE,FALSE,FALSE,50,TRUE,TRUE,51907.75,TRUE,4150269,Trading,FALSE,6.0385,4.4447,25,Yes
F2683,26,Male,Oyo,Secondary,Married,2,Crop,1.6,2,TRUE,FALSE,TRUE,61,TRUE,TRUE,84460.06,TRUE,6226983,None,FALSE,9.2048,7.2689,47,Yes
F2684,28,Female,Benue,Primary,Married,3,Livestock,1.4,7,TRUE,FALSE,TRUE,63,FALSE,TRUE,0,FALSE,2665719,None,FALSE,7.5956,6.6815,17,No
F2685,29,Male,Oyo,Primary,Married,1,Livestock,4.6,8,FALSE,TRUE,TRUE,72,TRUE,TRUE,63644.71,TRUE,4257792,Trading,TRUE,6.838,4.2679,39,Yes
F2686,19,Male,Kaduna,None,Single,0,Crop,3.7,2,FALSE,TRUE,TRUE,57,TRUE,TRUE,33380,TRUE,6201504,None,FALSE,9.1219,3.2987,30,Yes
F2687,29,Male,Benue,Primary,Married,1,Crop,1.4,2,TRUE,FALSE,TRUE,72,TRUE,TRUE,12350.64,TRUE,5467284,Remittances,FALSE,7.9703,5.3151,34,Yes
F2688,20,Female,Oyo,Tertiary,Single,0,Mixed,2.1,4,FALSE,TRUE,TRUE,72,TRUE,TRUE,76393.64,TRUE,5758218,None,TRUE,6.2356,7.7578,56,Yes
F2689,32,Male,Kaduna,Secondary,Married,2,Livestock,4.8,8,TRUE,FALSE,TRUE,54,FALSE,TRUE,65917.27,TRUE,4630779,None,FALSE,7.4038,3.7193,38,Yes
F2690,29,Male,Kano,Primary,Married,2,Crop,3.1,3,TRUE,FALSE,TRUE,36,TRUE,TRUE,54506.56,TRUE,4907007,None,TRUE,6.8495,5.3207,33,Yes
F2691,33,Female,Kaduna,Secondary,Married,2,Livestock,3.7,1,FALSE,TRUE,TRUE,79,TRUE,TRUE,0,FALSE,900000,None,FALSE,9.8998,4.5278,33,No
F2692,22,Female,Benue,Secondary,Single,0,Mixed,1.9,6,FALSE,FALSE,TRUE,44,FALSE,TRUE,0,FALSE,2982618,Trading,TRUE,7.4073,5.7004,27,No
F2693,34,Male,Benue,Secondary,Single,1,Crop,4.5,4,FALSE,TRUE,TRUE,48,TRUE,TRUE,42757.85,TRUE,5913333,Trading,TRUE,7.8879,7.4064,47,Yes
F2694,34,Male,Benue,Secondary,Single,3,Crop,4.2,5,FALSE,TRUE,TRUE,65,TRUE,TRUE,83923.27,TRUE,6067719,None,TRUE,6.3606,4.4435,56,Yes
F2695,25,Male,Kano,Primary,Married,0,Livestock,1.6,5,FALSE,FALSE,TRUE,45,TRUE,TRUE,78641.77,TRUE,3285315,None,TRUE,6.4824,3.0419,26,Yes
F2696,33,Male,Benue,None,Married,2,Livestock,2.5,5,FALSE,TRUE,FALSE,16,FALSE,TRUE,0,FALSE,3285378,Trading,FALSE,9.0671,7.9853,13,No
F2697,21,Female,Oyo,Secondary,Married,2,Mixed,3.9,9,FALSE,FALSE,TRUE,70,TRUE,TRUE,77026.69,TRUE,3391587,Trading,TRUE,6.4422,3.1266,49,Yes
F2698,25,Male,Oyo,Primary,Married,1,Crop,3.7,7,TRUE,TRUE,FALSE,95,TRUE,TRUE,14233.14,TRUE,4909275,None,FALSE,9.1897,3.6029,32,Yes
F2699,28,Female,Enugu,,Married,3,,1.9,5,FALSE,TRUE,TRUE,45,TRUE,FALSE,,FALSE,0,Trading,FALSE,6.4906,3.3402,25,No
F2700,27,Female,Benue,Secondary,Married,3,Livestock,2.1,7,TRUE,FALSE,TRUE,56,FALSE,TRUE,48819.5,TRUE,4433688,Remittances,TRUE,6.5506,4.526,38,Yes
F2701,35,Female,Benue,Primary,Married,2,Mixed,3.4,6,TRUE,TRUE,FALSE,80,TRUE,TRUE,0,FALSE,1592325,None,FALSE,6.0975,6.1229,22,No
F2702,30,Female,Enugu,Tertiary,Single,3,Crop,4.1,9,FALSE,TRUE,TRUE,18,FALSE,TRUE,40295.42,TRUE,5347188,Trading,TRUE,6.702,3.5561,39,Yes
F2703,20,Female,Kano,Secondary,Single,0,Livestock,2.5,6,TRUE,TRUE,FALSE,72,TRUE,TRUE,0,FALSE,2093751,Trading,FALSE,6.8665,7.447,33,No
F2704,29,Male,Benue,Secondary,Married,0,Crop,2.2,6,TRUE,TRUE,TRUE,41,FALSE,TRUE,72432.09,TRUE,4897611,Trading,FALSE,6.5199,4.9529,36,Yes
F2705,28,Female,Enugu,Primary,Single,0,Mixed,4.9,1,FALSE,FALSE,TRUE,65,TRUE,TRUE,83168.2,TRUE,4435146,None,TRUE,8.8037,4.0835,33,Yes
F2706,31,Male,Oyo,Secondary,Married,4,Livestock,2,9,TRUE,FALSE,TRUE,70,TRUE,TRUE,59032.94,TRUE,3531780,Trading,FALSE,9.9602,4.9637,38,Yes
F2707,24,Male,Enugu,Primary,Single,0,Livestock,4.2,1,TRUE,TRUE,FALSE,84,TRUE,TRUE,0,FALSE,2367189,Trading,TRUE,6.0118,4.5715,26,No
F2708,25,Female,Enugu,Secondary,Single,0,Mixed,1.2,2,TRUE,TRUE,TRUE,64,TRUE,TRUE,97812.67,TRUE,5181840,None,FALSE,6.7826,5.884,46,Yes
F2709,21,Male,Benue,Tertiary,Single,0,Crop,2.4,2,TRUE,FALSE,TRUE,47,TRUE,TRUE,0,FALSE,2983437,None,FALSE,7.6655,3.8825,34,Yes
F2710,32,Female,Benue,Secondary,Married,2,Crop,1.6,4,FALSE,TRUE,TRUE,81,TRUE,TRUE,70243.13,TRUE,4993299,Trading,FALSE,6.2977,5.3094,46,Yes
F2711,27,Male,Kano,None,Single,0,Crop,3.7,8,TRUE,TRUE,TRUE,54,TRUE,TRUE,93922.93,TRUE,4628601,Trading,FALSE,6.9585,6.5642,36,Yes
F2712,28,Female,Kaduna,Secondary,Married,4,Livestock,4,2,TRUE,FALSE,TRUE,55,FALSE,TRUE,40770.58,TRUE,3143133,Remittances,FALSE,9.6419,4.5471,29,Yes
F2713,21,Male,Enugu,Primary,Single,0,Livestock,4,7,TRUE,FALSE,TRUE,78,TRUE,TRUE,0,FALSE,2621268,None,FALSE,7.9366,5.3924,22,No
F2714,32,Male,Benue,Secondary,Married,2,Crop,3.5,2,TRUE,FALSE,TRUE,59,TRUE,TRUE,92984.12,TRUE,4249215,Trading,FALSE,8.2865,3.2547,37,Yes
F2715,23,Female,Benue,None,Married,1,Crop,4.9,2,FALSE,TRUE,TRUE,44,FALSE,TRUE,49249.56,TRUE,6512868,None,FALSE,9.1824,7.285,30,Yes
F2716,18,Male,Benue,Tertiary,Married,1,Crop,3.9,8,TRUE,TRUE,TRUE,51,TRUE,FALSE,0,FALSE,1629576,Trading,TRUE,8.7068,5.7739,37,Yes
F2717,28,Male,Oyo,Primary,Married,2,Crop,3,8,FALSE,TRUE,TRUE,64,TRUE,TRUE,0,FALSE,3596481,None,FALSE,8.678,5.5369,24,No
F2718,25,Female,Enugu,Tertiary,Married,1,Livestock,1.7,2,FALSE,TRUE,TRUE,39,TRUE,TRUE,0,FALSE,2649564,None,TRUE,9.8996,6.6613,35,No
F2719,20,Male,Benue,Secondary,Married,3,Mixed,4.9,5,TRUE,FALSE,TRUE,53,FALSE,TRUE,49752.91,TRUE,4449735,Trading,FALSE,7.5988,3.3551,30,Yes
F2720,25,Male,Benue,,Single,0,,4.6,2,FALSE,FALSE,TRUE,43,FALSE,TRUE,,TRUE,0,None,TRUE,6.4723,6.4587,32,Yes
F2721,26,Male,Enugu,Primary,Married,2,Mixed,1.2,1,FALSE,TRUE,TRUE,54,TRUE,TRUE,16096.16,TRUE,4200804,None,FALSE,6.9402,6.8664,28,Yes
F2722,29,Female,Kaduna,Secondary,Married,3,Mixed,1.9,7,TRUE,FALSE,TRUE,51,FALSE,FALSE,0,FALSE,3872646,Trading,FALSE,6.0204,6.02,21,No
F2723,30,Male,Enugu,Secondary,Married,2,Livestock,3.3,8,TRUE,FALSE,TRUE,58,TRUE,TRUE,32160.36,TRUE,4350465,Trading,TRUE,6.2578,5.7405,43,Yes
F2724,18,Male,Oyo,Primary,Single,0,Crop,1.7,9,TRUE,TRUE,TRUE,69,TRUE,TRUE,66355.15,TRUE,5205744,None,FALSE,9.2967,4.6227,39,Yes
F2725,33,Female,Kano,Secondary,Married,3,Crop,4.4,6,FALSE,FALSE,TRUE,80,TRUE,TRUE,85188.88,TRUE,2807460,Trading,TRUE,6.7754,5.1514,42,Yes
F2726,27,Male,Oyo,Primary,Married,4,Crop,2.4,3,FALSE,FALSE,FALSE,66,TRUE,TRUE,22646.58,TRUE,5950017,None,TRUE,9.3021,4.8329,31,Yes
F2727,34,Female,Kaduna,Primary,Single,2,Livestock,3.7,4,TRUE,FALSE,TRUE,58,TRUE,FALSE,0,FALSE,3517389,Trading,TRUE,9.5784,4.5039,25,Yes
F2728,33,Female,Enugu,Secondary,Married,1,Crop,1.1,3,TRUE,TRUE,FALSE,48,FALSE,TRUE,74770.14,TRUE,5116059,None,TRUE,8.1041,4.6003,43,Yes
F2729,31,Female,Oyo,Secondary,Married,1,Livestock,1.8,9,TRUE,FALSE,TRUE,43,TRUE,TRUE,48876.95,TRUE,3732633,None,TRUE,6.5988,4.4491,45,Yes
F2730,26,Male,Kaduna,Secondary,Single,0,Livestock,4.9,1,FALSE,FALSE,TRUE,46,FALSE,TRUE,0,FALSE,2608578,None,FALSE,9.9747,7.5106,15,No
F2731,30,Male,Kano,Secondary,Single,1,Crop,2.2,9,TRUE,FALSE,TRUE,36,FALSE,TRUE,69321.76,TRUE,4630950,Trading,FALSE,6.1666,6.4871,34,Yes
F2732,19,Female,Enugu,Secondary,Married,2,Crop,2,5,TRUE,FALSE,TRUE,52,TRUE,TRUE,53331.2,TRUE,3505671,None,TRUE,9.536,6.2166,46,Yes
F2733,35,Male,Oyo,Secondary,Married,3,Crop,3.8,3,FALSE,FALSE,TRUE,76,TRUE,TRUE,93374.2,TRUE,3312720,Remittances,FALSE,8.1885,7.1765,39,Yes
F2734,32,Male,Enugu,Primary,Single,0,Crop,2.3,5,TRUE,FALSE,FALSE,72,TRUE,TRUE,30441.84,TRUE,3406176,None,TRUE,7.8684,4.5048,33,Yes
F2735,23,Male,Oyo,Primary,Married,3,Crop,4.2,2,TRUE,TRUE,TRUE,70,TRUE,TRUE,88791.01,TRUE,4987179,Trading,TRUE,7.4696,5.7107,47,Yes
F2736,34,Female,Enugu,Secondary,Married,2,Crop,1.7,4,FALSE,TRUE,TRUE,44,FALSE,TRUE,50309.53,TRUE,3895191,None,FALSE,8.9624,4.1121,30,Yes
F2737,27,Male,Enugu,Tertiary,Married,0,Crop,4.2,9,TRUE,TRUE,FALSE,84,TRUE,TRUE,52872.7,TRUE,4592970,None,TRUE,8.6742,3.1283,47,Yes
F2738,26,Male,Kano,Tertiary,Married,0,Mixed,3.4,1,FALSE,FALSE,FALSE,75,TRUE,TRUE,64033.68,TRUE,7042770,Trading,TRUE,9.5414,5.4407,42,Yes
F2739,21,Male,Enugu,None,Single,0,Crop,1.2,6,TRUE,TRUE,FALSE,93,TRUE,TRUE,16885.36,TRUE,4488624,Trading,TRUE,9.7848,6.1986,35,Yes
F2740,21,Female,Enugu,Primary,Single,0,Mixed,3.3,3,TRUE,FALSE,FALSE,76,TRUE,TRUE,77577.33,TRUE,4266423,Trading,FALSE,7.9043,6.9013,29,Yes
F2741,20,Female,Enugu,None,Single,0,Crop,2,8,TRUE,FALSE,TRUE,34,FALSE,TRUE,0,FALSE,2309823,None,FALSE,8.4,6.5405,10,No
F2742,20,Female,Kaduna,Primary,Married,0,Livestock,1.8,3,FALSE,FALSE,TRUE,16,FALSE,TRUE,49198.67,TRUE,3673422,None,FALSE,6.3908,6.5217,21,No
F2743,32,Female,Benue,Secondary,Single,1,Livestock,4.4,4,FALSE,FALSE,TRUE,33,FALSE,TRUE,10909.05,TRUE,5962995,None,FALSE,8.906,6.5879,27,No
F2744,33,Male,Kaduna,Secondary,Single,3,Crop,2.1,9,TRUE,TRUE,TRUE,33,TRUE,TRUE,86278,TRUE,2907135,Trading,TRUE,7.2989,7.2519,50,Yes
F2745,26,Female,Benue,Secondary,Married,0,Mixed,1.6,4,FALSE,TRUE,FALSE,65,TRUE,TRUE,16699.06,TRUE,4196862,Trading,TRUE,9.947,5.6066,47,Yes
F2746,25,Male,Oyo,None,Married,1,Livestock,4.6,7,TRUE,TRUE,TRUE,30,FALSE,TRUE,65036.69,TRUE,3253680,None,TRUE,9.6996,6.1853,32,Yes
F2747,31,Female,Kaduna,Secondary,Married,2,Crop,1.6,8,FALSE,FALSE,TRUE,75,TRUE,TRUE,75896.59,TRUE,5051232,None,TRUE,8.4272,3.4831,42,Yes
F2748,27,Female,Kano,Tertiary,Married,2,Crop,3.2,3,TRUE,TRUE,TRUE,45,FALSE,TRUE,37822.3,TRUE,4657500,Trading,TRUE,7.3366,5.4471,47,Yes
F2749,26,Female,Enugu,None,Single,0,Livestock,2.9,6,TRUE,FALSE,FALSE,59,TRUE,TRUE,43378.24,TRUE,4985028,None,FALSE,6.0897,4.5104,23,Yes
F2750,22,Female,Kano,Secondary,Single,0,Crop,3,7,TRUE,FALSE,TRUE,92,TRUE,TRUE,78776.62,TRUE,2846061,Remittances,FALSE,8.7692,6.2788,39,Yes
F2751,22,Female,Kano,Primary,Single,0,Mixed,4.3,8,FALSE,FALSE,TRUE,68,TRUE,FALSE,0,FALSE,2174247,None,FALSE,6.0423,5.3287,16,No
F2752,31,Female,Kaduna,Primary,Single,0,Crop,4.5,5,FALSE,TRUE,TRUE,66,FALSE,TRUE,30960.57,TRUE,5691285,Remittances,FALSE,9.6053,4.7321,29,No
F2753,35,Female,Kano,,Single,0,,2.3,9,FALSE,TRUE,TRUE,36,FALSE,TRUE,,TRUE,0,Trading,TRUE,6.1529,3.3149,37,Yes
F2754,21,Male,Kano,Secondary,Single,0,Crop,1.9,6,TRUE,FALSE,TRUE,67,TRUE,TRUE,67304.04,TRUE,5283657,None,FALSE,8.306,7.3059,42,Yes
F2755,33,Female,Kano,Secondary,Married,2,Mixed,3.4,6,TRUE,FALSE,FALSE,44,FALSE,TRUE,34743.7,TRUE,5418540,None,FALSE,6.0208,4.2787,33,Yes
F2756,35,Female,Kaduna,,Married,2,,2.4,5,TRUE,TRUE,TRUE,53,FALSE,TRUE,,TRUE,0,None,FALSE,8.4067,4.7359,39,Yes
F2757,23,Male,Benue,Primary,Single,0,Crop,3,5,FALSE,TRUE,TRUE,53,FALSE,TRUE,55320.23,TRUE,5358294,None,TRUE,7.4685,6.0455,27,Yes
F2758,22,Female,Kaduna,Secondary,Single,0,Livestock,3.3,1,TRUE,TRUE,TRUE,58,TRUE,TRUE,76843.13,TRUE,4235238,None,TRUE,6.7533,6.855,53,Yes
F2759,35,Male,Benue,,Married,0,,2.9,7,FALSE,FALSE,FALSE,60,FALSE,TRUE,,TRUE,0,None,TRUE,9.1709,3.8988,18,No
F2760,24,Male,Benue,,Single,0,,2.8,2,TRUE,FALSE,TRUE,68,FALSE,TRUE,,TRUE,0,None,FALSE,8.1497,7.0932,40,Yes
F2761,20,Male,Kaduna,Secondary,Single,0,Livestock,3.5,7,FALSE,TRUE,FALSE,66,TRUE,TRUE,0,FALSE,2972430,Trading,TRUE,6.104,5.4594,35,No
F2762,33,Female,Kaduna,Tertiary,Married,2,Livestock,4.2,5,FALSE,TRUE,TRUE,57,FALSE,TRUE,0,FALSE,1297764,Remittances,FALSE,9.3614,5.527,27,No
F2763,35,Male,Benue,Secondary,Married,3,Mixed,4.9,7,TRUE,TRUE,TRUE,75,TRUE,TRUE,40594.78,TRUE,4104522,None,FALSE,7.0461,6.5855,45,Yes
F2764,25,Female,Benue,Tertiary,Married,0,Crop,2.6,4,TRUE,FALSE,TRUE,56,TRUE,TRUE,0,FALSE,1918395,Remittances,FALSE,8.3115,4.2963,29,No
F2765,20,Male,Kano,None,Married,1,Crop,4.7,7,FALSE,FALSE,TRUE,69,TRUE,TRUE,72463.4,TRUE,4898745,None,FALSE,6.4222,6.029,34,Yes
F2766,19,Male,Kaduna,Primary,Single,0,Livestock,1,4,FALSE,FALSE,TRUE,52,TRUE,TRUE,0,FALSE,2141865,Remittances,FALSE,9.8804,3.1011,13,No
F2767,35,Male,Kaduna,None,Married,2,Crop,4.5,6,TRUE,TRUE,TRUE,43,FALSE,TRUE,82056.53,TRUE,5147865,None,TRUE,9.6474,6.7492,39,Yes
F2768,30,Male,Kaduna,Secondary,Single,6,Livestock,2.2,6,TRUE,TRUE,TRUE,70,TRUE,TRUE,78466.9,TRUE,3766887,None,FALSE,6.0869,4.4561,48,Yes
F2769,25,Male,Kaduna,Tertiary,Married,1,Crop,3.4,3,TRUE,TRUE,TRUE,52,FALSE,TRUE,26967.87,TRUE,4404321,None,FALSE,8.0803,6.6151,37,Yes
F2770,23,Male,Kano,Primary,Single,0,Mixed,3,6,TRUE,FALSE,TRUE,76,FALSE,TRUE,22205.4,TRUE,4319514,Trading,TRUE,6.128,6.9094,39,Yes
F2771,19,Female,Enugu,Secondary,Single,0,Mixed,2.3,7,FALSE,TRUE,TRUE,39,FALSE,TRUE,60718.15,TRUE,5126499,Trading,TRUE,9.3291,7.7264,34,Yes
F2772,19,Male,Kaduna,Tertiary,Single,0,Crop,1.9,3,TRUE,FALSE,TRUE,59,FALSE,TRUE,64335.71,TRUE,4183191,Remittances,TRUE,7.6911,4.3701,38,Yes
F2773,24,Male,Oyo,Primary,Single,0,Crop,2.3,7,FALSE,TRUE,TRUE,52,TRUE,TRUE,69840.66,TRUE,2849040,None,TRUE,9.1916,6.9727,34,Yes
F2774,26,Male,Benue,Secondary,Married,2,Crop,3.1,8,TRUE,FALSE,FALSE,39,TRUE,TRUE,93731.18,TRUE,4311351,Trading,FALSE,6.2229,6.9095,32,Yes
F2775,35,Female,Kaduna,Secondary,Married,2,Crop,2.8,9,TRUE,FALSE,FALSE,59,TRUE,TRUE,24938.12,TRUE,5674194,None,FALSE,7.8143,6.5905,39,Yes
F2776,29,Male,Benue,Primary,Married,0,Livestock,3.4,5,TRUE,FALSE,FALSE,80,TRUE,TRUE,37430.38,TRUE,3660966,None,FALSE,9.5988,5.716,30,Yes
F2777,33,Female,Kaduna,Primary,Married,4,Mixed,1.1,8,TRUE,TRUE,TRUE,56,FALSE,TRUE,0,FALSE,2568492,None,TRUE,8.9649,6.2507,24,No
F2778,29,Female,Oyo,Tertiary,Married,1,Livestock,4.4,8,FALSE,FALSE,TRUE,56,FALSE,TRUE,56042.54,TRUE,4127535,Trading,FALSE,9.4944,6.0913,33,Yes
F2779,29,Male,Enugu,Secondary,Married,4,Mixed,3.9,9,TRUE,FALSE,TRUE,35,FALSE,TRUE,75601.79,TRUE,3281400,None,FALSE,8.1279,5.4599,34,Yes
F2780,33,Male,Benue,Secondary,Married,3,Crop,1.5,3,TRUE,TRUE,TRUE,59,TRUE,FALSE,0,FALSE,1958733,None,TRUE,9.7657,5.1512,39,Yes
F2781,34,Female,Kaduna,Secondary,Married,2,Livestock,1.9,6,TRUE,FALSE,FALSE,16,FALSE,TRUE,31418.86,TRUE,5099049,Trading,FALSE,6.0502,4.7308,32,Yes
F2782,33,Female,Kaduna,None,Single,1,Livestock,1.2,5,TRUE,FALSE,TRUE,29,TRUE,TRUE,44908.95,TRUE,4219587,Trading,TRUE,7.7643,3.34,37,Yes
F2783,24,Female,Enugu,Primary,Married,1,Livestock,2.4,4,TRUE,FALSE,TRUE,67,TRUE,TRUE,11259.83,TRUE,3588786,None,TRUE,9.6361,5.3895,39,Yes
F2784,32,Female,Oyo,Primary,Married,2,Crop,4.2,3,FALSE,FALSE,FALSE,76,TRUE,TRUE,0,FALSE,3358998,None,FALSE,7.817,3.867,12,No
F2785,32,Male,Enugu,Primary,Married,4,Mixed,3.8,9,FALSE,TRUE,FALSE,37,TRUE,FALSE,0,FALSE,1121202,None,FALSE,7.0219,4.4026,11,No
F2786,26,Female,Kaduna,Secondary,Married,1,Crop,4,1,FALSE,TRUE,TRUE,50,FALSE,FALSE,0,FALSE,2011230,None,TRUE,9.9952,6.2891,26,No
F2787,18,Male,Kaduna,Secondary,Single,0,Livestock,1.1,8,FALSE,TRUE,TRUE,62,TRUE,FALSE,0,FALSE,2148237,Remittances,TRUE,7.029,3.1269,38,No
F2788,28,Male,Oyo,Tertiary,Single,0,Livestock,3.6,4,TRUE,TRUE,TRUE,44,FALSE,TRUE,76698.2,TRUE,4123719,None,FALSE,6.6645,7.2332,36,Yes
F2789,21,Female,Enugu,None,Single,0,Mixed,1.5,9,TRUE,FALSE,TRUE,93,TRUE,TRUE,21167.11,TRUE,4356045,Trading,FALSE,6.2387,6.8645,36,Yes
F2790,28,Female,Kano,Secondary,Single,0,Crop,3.7,6,FALSE,TRUE,TRUE,45,FALSE,TRUE,98317.97,TRUE,4270203,Remittances,FALSE,6.6706,3.5646,36,Yes
F2791,21,Male,Oyo,Primary,Single,0,Crop,3.7,2,TRUE,FALSE,TRUE,42,FALSE,TRUE,90868.39,TRUE,3851973,Trading,FALSE,7.2523,7.314,22,Yes
F2792,20,Female,Oyo,None,Married,2,Livestock,4.7,8,TRUE,FALSE,TRUE,31,FALSE,FALSE,0,FALSE,1801071,Trading,FALSE,9.3278,6.4407,8,No
F2793,34,Male,Enugu,Primary,Married,4,Mixed,4.6,5,FALSE,TRUE,FALSE,34,FALSE,TRUE,62825.1,TRUE,6462000,Trading,FALSE,9.4787,6.1855,19,No
F2794,34,Male,Enugu,,Single,0,,3.7,8,FALSE,FALSE,FALSE,39,FALSE,TRUE,,TRUE,0,None,TRUE,7.7981,5.1255,34,No
F2795,24,Female,Enugu,Secondary,Single,0,Crop,3.8,2,TRUE,TRUE,TRUE,79,TRUE,FALSE,0,FALSE,1900584,Trading,FALSE,9.6692,7.1772,39,No
F2796,33,Female,Kaduna,Primary,Single,1,Crop,1.2,5,TRUE,FALSE,FALSE,60,TRUE,TRUE,34001.52,TRUE,4013001,Trading,TRUE,7.1103,3.54,35,Yes
F2797,32,Male,Kaduna,,Married,1,,4.4,7,FALSE,TRUE,TRUE,49,TRUE,TRUE,,TRUE,0,Trading,FALSE,9.8857,7.1831,32,Yes
F2798,32,Female,Enugu,Primary,Married,0,Livestock,4.9,4,TRUE,FALSE,TRUE,82,TRUE,TRUE,74040.55,TRUE,3753711,Trading,TRUE,8.7806,6.8814,45,Yes
F2799,35,Male,Benue,Primary,Married,1,Mixed,1.9,5,FALSE,TRUE,TRUE,49,FALSE,TRUE,17434.29,TRUE,5907159,Remittances,TRUE,6.4401,6.4079,33,Yes
F2800,32,Female,Enugu,Secondary,Single,0,Crop,2.5,2,TRUE,FALSE,TRUE,74,TRUE,TRUE,29140.06,TRUE,3955401,None,FALSE,6.7133,5.4277,46,Yes
F2801,19,Male,Enugu,Tertiary,Single,0,Crop,3.7,7,TRUE,TRUE,TRUE,80,TRUE,TRUE,41277.92,TRUE,4511016,None,FALSE,9.0331,6.9798,51,Yes
F2802,35,Male,Kano,Primary,Married,3,Crop,4.1,9,TRUE,FALSE,TRUE,65,TRUE,TRUE,36219.5,TRUE,4149891,None,TRUE,8.6494,3.7364,37,Yes
F2803,25,Male,Benue,Secondary,Single,0,Crop,4.4,3,TRUE,TRUE,FALSE,50,TRUE,TRUE,0,FALSE,1528083,Trading,TRUE,6.3173,4.8034,30,No
F2804,34,Female,Benue,Primary,Married,3,Crop,3.2,5,TRUE,FALSE,TRUE,64,TRUE,FALSE,0,FALSE,2527218,Trading,TRUE,6.828,4.5788,27,No
F2805,19,Female,Kaduna,Secondary,Married,1,Livestock,2.5,1,FALSE,TRUE,TRUE,34,FALSE,TRUE,13125.4,TRUE,2600703,None,FALSE,9.586,3.4064,34,No
F2806,33,Female,Kano,Tertiary,Married,1,Crop,3,2,TRUE,TRUE,TRUE,41,FALSE,TRUE,28896.51,TRUE,2795148,None,TRUE,7.7939,7.5781,44,Yes
F2807,31,Male,Oyo,Primary,Single,1,Crop,2.7,9,FALSE,TRUE,FALSE,51,TRUE,TRUE,61405.27,TRUE,2774178,None,TRUE,6.3691,3.7934,25,Yes
F2808,24,Female,Kaduna,Primary,Single,0,Crop,3.5,9,TRUE,FALSE,TRUE,46,TRUE,TRUE,59738.09,TRUE,5411988,None,TRUE,7.4328,4.6151,39,Yes
F2809,23,Female,Kano,Primary,Married,3,Crop,2,1,TRUE,FALSE,TRUE,62,TRUE,TRUE,37065.75,TRUE,4521357,None,TRUE,7.2567,6.1494,43,Yes
F2810,19,Male,Kaduna,Primary,Single,0,Crop,2.5,6,FALSE,FALSE,TRUE,56,TRUE,TRUE,50681.48,TRUE,4345056,None,TRUE,7.473,3.6425,29,Yes
F2811,20,Male,Oyo,Tertiary,Single,0,Crop,2.6,6,TRUE,TRUE,TRUE,39,TRUE,TRUE,71818.32,TRUE,4023864,Trading,TRUE,9.5502,6.1366,47,Yes
F2812,22,Female,Enugu,Secondary,Single,0,Livestock,2.9,4,FALSE,TRUE,TRUE,83,TRUE,TRUE,81186.51,TRUE,6180156,None,FALSE,8.2947,3.629,50,Yes
F2813,32,Male,Benue,Primary,Single,0,Crop,3.6,3,FALSE,TRUE,TRUE,37,TRUE,TRUE,72575.13,TRUE,4808349,Trading,TRUE,7.1542,4.6901,35,Yes
F2814,20,Male,Oyo,Primary,Single,0,Mixed,2,1,TRUE,FALSE,FALSE,68,TRUE,TRUE,36636.94,TRUE,6068601,Trading,FALSE,6.2453,7.65,31,Yes
F2815,21,Female,Kano,Secondary,Single,0,Livestock,2.5,2,TRUE,FALSE,TRUE,75,TRUE,TRUE,0,FALSE,1933020,None,TRUE,9.8974,3.7058,37,Yes
F2816,29,Female,Kaduna,Primary,Single,2,Crop,2.7,3,FALSE,TRUE,TRUE,43,TRUE,TRUE,20838.41,TRUE,4720266,None,TRUE,8.6245,4.4011,33,Yes
F2817,26,Male,Kano,Tertiary,Married,2,Crop,4.2,7,TRUE,TRUE,TRUE,84,TRUE,TRUE,0,FALSE,1157031,None,FALSE,6.6357,5.4281,36,No
F2818,35,Female,Kaduna,Primary,Single,1,Mixed,1.4,9,FALSE,FALSE,TRUE,24,FALSE,TRUE,43140.95,TRUE,5337423,None,TRUE,7.8231,4.8455,24,Yes
F2819,32,Male,Enugu,Tertiary,Married,2,Crop,4.4,8,FALSE,FALSE,TRUE,88,TRUE,TRUE,38843.03,TRUE,4576869,Trading,FALSE,8.2962,4.5761,42,Yes
F2820,31,Male,Oyo,Primary,Married,1,Mixed,5,6,TRUE,FALSE,TRUE,31,FALSE,TRUE,0,FALSE,1443744,Trading,FALSE,8.3751,5.5325,13,No
F2821,31,Male,Benue,Tertiary,Single,2,Crop,1.7,1,TRUE,FALSE,TRUE,73,TRUE,TRUE,97528.48,TRUE,4646034,None,FALSE,7.4063,4.1009,39,Yes
F2822,26,Female,Benue,Secondary,Single,0,Crop,1.1,8,TRUE,TRUE,TRUE,58,TRUE,FALSE,0,FALSE,3170583,Remittances,TRUE,6.2206,7.748,37,Yes
F2823,29,Female,Enugu,Tertiary,Single,0,Crop,3.9,8,TRUE,FALSE,TRUE,47,FALSE,TRUE,60265.24,TRUE,3430098,None,TRUE,8.0062,4.2922,40,Yes
F2824,29,Female,Kano,Primary,Single,0,Crop,5,2,TRUE,FALSE,FALSE,92,TRUE,TRUE,51605.07,TRUE,4917213,Trading,TRUE,6.1741,5.503,31,Yes
F2825,23,Female,Enugu,None,Single,0,Livestock,1.7,9,FALSE,TRUE,TRUE,79,TRUE,FALSE,0,FALSE,3436056,None,TRUE,9.682,3.3757,33,Yes
F2826,18,Male,Kaduna,Primary,Single,0,Crop,2.7,3,TRUE,TRUE,TRUE,59,TRUE,FALSE,0,FALSE,2622267,Trading,FALSE,7.7036,6.4195,21,No
F2827,19,Female,Kaduna,Secondary,Married,2,Livestock,3.8,8,TRUE,TRUE,TRUE,52,TRUE,FALSE,0,FALSE,2756637,None,FALSE,9.8426,6.2524,33,Yes
F2828,18,Male,Kano,Secondary,Single,0,Livestock,4.5,9,TRUE,TRUE,TRUE,49,TRUE,TRUE,60318.9,TRUE,4310568,None,TRUE,8.2345,5.1549,47,Yes
F2829,19,Male,Enugu,Primary,Single,0,Livestock,1.7,3,TRUE,FALSE,TRUE,73,TRUE,TRUE,36729.99,TRUE,4285539,None,TRUE,8.5757,6.6665,39,Yes
F2830,34,Male,Kaduna,Secondary,Married,2,Crop,2.2,7,TRUE,TRUE,TRUE,43,FALSE,TRUE,37245.51,TRUE,4723749,Remittances,TRUE,6.9954,3.8904,44,Yes
F2831,22,Female,Benue,Primary,Single,0,Crop,4.6,2,FALSE,TRUE,TRUE,71,TRUE,TRUE,50465.33,TRUE,5019831,None,FALSE,7.4562,7.3591,38,Yes
F2832,33,Male,Benue,Primary,Single,0,Livestock,2.9,3,TRUE,TRUE,FALSE,93,TRUE,TRUE,44016.08,TRUE,3905568,None,TRUE,9.9829,5.461,37,Yes
F2833,25,Female,Kano,Secondary,Single,0,Crop,5,9,TRUE,TRUE,FALSE,56,TRUE,TRUE,96558.02,TRUE,4325130,None,FALSE,9.2463,7.1151,46,Yes
F2834,19,Female,Kaduna,Secondary,Single,0,Crop,4.8,5,FALSE,FALSE,TRUE,45,TRUE,TRUE,49754.81,TRUE,4718421,Remittances,FALSE,6.2854,3.9724,37,Yes
F2835,28,Male,Benue,None,Single,0,Crop,3.2,4,TRUE,TRUE,TRUE,40,FALSE,TRUE,81503.32,TRUE,4657968,None,FALSE,9.2625,5.1971,26,Yes
F2836,34,Female,Kano,Tertiary,Married,0,Livestock,5,3,FALSE,TRUE,FALSE,53,TRUE,TRUE,11271.04,TRUE,3123891,Trading,TRUE,8.4909,4.4653,37,Yes
F2837,23,Female,Kano,Secondary,Married,4,Crop,3.6,8,TRUE,FALSE,FALSE,56,TRUE,FALSE,0,FALSE,1011636,None,FALSE,8.9864,4.2465,17,No
F2838,24,Male,Kano,,Single,0,,4.8,1,FALSE,FALSE,FALSE,66,TRUE,TRUE,,FALSE,0,None,TRUE,6.8071,5.4779,21,No
F2839,20,Male,Kaduna,,Single,0,,1.6,5,FALSE,FALSE,TRUE,62,FALSE,FALSE,,FALSE,0,Remittances,TRUE,8.9824,7.424,13,No
F2840,21,Female,Kaduna,Primary,Single,0,Livestock,3.2,9,TRUE,TRUE,FALSE,55,FALSE,FALSE,0,FALSE,2472273,Trading,TRUE,7.2176,5.2466,17,No
F2841,24,Male,Oyo,,Single,0,,3.8,4,FALSE,TRUE,TRUE,72,TRUE,TRUE,,TRUE,0,None,FALSE,7.6152,3.7408,42,Yes
F2842,33,Male,Oyo,Primary,Single,1,Livestock,1.7,8,TRUE,TRUE,TRUE,75,TRUE,TRUE,87342.3,TRUE,5317434,None,TRUE,8.1114,7.1819,43,Yes
F2843,21,Male,Kano,Secondary,Married,2,Mixed,1.2,7,TRUE,FALSE,TRUE,42,TRUE,FALSE,0,FALSE,2735028,None,TRUE,8.6358,6.5263,35,Yes
F2844,34,Female,Benue,Tertiary,Married,3,Mixed,3.8,4,FALSE,TRUE,TRUE,59,TRUE,TRUE,59542.41,TRUE,3719124,None,FALSE,8.6225,3.6108,37,Yes
F2845,35,Male,Kaduna,Secondary,Married,3,Livestock,2.9,9,TRUE,FALSE,TRUE,48,FALSE,TRUE,45991.52,TRUE,5843259,None,FALSE,7.873,5.2478,36,Yes
F2846,26,Male,Enugu,,Married,0,,2,5,FALSE,TRUE,FALSE,68,TRUE,FALSE,,FALSE,0,Trading,TRUE,7.3991,4.3309,21,No
F2847,29,Male,Benue,Secondary,Married,2,Livestock,2.2,5,TRUE,FALSE,TRUE,73,TRUE,TRUE,0,FALSE,1212849,Trading,FALSE,9.5559,7.3886,31,No
F2848,23,Female,Kano,Tertiary,Single,0,Crop,2.8,7,TRUE,TRUE,FALSE,78,TRUE,TRUE,38992.52,TRUE,2415978,Trading,FALSE,9.2733,7.367,40,Yes
F2849,30,Female,Oyo,Primary,Married,0,Crop,2.2,3,TRUE,TRUE,TRUE,74,TRUE,TRUE,85777.36,TRUE,4010472,None,FALSE,8.4347,7.5798,43,Yes
F2850,29,Male,Benue,Secondary,Married,3,Crop,1.9,3,FALSE,FALSE,TRUE,74,TRUE,TRUE,45831.54,TRUE,5134554,None,TRUE,8.0432,5.4634,45,Yes
F2851,18,Male,Kaduna,Secondary,Single,0,Crop,3.5,9,TRUE,FALSE,TRUE,21,FALSE,TRUE,63650.93,TRUE,4072293,Trading,FALSE,8.2887,3.9878,32,Yes
F2852,31,Male,Kano,Secondary,Married,3,Mixed,1,1,TRUE,FALSE,TRUE,64,TRUE,TRUE,31569.85,TRUE,4415193,Remittances,TRUE,7.6116,6.1591,51,Yes
F2853,25,Male,Oyo,Primary,Married,2,Mixed,4.1,9,FALSE,TRUE,FALSE,43,TRUE,TRUE,88289.29,TRUE,3976362,None,FALSE,9.138,4.1058,22,No
F2854,20,Male,Kaduna,Secondary,Single,0,Livestock,3.2,6,FALSE,TRUE,TRUE,32,FALSE,TRUE,0,FALSE,2845467,None,FALSE,6.5942,7.9929,23,No
F2855,35,Male,Kaduna,Secondary,Married,3,Crop,3,6,FALSE,FALSE,TRUE,34,TRUE,TRUE,16928.22,TRUE,4827402,Trading,TRUE,6.0938,3.656,39,Yes
F2856,19,Female,Kaduna,Tertiary,Single,0,Livestock,2.7,2,TRUE,TRUE,FALSE,64,FALSE,FALSE,0,FALSE,1398204,None,FALSE,6.7242,6.6321,30,No
F2857,33,Female,Enugu,Secondary,Married,3,Crop,3.8,8,FALSE,FALSE,FALSE,63,TRUE,TRUE,40619.38,TRUE,4849443,Trading,FALSE,9.8789,3.0628,37,Yes
F2858,19,Female,Kano,,Married,1,,2.8,4,TRUE,FALSE,TRUE,77,TRUE,TRUE,,TRUE,0,None,FALSE,7.4259,5.1702,49,Yes
F2859,22,Male,Kano,Primary,Married,3,Mixed,1.1,6,TRUE,FALSE,TRUE,53,TRUE,TRUE,25496.83,TRUE,4868910,Remittances,TRUE,9.1938,6.7512,36,Yes
F2860,22,Female,Kano,Secondary,Married,4,Livestock,2.8,5,FALSE,FALSE,TRUE,22,FALSE,FALSE,0,FALSE,3930471,Trading,FALSE,9.2054,3.7786,20,No
F2861,19,Male,Kaduna,Primary,Married,2,Crop,4.7,6,FALSE,FALSE,FALSE,42,FALSE,TRUE,89477.08,TRUE,4028346,None,FALSE,8.4789,7.4797,14,No
F2862,26,Female,Oyo,Tertiary,Single,0,Mixed,3.2,1,FALSE,FALSE,FALSE,55,FALSE,TRUE,0,FALSE,2425590,None,FALSE,9.1425,4.1259,12,No
F2863,33,Female,Enugu,Secondary,Single,1,Livestock,2.1,6,FALSE,TRUE,TRUE,83,TRUE,TRUE,0,FALSE,1872270,Trading,TRUE,8.3656,4.2399,35,No
F2864,27,Male,Benue,Secondary,Single,0,Livestock,4.8,2,FALSE,FALSE,FALSE,28,FALSE,FALSE,0,FALSE,1052793,None,FALSE,7.9854,7.8093,11,No
F2865,23,Male,Kaduna,Secondary,Single,0,Livestock,2.4,2,TRUE,TRUE,FALSE,39,FALSE,FALSE,0,FALSE,1655721,None,FALSE,7.6399,4.125,21,No
F2866,34,Female,Enugu,Primary,Married,2,Mixed,3.8,6,FALSE,TRUE,TRUE,54,FALSE,TRUE,53683.52,TRUE,4357359,Remittances,FALSE,7.696,5.2069,29,No
F2867,34,Female,Enugu,Primary,Married,3,Livestock,4.2,6,TRUE,TRUE,FALSE,37,FALSE,TRUE,19031.36,TRUE,4778946,Trading,TRUE,8.6419,7.0768,29,Yes
F2868,32,Male,Kano,Primary,Single,1,Mixed,2.8,5,FALSE,TRUE,FALSE,40,TRUE,FALSE,0,FALSE,2419605,Trading,FALSE,7.5889,6.4816,14,No
F2869,20,Male,Kaduna,Tertiary,Single,0,Crop,4.7,7,FALSE,FALSE,TRUE,59,TRUE,TRUE,87530.3,TRUE,4975146,None,FALSE,7.489,4.5324,32,Yes
F2870,23,Male,Kano,Tertiary,Married,2,Crop,1.3,1,FALSE,TRUE,FALSE,36,TRUE,TRUE,47724.04,TRUE,4124628,Trading,TRUE,9.5392,6.3669,37,Yes
F2871,18,Female,Benue,Secondary,Single,0,Mixed,2.5,7,TRUE,FALSE,TRUE,46,FALSE,TRUE,99117.76,TRUE,4094559,Trading,TRUE,9.5276,6.4223,45,Yes
F2872,27,Male,Kaduna,,Married,1,,1.6,2,FALSE,FALSE,TRUE,68,TRUE,TRUE,,TRUE,0,None,FALSE,9.6543,6.8249,39,Yes
F2873,35,Male,Kaduna,Secondary,Married,1,Livestock,2.9,8,FALSE,TRUE,TRUE,62,FALSE,TRUE,25091.75,TRUE,3710268,None,FALSE,9.3637,4.1837,43,Yes
F2874,25,Female,Enugu,Tertiary,Married,2,Livestock,1.3,6,TRUE,FALSE,TRUE,44,FALSE,TRUE,0,FALSE,1255878,None,FALSE,6.5406,5.1523,21,No
F2875,23,Female,Kano,Primary,Single,0,Mixed,3.2,1,TRUE,TRUE,FALSE,72,TRUE,TRUE,16181,TRUE,4152510,None,TRUE,9.8045,3.1002,35,Yes
F2876,25,Female,Benue,Primary,Single,0,Crop,3.4,2,TRUE,FALSE,FALSE,94,TRUE,TRUE,63678.04,TRUE,6152184,Trading,FALSE,9.7611,6.6153,30,Yes
F2877,35,Female,Kaduna,Secondary,Single,1,Mixed,1.3,1,TRUE,FALSE,FALSE,50,TRUE,TRUE,91381.76,TRUE,5123259,None,TRUE,9.7687,7.414,41,Yes
F2878,19,Male,Enugu,Tertiary,Single,0,Crop,2.8,9,FALSE,TRUE,FALSE,52,FALSE,TRUE,85500.39,TRUE,5885478,Trading,TRUE,6.4205,3.503,31,Yes
F2879,22,Male,Oyo,Primary,Single,0,Crop,1.5,8,TRUE,TRUE,TRUE,73,TRUE,TRUE,97384.21,TRUE,2504718,None,FALSE,9.6455,4.9579,42,Yes
F2880,32,Female,Benue,Primary,Married,0,Crop,3.2,7,TRUE,FALSE,TRUE,45,FALSE,TRUE,29351.53,TRUE,4234122,None,TRUE,9.4323,5.95,31,Yes
F2881,28,Male,Enugu,Primary,Single,0,Livestock,3.8,1,TRUE,FALSE,TRUE,27,FALSE,TRUE,82279.47,TRUE,5575131,Trading,FALSE,7.3764,5.8096,26,Yes
F2882,35,Female,Enugu,Tertiary,Married,5,Crop,3.1,6,TRUE,FALSE,TRUE,63,TRUE,TRUE,95372.92,TRUE,4017150,Trading,TRUE,7.6159,6.1729,47,Yes
F2883,20,Female,Enugu,Tertiary,Single,0,Mixed,1.3,9,TRUE,FALSE,TRUE,41,TRUE,TRUE,56245.78,TRUE,3442680,None,FALSE,8.771,7.074,43,Yes
F2884,29,Male,Benue,Primary,Married,2,Crop,2.1,3,FALSE,TRUE,TRUE,9,FALSE,TRUE,65315.49,TRUE,3752991,Trading,TRUE,9.7676,4.6532,30,Yes
F2885,35,Male,Oyo,Secondary,Married,4,Crop,2,9,TRUE,TRUE,FALSE,64,TRUE,TRUE,48520.24,TRUE,3270564,None,TRUE,9.4838,4.8281,48,Yes
F2886,26,Male,Enugu,,Married,2,,3.6,7,FALSE,TRUE,TRUE,48,FALSE,TRUE,,TRUE,0,Remittances,FALSE,9.9845,3.3194,38,No
F2887,34,Male,Oyo,Primary,Married,1,Mixed,4.6,2,TRUE,TRUE,TRUE,69,TRUE,TRUE,55668.15,TRUE,4521024,None,TRUE,7.4058,7.7945,44,Yes
F2888,28,Female,Benue,Primary,Married,4,Crop,4,7,FALSE,FALSE,TRUE,63,TRUE,TRUE,28039.03,TRUE,3881133,Trading,FALSE,9.6929,6.6029,35,Yes
F2889,32,Female,Benue,Primary,Married,2,Crop,1,4,FALSE,TRUE,TRUE,48,TRUE,TRUE,32929.84,TRUE,5973003,Trading,TRUE,6.796,5.2477,42,Yes
F2890,30,Male,Kano,Secondary,Single,0,Livestock,2,3,FALSE,FALSE,TRUE,78,TRUE,TRUE,0,FALSE,3376818,Remittances,FALSE,9.7914,4.2307,32,No
F2891,30,Female,Enugu,Primary,Married,3,Crop,4.1,3,FALSE,FALSE,FALSE,90,TRUE,TRUE,85709.43,TRUE,4389489,None,FALSE,8.8666,5.2076,26,No
F2892,24,Male,Kano,Secondary,Single,0,Crop,2.9,3,TRUE,TRUE,TRUE,85,TRUE,TRUE,82744.43,TRUE,4307553,Remittances,FALSE,7.6132,7.7738,54,Yes
F2893,22,Male,Benue,Tertiary,Single,0,Livestock,4.3,4,TRUE,TRUE,FALSE,67,TRUE,TRUE,84819.19,TRUE,5642289,None,FALSE,7.2624,4.6517,45,Yes
F2894,33,Female,Kano,Secondary,Married,3,Crop,2.1,3,FALSE,FALSE,FALSE,14,TRUE,FALSE,0,FALSE,900000,None,TRUE,7.3759,7.3496,25,No
F2895,22,Male,Kano,Secondary,Single,0,Crop,1.4,3,FALSE,TRUE,TRUE,51,FALSE,TRUE,97944.33,TRUE,2943171,None,TRUE,7.1228,5.3423,38,Yes
F2896,25,Male,Benue,Primary,Married,1,Crop,3.5,8,TRUE,FALSE,TRUE,59,TRUE,TRUE,17599.56,TRUE,5579811,None,FALSE,6.8487,7.8431,33,Yes
F2897,35,Female,Benue,Tertiary,Married,6,Livestock,1.5,7,TRUE,TRUE,TRUE,32,FALSE,TRUE,0,FALSE,1489518,None,TRUE,7.3144,6.3023,32,No
F2898,26,Male,Enugu,Secondary,Married,3,Crop,2.8,5,TRUE,FALSE,TRUE,83,TRUE,TRUE,15753.81,TRUE,5324499,None,FALSE,6.6589,7.3245,45,Yes
F2899,34,Male,Oyo,Primary,Married,1,Crop,2.9,9,FALSE,FALSE,TRUE,64,TRUE,TRUE,86345.63,TRUE,4910823,Trading,FALSE,9.0032,7.6527,28,Yes
F2900,25,Female,Kano,Secondary,Married,4,Mixed,2.7,8,FALSE,TRUE,TRUE,85,TRUE,TRUE,27306.33,TRUE,4658058,None,TRUE,9.1272,6.9532,52,Yes
F2901,26,Male,Enugu,Secondary,Single,0,Crop,3.4,3,TRUE,TRUE,FALSE,70,TRUE,TRUE,99223.16,TRUE,4546719,None,FALSE,7.4089,6.827,41,Yes
F2902,33,Female,Oyo,,Married,3,,1.5,7,FALSE,TRUE,TRUE,63,TRUE,TRUE,,FALSE,0,None,FALSE,9.6282,7.4114,34,No
F2903,34,Male,Kaduna,None,Married,5,Livestock,1.6,7,FALSE,TRUE,TRUE,74,TRUE,TRUE,36467.23,TRUE,5521482,None,FALSE,6.1899,7.1786,38,Yes
F2904,30,Male,Oyo,Tertiary,Married,4,Crop,1.3,6,TRUE,TRUE,TRUE,43,FALSE,FALSE,0,FALSE,1445166,Trading,TRUE,8.9562,7.3433,35,No
F2905,18,Male,Oyo,Primary,Single,0,Crop,4.2,5,TRUE,FALSE,FALSE,45,FALSE,FALSE,0,FALSE,1334628,None,TRUE,7.2295,4.3399,17,No
F2906,33,Male,Enugu,Primary,Married,2,Crop,3.7,2,TRUE,FALSE,TRUE,82,TRUE,TRUE,48608.12,TRUE,5742927,None,TRUE,8.7206,7.8153,42,Yes
F2907,19,Female,Benue,Primary,Married,0,Crop,2.4,9,FALSE,TRUE,TRUE,45,FALSE,TRUE,86630.86,TRUE,3544587,Remittances,FALSE,6.9279,4.5884,20,No
F2908,28,Female,Benue,Primary,Married,2,Crop,2.9,2,TRUE,TRUE,TRUE,48,FALSE,TRUE,77509.94,TRUE,5715882,Trading,FALSE,8.7431,3.7063,30,Yes
F2909,25,Female,Kaduna,Secondary,Single,0,Crop,3.6,9,TRUE,TRUE,TRUE,59,TRUE,FALSE,0,FALSE,1926657,None,TRUE,9.0572,3.6748,42,Yes
F2910,20,Female,Enugu,Secondary,Married,2,Livestock,4.2,3,TRUE,TRUE,TRUE,84,TRUE,TRUE,56850.07,TRUE,5391351,Trading,FALSE,7.8648,5.4844,51,Yes
F2911,33,Male,Kaduna,Secondary,Married,1,Mixed,4.4,9,FALSE,FALSE,TRUE,38,FALSE,TRUE,55312.4,TRUE,5512626,Trading,TRUE,7.4095,6.8356,41,Yes
F2912,30,Male,Oyo,Tertiary,Single,1,Crop,3.9,8,TRUE,TRUE,FALSE,53,TRUE,TRUE,0,FALSE,1432728,Remittances,FALSE,7.9757,7.6026,24,No
F2913,19,Male,Benue,Secondary,Single,0,Crop,1.7,7,TRUE,TRUE,TRUE,74,TRUE,TRUE,85116.25,TRUE,3403917,Trading,TRUE,7.0655,6.6804,53,Yes
F2914,25,Male,Kano,Tertiary,Married,1,Crop,2.5,8,TRUE,TRUE,TRUE,48,FALSE,TRUE,97569.63,TRUE,3992103,Remittances,FALSE,9.3888,7.847,39,Yes
F2915,22,Female,Kano,Tertiary,Married,3,Livestock,4.3,6,TRUE,TRUE,TRUE,55,TRUE,TRUE,93903.3,TRUE,5062572,None,FALSE,6.4353,7.8701,47,Yes
F2916,24,Female,Oyo,Primary,Single,0,Crop,4.9,5,FALSE,TRUE,TRUE,80,TRUE,TRUE,79099.84,TRUE,3113613,None,FALSE,7.5733,7.8452,30,Yes
F2917,27,Male,Benue,None,Single,0,Livestock,1.6,7,TRUE,FALSE,TRUE,64,TRUE,FALSE,0,FALSE,2338389,None,TRUE,6.8445,7.8145,27,No
F2918,32,Female,Benue,Secondary,Married,1,Livestock,2,8,TRUE,FALSE,TRUE,17,FALSE,TRUE,35911.45,TRUE,2731167,Remittances,FALSE,9.6827,7.921,36,Yes
F2919,35,Male,Enugu,Tertiary,Married,2,Mixed,4.6,7,TRUE,FALSE,TRUE,37,TRUE,TRUE,19105.62,TRUE,4882023,None,TRUE,7.2923,7.3866,43,Yes
F2920,28,Female,Kano,Secondary,Married,2,Livestock,4.9,5,FALSE,FALSE,FALSE,15,TRUE,FALSE,0,FALSE,2015865,None,TRUE,6.4804,3.8004,18,No
F2921,28,Male,Kano,Tertiary,Single,0,Mixed,3.7,5,TRUE,FALSE,TRUE,38,FALSE,FALSE,0,FALSE,1704276,Trading,TRUE,8.6717,4.8005,29,No
F2922,34,Female,Enugu,Primary,Married,2,Livestock,2.9,1,FALSE,TRUE,TRUE,37,FALSE,TRUE,0,FALSE,1547649,None,TRUE,6.4317,3.0369,14,No
F2923,18,Female,Enugu,Tertiary,Single,0,Livestock,2.2,4,TRUE,TRUE,TRUE,45,TRUE,TRUE,0,FALSE,2465379,Trading,FALSE,6.3841,7.0417,35,No
F2924,20,Female,Benue,,Married,0,,3.6,5,FALSE,TRUE,TRUE,47,FALSE,FALSE,,FALSE,0,None,FALSE,8.8927,4.7649,22,No
F2925,20,Female,Oyo,Tertiary,Single,0,Mixed,4.3,7,FALSE,TRUE,TRUE,39,FALSE,TRUE,21667.43,TRUE,5017689,None,TRUE,8.6169,5.5164,44,Yes
F2926,33,Female,Kaduna,Primary,Single,1,Livestock,4.8,8,FALSE,FALSE,TRUE,72,TRUE,TRUE,92148.62,TRUE,3845187,None,FALSE,8.6427,3.8776,30,Yes
F2927,30,Male,Kano,Primary,Married,3,Crop,1.6,3,TRUE,TRUE,TRUE,95,TRUE,TRUE,28047.03,TRUE,4306230,Trading,TRUE,8.0006,6.9344,44,Yes
F2928,35,Male,Kaduna,Tertiary,Single,0,Crop,2,2,FALSE,TRUE,TRUE,58,TRUE,TRUE,0,FALSE,986490,Trading,FALSE,8.1875,3.7709,30,No
F2929,34,Male,Enugu,Secondary,Single,0,Mixed,3.9,4,TRUE,FALSE,FALSE,55,TRUE,TRUE,68926.26,TRUE,4891518,None,FALSE,8.6477,3.0475,27,Yes
F2930,30,Female,Oyo,None,Married,4,Crop,2,8,TRUE,FALSE,FALSE,56,TRUE,TRUE,53361.38,TRUE,3957192,Trading,TRUE,7.1846,5.7015,27,Yes
F2931,21,Male,Enugu,Secondary,Single,0,Mixed,1.9,9,TRUE,TRUE,TRUE,72,TRUE,FALSE,0,FALSE,3242529,None,FALSE,8.4615,4.1339,43,Yes
F2932,29,Female,Kano,,Single,2,,2.9,3,TRUE,TRUE,TRUE,12,FALSE,FALSE,,FALSE,0,Trading,TRUE,8.2783,4.0658,28,No
F2933,35,Male,Kaduna,,Married,3,,4.5,1,FALSE,FALSE,TRUE,68,TRUE,TRUE,,TRUE,0,Trading,TRUE,9.7655,3.9707,48,Yes
F2934,33,Male,Enugu,Primary,Single,1,Crop,4.7,9,FALSE,TRUE,TRUE,37,TRUE,TRUE,0,FALSE,1784727,None,TRUE,8.5159,3.3864,20,No
F2935,35,Female,Kano,Secondary,Single,0,Crop,3,8,FALSE,TRUE,TRUE,67,TRUE,TRUE,94484.77,TRUE,3656583,Remittances,TRUE,6.7717,3.7474,48,Yes
F2936,22,Male,Kano,Secondary,Single,0,Mixed,2.9,5,FALSE,TRUE,TRUE,63,TRUE,TRUE,47214.4,TRUE,5324994,Trading,TRUE,7.3249,3.5315,48,Yes
F2937,34,Female,Enugu,Primary,Single,0,Crop,3.2,4,TRUE,TRUE,FALSE,44,FALSE,TRUE,50471.77,TRUE,3836295,None,TRUE,7.4529,6.6424,32,Yes
F2938,33,Male,Enugu,,Single,0,,4.2,2,TRUE,TRUE,TRUE,73,TRUE,TRUE,,TRUE,0,Trading,TRUE,6.4377,7.0343,46,Yes
F2939,20,Male,Enugu,Primary,Single,0,Mixed,4.4,8,TRUE,FALSE,TRUE,63,TRUE,TRUE,0,FALSE,2427480,Trading,FALSE,9.1748,5.7621,24,No
F2940,20,Male,Enugu,Tertiary,Single,0,Mixed,1.5,4,TRUE,TRUE,TRUE,40,FALSE,TRUE,95730.63,TRUE,5074515,None,FALSE,9.9128,7.7082,39,Yes
F2941,22,Female,Oyo,Secondary,Married,2,Livestock,2.3,2,FALSE,TRUE,TRUE,50,FALSE,TRUE,0,FALSE,2439738,None,FALSE,9.8897,7.6758,27,No
F2942,27,Female,Benue,Secondary,Single,0,Crop,2.2,8,TRUE,TRUE,TRUE,71,TRUE,TRUE,90172.43,TRUE,5375637,Trading,FALSE,9.655,7.6398,42,Yes
F2943,26,Male,Kaduna,Tertiary,Single,0,Livestock,1.5,1,TRUE,TRUE,TRUE,39,TRUE,TRUE,57946.02,TRUE,5600826,None,FALSE,6.5689,6.4879,43,Yes
F2944,30,Female,Benue,Secondary,Married,1,Crop,1.3,4,FALSE,FALSE,TRUE,58,TRUE,FALSE,0,FALSE,2223945,None,TRUE,7.0296,4.5858,22,No
F2945,35,Male,Benue,None,Married,2,Mixed,3.6,8,FALSE,FALSE,TRUE,35,FALSE,TRUE,86413.05,TRUE,4577184,None,TRUE,6.2215,5.3958,23,Yes
F2946,18,Male,Kaduna,Secondary,Married,1,Crop,2.8,9,TRUE,TRUE,FALSE,52,FALSE,TRUE,72049.83,TRUE,5099598,None,FALSE,7.0888,4.6851,34,Yes
F2947,29,Female,Benue,Primary,Single,1,Mixed,5,6,TRUE,FALSE,TRUE,57,TRUE,TRUE,99636.52,TRUE,4781844,None,FALSE,6.2982,3.211,29,Yes
F2948,20,Female,Kano,Tertiary,Single,0,Crop,3.2,4,FALSE,TRUE,TRUE,68,TRUE,FALSE,0,FALSE,3015450,None,TRUE,8.6512,3.0547,37,Yes
F2949,35,Male,Oyo,Tertiary,Married,0,Livestock,1.2,2,FALSE,FALSE,FALSE,50,TRUE,TRUE,25552.74,TRUE,3339252,Trading,FALSE,8.2321,5.7554,29,No
F2950,32,Male,Enugu,Primary,Married,0,Livestock,3.9,5,TRUE,TRUE,TRUE,65,TRUE,TRUE,65205.77,TRUE,3930012,Trading,TRUE,8.2222,6.9175,45,Yes
F2951,34,Male,Kano,,Married,3,,3.4,1,TRUE,TRUE,TRUE,45,FALSE,TRUE,,TRUE,0,Trading,TRUE,8.973,3.5402,46,Yes
F2952,22,Male,Benue,Secondary,Single,0,Crop,4.5,8,TRUE,FALSE,TRUE,34,FALSE,TRUE,15101.97,TRUE,4324131,Trading,FALSE,6.7933,4.5873,29,Yes
F2953,29,Female,Enugu,,Married,3,,2,4,TRUE,TRUE,TRUE,81,TRUE,TRUE,,TRUE,0,Trading,TRUE,7.5419,4.9802,44,Yes
F2954,26,Male,Kano,Tertiary,Single,0,Livestock,1.2,2,TRUE,FALSE,TRUE,100,TRUE,FALSE,0,FALSE,1503981,Remittances,FALSE,9.1927,5.2152,29,No
F2955,32,Male,Kaduna,Primary,Married,1,Livestock,4.8,1,TRUE,FALSE,TRUE,56,TRUE,TRUE,0,FALSE,900000,None,TRUE,7.0463,7.1769,16,No
F2956,29,Male,Kano,Secondary,Married,1,Crop,2,2,FALSE,TRUE,TRUE,53,FALSE,TRUE,39867.28,TRUE,3069783,None,FALSE,8.3472,5.2391,28,No
F2957,31,Female,Oyo,Primary,Single,0,Mixed,1.1,8,TRUE,TRUE,TRUE,58,TRUE,TRUE,97694.57,TRUE,4825386,Trading,FALSE,6.1499,5.8851,34,Yes
F2958,26,Male,Kano,Tertiary,Married,4,Livestock,2.3,2,TRUE,FALSE,TRUE,51,FALSE,TRUE,62181.46,TRUE,4203882,Trading,TRUE,6.9874,6.3392,39,Yes
F2959,20,Male,Benue,Tertiary,Married,1,Crop,3.7,6,TRUE,FALSE,FALSE,54,FALSE,TRUE,57874.82,TRUE,4886199,None,TRUE,6.1079,5.076,36,Yes
F2960,24,Female,Benue,Tertiary,Married,1,Crop,4.6,3,TRUE,TRUE,FALSE,73,TRUE,TRUE,66489.37,TRUE,2998557,Remittances,FALSE,6.7287,5.4203,40,Yes
F2961,27,Female,Oyo,Secondary,Single,0,Mixed,2.1,1,TRUE,TRUE,TRUE,67,FALSE,TRUE,14654.05,TRUE,4257891,Remittances,FALSE,9.4223,5.7063,47,Yes
F2962,33,Female,Kaduna,Primary,Single,0,Livestock,3.1,4,FALSE,FALSE,TRUE,39,TRUE,TRUE,23829.97,TRUE,3374127,Remittances,TRUE,7.051,7.0745,32,Yes
F2963,19,Male,Enugu,Primary,Single,0,Crop,2,4,TRUE,FALSE,FALSE,58,TRUE,TRUE,57974.69,TRUE,3824019,None,TRUE,7.2992,5.2399,31,Yes
F2964,26,Female,Benue,Tertiary,Married,0,Crop,3.7,7,FALSE,TRUE,FALSE,84,FALSE,TRUE,71963.9,TRUE,5490801,Trading,FALSE,6.851,6.0847,39,No
F2965,35,Female,Enugu,Secondary,Married,1,Crop,2.5,7,FALSE,TRUE,TRUE,59,TRUE,TRUE,61177.89,TRUE,5610240,None,TRUE,8.4337,6.6251,48,Yes
F2966,35,Female,Enugu,Secondary,Married,0,Crop,1.8,6,FALSE,FALSE,TRUE,70,TRUE,FALSE,0,FALSE,2578833,None,TRUE,7.8107,3.6524,33,No
F2967,23,Male,Kaduna,Secondary,Married,3,Crop,4.5,7,TRUE,TRUE,FALSE,66,TRUE,TRUE,63722.31,TRUE,4655007,None,FALSE,9.8278,3.2104,41,Yes
F2968,27,Male,Kaduna,Primary,Married,2,Crop,2.2,9,TRUE,FALSE,TRUE,73,TRUE,FALSE,0,FALSE,1364841,Trading,TRUE,6.7195,5.1681,29,No
F2969,26,Female,Enugu,Tertiary,Married,1,Crop,2.3,2,FALSE,TRUE,FALSE,39,FALSE,TRUE,74662.16,TRUE,4254318,Trading,FALSE,7.9215,6.4329,35,No
F2970,33,Female,Enugu,Tertiary,Single,1,Mixed,4.9,1,TRUE,TRUE,TRUE,63,FALSE,TRUE,97338.91,TRUE,4480776,Trading,FALSE,8.0868,3.9681,46,Yes
F2971,29,Female,Benue,Tertiary,Single,1,Mixed,4.4,3,FALSE,FALSE,TRUE,67,TRUE,TRUE,23793.53,TRUE,3796587,None,TRUE,9.1811,7.3683,44,Yes
F2972,24,Male,Enugu,Tertiary,Single,0,Livestock,3,7,TRUE,TRUE,TRUE,60,FALSE,TRUE,96058.76,TRUE,4493250,None,FALSE,9.1898,6.9285,38,Yes
F2973,21,Male,Oyo,Secondary,Single,0,Livestock,4.9,6,FALSE,FALSE,TRUE,55,FALSE,TRUE,81267.1,TRUE,4970889,None,FALSE,8.4719,4.7917,33,Yes
F2974,21,Female,Kaduna,Secondary,Married,1,Livestock,4.9,8,FALSE,TRUE,TRUE,30,FALSE,TRUE,18737.12,TRUE,6009822,None,TRUE,6.6416,3.9636,40,Yes
F2975,31,Male,Enugu,None,Single,1,Crop,4.7,6,TRUE,TRUE,TRUE,39,FALSE,TRUE,35626.26,TRUE,5306463,None,FALSE,6.1626,7.8762,37,Yes
F2976,19,Male,Enugu,Tertiary,Single,0,Livestock,3.9,2,TRUE,FALSE,FALSE,67,TRUE,TRUE,46391.64,TRUE,4443192,None,FALSE,7.429,6.707,37,Yes
F2977,18,Female,Oyo,Tertiary,Married,3,Crop,4.8,5,TRUE,FALSE,TRUE,52,TRUE,TRUE,62473.02,TRUE,5476455,None,FALSE,8.2191,7.4051,44,Yes
F2978,26,Male,Kaduna,Secondary,Married,2,Crop,2.3,9,FALSE,TRUE,TRUE,48,FALSE,TRUE,95495.32,TRUE,4004586,None,FALSE,9.8996,7.1137,33,Yes
F2979,33,Female,Kaduna,Tertiary,Married,2,Crop,1.1,4,TRUE,FALSE,TRUE,27,FALSE,TRUE,78248.25,TRUE,3599190,None,TRUE,7.1243,7.2911,35,Yes
F2980,31,Female,Enugu,None,Married,2,Livestock,4.7,4,TRUE,FALSE,TRUE,42,FALSE,TRUE,0,FALSE,2424366,Remittances,TRUE,9.9415,3.9793,18,No
F2981,30,Female,Enugu,,Married,0,,3.6,4,TRUE,TRUE,FALSE,52,TRUE,TRUE,,TRUE,0,None,FALSE,7.2559,4.6099,38,Yes
F2982,20,Female,Oyo,Secondary,Single,0,Livestock,3.9,9,TRUE,TRUE,FALSE,36,FALSE,TRUE,71498.03,TRUE,3374397,None,TRUE,7.2674,6.2733,36,Yes
F2983,23,Male,Kaduna,Primary,Single,0,Crop,2.9,7,FALSE,FALSE,TRUE,71,TRUE,TRUE,99115.27,TRUE,5633361,None,TRUE,8.3661,7.0895,39,Yes
F2984,24,Male,Kaduna,Secondary,Single,0,Livestock,4.9,1,FALSE,TRUE,TRUE,41,TRUE,TRUE,0,FALSE,3882141,None,TRUE,8.2899,5.3794,31,Yes
F2985,34,Female,Benue,,Married,1,,2.2,6,TRUE,TRUE,TRUE,81,TRUE,TRUE,,TRUE,0,None,FALSE,8.8397,4.3537,39,Yes
F2986,26,Female,Kano,Primary,Single,0,Mixed,1.9,8,TRUE,FALSE,TRUE,46,FALSE,FALSE,0,FALSE,3583647,None,FALSE,6.7295,4.5715,17,No
F2987,33,Female,Benue,None,Single,2,Crop,2.4,6,FALSE,TRUE,TRUE,39,FALSE,FALSE,0,FALSE,2767617,None,TRUE,9.803,5.3248,21,No
F2988,35,Male,Enugu,Secondary,Married,1,Livestock,4.9,4,FALSE,TRUE,TRUE,66,TRUE,TRUE,96942.57,TRUE,5265549,Trading,TRUE,9.8953,6.5789,47,Yes
F2989,35,Female,Oyo,Primary,Married,1,Crop,2.8,8,FALSE,TRUE,TRUE,38,TRUE,TRUE,0,FALSE,3540960,Trading,TRUE,9.366,4.7398,20,No
F2990,25,Male,Kano,Secondary,Married,1,Mixed,2.6,7,TRUE,TRUE,TRUE,84,TRUE,TRUE,18280.2,TRUE,4077063,None,FALSE,7.9045,5.4029,47,Yes
F2991,34,Male,Oyo,,Married,0,,2.1,7,TRUE,FALSE,TRUE,57,TRUE,TRUE,,TRUE,0,None,FALSE,7.1345,3.5055,25,Yes
F2992,21,Female,Kaduna,Secondary,Single,0,Crop,2.9,7,TRUE,TRUE,TRUE,39,TRUE,TRUE,95876.18,TRUE,5635602,Remittances,FALSE,6.8227,7.5557,54,Yes
F2993,19,Male,Benue,None,Single,0,Crop,1.3,8,FALSE,TRUE,FALSE,62,TRUE,TRUE,22486.21,TRUE,4242060,Trading,FALSE,9.6417,6.8042,34,Yes
F2994,34,Female,Kaduna,Primary,Married,0,Crop,2.1,7,FALSE,TRUE,FALSE,42,TRUE,TRUE,75910.34,TRUE,5384061,Trading,TRUE,9.2663,5.4611,30,Yes
F2995,26,Male,Enugu,Primary,Married,3,Mixed,3.8,9,TRUE,FALSE,TRUE,35,FALSE,TRUE,18067.12,TRUE,4245237,None,FALSE,9.0678,4.4886,24,Yes
F2996,27,Female,Kaduna,Secondary,Married,1,Crop,1.4,9,FALSE,FALSE,FALSE,23,TRUE,TRUE,51417.57,TRUE,4420728,None,FALSE,7.5271,3.0455,29,No
F2997,35,Female,Oyo,Secondary,Married,2,Mixed,2.8,7,FALSE,TRUE,FALSE,71,TRUE,TRUE,94760.63,TRUE,3814551,None,FALSE,8.8507,7.4407,39,Yes
F2998,22,Male,Kano,Secondary,Single,0,Mixed,2.4,1,FALSE,FALSE,TRUE,72,TRUE,TRUE,97850.73,TRUE,5867577,Trading,TRUE,6.1703,7.9405,42,Yes
F2999,31,Male,Kano,Secondary,Single,1,Crop,4.9,7,TRUE,FALSE,TRUE,53,FALSE,TRUE,36022.01,TRUE,1514412,None,TRUE,7.3315,3.3534,32,Yes
F1801,23,Male,Oyo,Tertiary,Single,0,Livestock,3.6,2,TRUE,FALSE,TRUE,71,TRUE,FALSE,0,FALSE,2753028,None,FALSE,6.2176,7.4726,32,Yes
F1190,28,Female,Oyo,Secondary,Married,5,Crop,2.3,8,FALSE,TRUE,TRUE,30,FALSE,TRUE,60718.29,TRUE,5298570,None,FALSE,6.5694,4.9922,39,Yes
F1817,29,Female,Kano,Primary,Married,1,Livestock,1.3,3,TRUE,TRUE,TRUE,27,TRUE,TRUE,17651.94,TRUE,3701385,Trading,TRUE,7.3526,5.9275,43,Yes
F0251,29,Male,Kaduna,Secondary,Single,1,Crop,4.3,2,TRUE,FALSE,TRUE,60,TRUE,TRUE,43175.86,TRUE,3560067,None,FALSE,8.3409,4.4044,32,Yes
F2505,34,Male,Kaduna,Secondary,Married,3,Crop,1.9,8,FALSE,TRUE,FALSE,93,TRUE,TRUE,14409.76,TRUE,4386861,None,TRUE,9.0812,3.9541,45,Yes
F1117,27,Female,Oyo,Tertiary,Married,5,Crop,4.4,7,FALSE,FALSE,TRUE,29,FALSE,TRUE,95692.19,TRUE,4697613,Trading,TRUE,7.617,6.0888,36,Yes
F1411,21,Female,Enugu,Secondary,Married,1,Mixed,1,1,TRUE,FALSE,TRUE,60,TRUE,TRUE,69128.4,TRUE,1791594,None,TRUE,8.692,5.0786,39,Yes
F2113,18,Male,Kano,Tertiary,Married,1,Mixed,2.4,8,TRUE,FALSE,FALSE,55,TRUE,TRUE,0,FALSE,2366928,None,FALSE,6.8629,7.9169,24,No
F0408,33,Female,Enugu,Primary,Single,0,Livestock,3.7,7,TRUE,TRUE,TRUE,60,TRUE,TRUE,16973.86,TRUE,4706784,None,TRUE,7.445,7.3101,43,Yes
F2579,30,Female,Benue,Tertiary,Single,1,Crop,2.7,4,TRUE,TRUE,TRUE,45,TRUE,TRUE,30768.68,TRUE,5410017,None,FALSE,9.8658,3.0171,47,Yes
F2254,34,Female,Oyo,None,Single,2,Livestock,2.3,6,FALSE,TRUE,TRUE,61,TRUE,FALSE,0,FALSE,3681045,None,TRUE,7.8663,7.4444,29,No
F0052,33,Male,Kano,Secondary,Married,2,Crop,2.5,1,TRUE,TRUE,FALSE,58,TRUE,TRUE,67789.92,TRUE,5489082,None,TRUE,9.3702,4.8109,45,Yes
F0644,34,Male,Benue,Secondary,Married,4,Mixed,4,2,TRUE,TRUE,TRUE,59,FALSE,TRUE,15438.76,TRUE,4881987,None,FALSE,7.1957,6.6807,35,Yes
F1763,26,Male,Kaduna,Secondary,Single,0,Livestock,3.3,2,FALSE,TRUE,TRUE,56,FALSE,FALSE,0,FALSE,2565252,None,FALSE,9.1813,3.1426,25,No
F2776,29,Male,Benue,Primary,Married,1,Livestock,3.4,5,TRUE,FALSE,FALSE,80,TRUE,TRUE,37430.38,TRUE,3660966,None,FALSE,9.5988,5.716,30,Yes
F0900,32,Male,Oyo,Primary,Single,3,Livestock,3.8,2,TRUE,FALSE,TRUE,40,FALSE,TRUE,67957.1,TRUE,5696478,None,FALSE,8.2908,5.7892,25,Yes
F1073,31,Female,Kaduna,Tertiary,Married,2,Crop,2.1,7,FALSE,FALSE,FALSE,74,TRUE,FALSE,0,FALSE,900000,None,FALSE,9.0195,5.7719,24,No
F0472,23,Male,Kaduna,Primary,Married,3,Mixed,1.6,5,FALSE,TRUE,TRUE,42,FALSE,TRUE,0,FALSE,3075507,None,TRUE,8.3305,4.5846,20,No
F2738,26,Male,Kano,Tertiary,Single,0,Mixed,3.4,1,FALSE,FALSE,FALSE,75,TRUE,TRUE,64033.68,TRUE,7042770,Trading,TRUE,9.5414,5.4407,42,Yes
F2546,28,Male,Benue,Primary,Married,3,Livestock,2.4,7,TRUE,FALSE,TRUE,97,TRUE,TRUE,96608.38,TRUE,2247705,Remittances,FALSE,6.4993,5.9221,31,Yes
F0044,19,Female,Kaduna,Secondary,Single,0,Livestock,4.3,6,TRUE,TRUE,TRUE,85,TRUE,TRUE,33381.5,TRUE,4059099,None,FALSE,6.7517,3.7403,50,Yes
F0289,27,Male,Kaduna,Tertiary,Single,0,Crop,1.9,7,TRUE,TRUE,FALSE,77,TRUE,TRUE,22567.81,TRUE,4677408,None,TRUE,6.2608,3.2496,51,Yes
F0912,32,Male,Oyo,Tertiary,Married,2,Crop,1.2,3,TRUE,FALSE,TRUE,69,TRUE,FALSE,0,FALSE,2639655,Remittances,FALSE,6.4735,4.6926,31,No
F2083,20,Female,Oyo,Secondary,Married,2,Crop,2.8,7,TRUE,TRUE,TRUE,46,FALSE,TRUE,39746.84,TRUE,4096269,Trading,FALSE,8.4577,4.4652,41,Yes
F1360,19,Female,Enugu,Tertiary,Single,0,Crop,3.6,5,TRUE,TRUE,TRUE,67,FALSE,TRUE,93088.48,TRUE,3281139,Trading,FALSE,8.3313,5.3087,42,Yes
F2895,22,Male,Kano,Secondary,Married,2,Crop,1.4,3,FALSE,TRUE,TRUE,51,FALSE,TRUE,97944.33,TRUE,2943171,None,TRUE,7.1228,5.3423,38,Yes
F2603,25,Female,Kaduna,Secondary,Married,2,Crop,5,5,TRUE,FALSE,TRUE,56,TRUE,TRUE,11032.3,TRUE,6051186,Trading,FALSE,8.5576,7.0566,46,Yes
F1226,30,Male,Kano,Tertiary,Married,0,Mixed,4.8,5,FALSE,FALSE,TRUE,100,TRUE,FALSE,0,FALSE,1053693,Remittances,FALSE,9.6947,5.4808,24,No
F0296,18,Female,Oyo,Secondary,Single,0,Mixed,1.2,5,TRUE,TRUE,TRUE,55,TRUE,FALSE,0,FALSE,900000,Trading,TRUE,7.7173,6.7724,38,Yes
F1241,26,Female,Oyo,Secondary,Married,5,Crop,1.4,3,FALSE,FALSE,FALSE,53,FALSE,TRUE,99341.17,TRUE,4591980,None,FALSE,7.3197,3.5902,26,No
F1005,18,Male,Enugu,Secondary,Single,0,Livestock,1.9,1,TRUE,FALSE,FALSE,38,TRUE,TRUE,26310.55,TRUE,5292018,Trading,FALSE,9.7437,3.8804,31,Yes
F1665,19,Male,Benue,Secondary,Single,0,Crop,3,9,FALSE,TRUE,FALSE,61,TRUE,TRUE,52016.35,TRUE,4476159,None,FALSE,7.4754,7.0265,39,Yes
F0746,19,Female,Kaduna,Primary,Single,0,Crop,3.3,4,FALSE,TRUE,TRUE,53,FALSE,TRUE,54873.82,TRUE,4335822,Trading,FALSE,8.7747,4.9471,27,No
F2851,18,Male,Kaduna,Secondary,Married,4,Crop,3.5,9,TRUE,FALSE,TRUE,21,FALSE,TRUE,63650.93,TRUE,4072293,Trading,FALSE,8.2887,3.9878,32,Yes
F0291,35,Male,Kaduna,Secondary,Single,1,Crop,3.3,2,FALSE,TRUE,TRUE,84,TRUE,TRUE,25166.85,TRUE,3491190,None,FALSE,7.5228,5.6925,39,Yes
F0781,21,Male,Enugu,Tertiary,Married,0,Mixed,4.3,7,FALSE,FALSE,TRUE,6,FALSE,FALSE,0,FALSE,2300562,Trading,FALSE,6.8215,5.4978,17,No
F2144,24,Female,Benue,Primary,Single,0,Crop,1.3,2,TRUE,TRUE,TRUE,44,FALSE,TRUE,77167.41,TRUE,3069567,None,TRUE,8.2573,5.6013,39,Yes
F0322,18,Female,Benue,Tertiary,Single,0,Livestock,4.3,1,TRUE,FALSE,TRUE,48,FALSE,TRUE,79914.82,TRUE,5866578,None,TRUE,7.453,6.0532,39,Yes
F0298,29,Male,Kano,Tertiary,Single,2,Livestock,3.9,9,TRUE,FALSE,TRUE,82,TRUE,TRUE,69377.05,TRUE,4629798,None,TRUE,9.3851,6.351,52,Yes
F1298,22,Female,Benue,Tertiary,Single,0,Crop,3.6,9,FALSE,FALSE,TRUE,77,TRUE,TRUE,13080.56,TRUE,4175973,Remittances,TRUE,9.7433,6.6495,42,Yes
F0194,29,Female,Kaduna,Secondary,Married,2,Mixed,3.6,6,FALSE,FALSE,FALSE,59,TRUE,TRUE,85727.48,TRUE,5826555,Trading,TRUE,9.1183,5.876,38,Yes
F0063,30,Female,Enugu,Primary,Single,1,Crop,3,1,FALSE,TRUE,TRUE,37,FALSE,FALSE,0,FALSE,3234708,None,FALSE,8.3703,4.8996,12,No
F0393,19,Male,Enugu,Secondary,Single,0,Crop,2.1,8,TRUE,TRUE,TRUE,49,FALSE,TRUE,87681.78,TRUE,6223698,None,TRUE,9.979,5.8561,46,Yes
F0727,29,Male,Oyo,Secondary,Married,2,Crop,2.5,5,TRUE,FALSE,TRUE,46,TRUE,TRUE,35347.22,TRUE,4303620,None,TRUE,9.5092,7.1828,47,Yes
F1583,23,Male,Benue,Secondary,Single,0,Crop,4.7,4,TRUE,TRUE,TRUE,66,TRUE,TRUE,48262.73,TRUE,3502953,None,TRUE,9.6692,4.2515,53,Yes
F1547,25,Female,Kano,Tertiary,Married,0,Mixed,2.6,3,TRUE,FALSE,TRUE,95,TRUE,TRUE,96795.51,TRUE,3468384,None,TRUE,8.4698,3.6646,47,Yes
F2425,29,Male,Benue,Primary,Married,3,Livestock,4,7,TRUE,TRUE,TRUE,59,FALSE,TRUE,96695.96,TRUE,4202325,None,TRUE,9.0617,3.3799,39,Yes
F0014,27,Female,Kano,,Married,3,,2,4,FALSE,FALSE,TRUE,56,TRUE,TRUE,,TRUE,0,None,TRUE,9.1938,6.5361,38,Yes
F2567,25,Male,Enugu,Primary,Married,2,Livestock,1.9,8,TRUE,FALSE,FALSE,53,FALSE,TRUE,21267.96,TRUE,3990906,Remittances,TRUE,6.7035,3.5726,28,Yes
F1600,30,Female,Kano,Tertiary,Married,0,Livestock,3,7,TRUE,FALSE,TRUE,69,FALSE,FALSE,0,FALSE,2965347,None,TRUE,9.3534,7.4644,36,Yes
F1090,26,Female,Enugu,Secondary,Married,3,Livestock,3.1,8,FALSE,FALSE,TRUE,67,TRUE,TRUE,0,FALSE,2091600,None,FALSE,9.9523,7.632,28,No
F2111,33,Female,Kano,Primary,Married,6,Crop,1.9,2,FALSE,FALSE,TRUE,53,TRUE,FALSE,0,FALSE,1403433,Trading,TRUE,6.0021,3.2908,8,No
F0203,30,Male,Kaduna,Primary,Married,1,Livestock,3.5,3,TRUE,FALSE,TRUE,64,TRUE,FALSE,0,FALSE,2003085,Trading,FALSE,6.4122,4.1372,24,No
F2418,32,Male,Oyo,Primary,Single,1,Livestock,4.4,6,FALSE,TRUE,FALSE,54,TRUE,TRUE,59234.14,TRUE,5571684,None,FALSE,8.1414,3.9894,26,No
F0152,22,Male,Kaduna,,Single,0,,3.4,7,TRUE,FALSE,TRUE,37,FALSE,TRUE,,FALSE,0,None,TRUE,6.6853,6.338,23,No
F2901,26,Male,Enugu,Secondary,Single,0,Crop,3.4,3,TRUE,TRUE,FALSE,70,TRUE,TRUE,99223.16,TRUE,4546719,None,FALSE,7.4089,6.827,41,Yes
F1359,18,Male,Benue,Tertiary,Single,0,Crop,2.3,5,FALSE,TRUE,FALSE,26,TRUE,TRUE,89301.56,TRUE,4698063,Trading,FALSE,8.2123,5.2382,36,Yes
F0772,28,Male,Oyo,Primary,Married,2,Crop,3.6,4,TRUE,FALSE,TRUE,55,TRUE,TRUE,82553.32,TRUE,3121281,None,FALSE,6.7412,3.196,27,Yes
F2678,24,Female,Benue,Tertiary,Single,0,Crop,1.5,4,TRUE,FALSE,TRUE,46,FALSE,TRUE,54976.39,TRUE,4114440,None,FALSE,6.7448,5.8923,29,Yes
F1001,21,Male,Enugu,Secondary,Single,0,Mixed,3.1,8,TRUE,TRUE,FALSE,39,FALSE,TRUE,36718.11,TRUE,7303275,Remittances,FALSE,6.6937,5.3802,40,Yes
F0718,28,Female,Kano,Secondary,Single,0,Livestock,4.2,1,FALSE,FALSE,TRUE,73,TRUE,TRUE,0,FALSE,1972395,Remittances,FALSE,6.7797,6.549,27,No
F0612,19,Male,Enugu,Secondary,Single,0,Crop,1,1,TRUE,FALSE,TRUE,71,FALSE,TRUE,0,FALSE,2787372,None,FALSE,6.4429,4.5251,25,No
F0842,26,Male,Benue,Primary,Single,0,Mixed,4,8,TRUE,TRUE,TRUE,65,FALSE,TRUE,65965.56,TRUE,3140172,None,TRUE,9.0285,4.153,35,Yes
F0266,35,Male,Benue,Primary,Married,1,Livestock,2,3,FALSE,TRUE,TRUE,50,FALSE,TRUE,15551.23,TRUE,4364577,None,TRUE,6.3439,7.2167,30,Yes
F0051,27,Female,Kano,Primary,Married,4,Mixed,4.5,4,TRUE,TRUE,FALSE,52,TRUE,FALSE,0,FALSE,3231162,None,FALSE,6.0805,6.7636,16,No
F1195,22,Male,Oyo,Secondary,Married,1,Livestock,3.3,8,FALSE,FALSE,TRUE,49,TRUE,FALSE,0,FALSE,2308482,None,FALSE,6.1572,6.247,22,No
F1270,27,Male,Benue,Secondary,Married,2,Mixed,4.5,3,FALSE,FALSE,TRUE,55,TRUE,TRUE,0,FALSE,3945024,Trading,TRUE,6.2047,7.2146,27,No
F1491,24,Male,Kano,Primary,Single,0,Crop,4.8,9,FALSE,FALSE,TRUE,66,TRUE,TRUE,59631.56,TRUE,5618115,None,FALSE,7.4573,5.2328,30,Yes
F1582,33,Male,Enugu,Secondary,Married,4,Crop,3.1,8,TRUE,TRUE,FALSE,57,FALSE,TRUE,0,FALSE,2540286,None,FALSE,7.5602,7.219,26,No
F0521,32,Female,Kano,Primary,Married,2,Crop,1.9,9,TRUE,FALSE,TRUE,47,FALSE,TRUE,90200.5,TRUE,3969675,None,TRUE,8.4108,3.617,28,Yes
F1694,20,Female,Oyo,Primary,Single,0,Crop,3,8,TRUE,FALSE,TRUE,52,TRUE,TRUE,12314.52,TRUE,4202010,None,TRUE,7.7451,4.4442,35,Yes
F2663,35,Male,Kano,Tertiary,Married,1,Crop,4.7,8,TRUE,TRUE,TRUE,70,TRUE,TRUE,0,FALSE,3359844,Trading,FALSE,8.361,7.3062,36,Yes
F2748,27,Female,Kano,Tertiary,Married,3,Crop,3.2,3,TRUE,TRUE,TRUE,45,FALSE,TRUE,37822.3,TRUE,4657500,Trading,TRUE,7.3366,5.4471,47,Yes
F1921,19,Female,Oyo,Secondary,Married,3,Livestock,1.6,7,TRUE,TRUE,TRUE,89,TRUE,TRUE,66849.25,TRUE,4441176,None,TRUE,8.0924,4.5407,61,Yes
F0102,30,Male,Kano,Primary,Single,0,Crop,2.9,7,TRUE,FALSE,TRUE,50,TRUE,TRUE,0,FALSE,2124432,None,TRUE,8.4998,6.6444,22,No
F0695,21,Female,Oyo,Primary,Married,2,Crop,2.1,5,TRUE,TRUE,TRUE,81,TRUE,TRUE,25547.99,TRUE,5203908,Trading,TRUE,9.188,6.992,45,Yes
F2332,34,Female,Oyo,Tertiary,Married,4,Crop,3.2,9,TRUE,TRUE,FALSE,75,FALSE,TRUE,76005.22,TRUE,4942647,None,FALSE,8.4458,3.8902,45,Yes
F2724,18,Male,Oyo,Primary,Single,0,Crop,1.7,9,TRUE,TRUE,TRUE,69,TRUE,TRUE,66355.15,TRUE,5205744,None,FALSE,9.2967,4.6227,39,Yes
F2272,21,Female,Benue,Secondary,Single,0,Livestock,3.9,8,FALSE,FALSE,TRUE,69,TRUE,TRUE,65625.75,TRUE,6122808,Trading,TRUE,7.7109,6.2555,49,Yes
F2482,19,Female,Oyo,Primary,Married,2,Livestock,1.7,1,TRUE,TRUE,TRUE,74,TRUE,TRUE,62757.34,TRUE,4832640,None,FALSE,8.468,7.7135,37,Yes
F1842,35,Male,Kaduna,Tertiary,Married,2,Crop,3,5,FALSE,TRUE,FALSE,69,TRUE,TRUE,0,FALSE,1743948,None,FALSE,7.9352,5.3807,34,No
F1830,20,Male,Kaduna,,Single,0,,3.7,4,TRUE,TRUE,TRUE,40,FALSE,TRUE,,FALSE,0,None,FALSE,7.5427,4.7393,17,No
F0794,24,Male,Kano,Secondary,Single,0,Mixed,1.7,6,FALSE,TRUE,FALSE,87,TRUE,TRUE,64865.83,TRUE,5920506,None,TRUE,8.2923,3.4531,47,Yes
F1820,31,Female,Oyo,Primary,Married,2,Crop,3.6,8,TRUE,FALSE,TRUE,70,TRUE,TRUE,63915.63,TRUE,4935339,None,TRUE,8.9585,7.1018,40,Yes
F2001,18,Female,Kano,Secondary,Single,0,Crop,3.9,3,FALSE,TRUE,TRUE,57,FALSE,TRUE,0,FALSE,1154394,Remittances,TRUE,9.7885,7.8047,32,No
F0144,28,Female,Kano,Secondary,Married,1,Livestock,1.5,9,TRUE,TRUE,TRUE,56,TRUE,FALSE,0,FALSE,2937087,None,FALSE,8.8192,4.6958,32,Yes
F2525,35,Female,Oyo,Tertiary,Married,3,Crop,1.5,9,FALSE,FALSE,TRUE,60,TRUE,TRUE,59183.9,TRUE,3868101,None,TRUE,9.2843,6.1711,37,Yes
F1330,25,Female,Benue,Primary,Single,0,Crop,3.4,3,TRUE,FALSE,TRUE,41,TRUE,TRUE,0,FALSE,4253283,None,FALSE,6.4084,6.3345,20,No
F2477,26,Male,Enugu,Primary,Married,1,Livestock,4.2,3,TRUE,TRUE,FALSE,51,TRUE,TRUE,25944.56,TRUE,5346270,Trading,FALSE,9.7344,7.359,30,Yes
F2881,28,Male,Enugu,Primary,Married,1,Livestock,3.8,1,TRUE,FALSE,TRUE,27,FALSE,TRUE,82279.47,TRUE,5575131,Trading,FALSE,7.3764,5.8096,26,Yes
F0321,21,Female,Kano,Secondary,Married,1,Crop,5,7,TRUE,FALSE,FALSE,41,FALSE,TRUE,18152.68,TRUE,4376034,None,TRUE,6.418,4.0471,30,Yes
F1261,30,Female,Kaduna,Secondary,Married,2,Crop,1.7,9,FALSE,TRUE,TRUE,88,TRUE,FALSE,0,FALSE,2687310,Trading,TRUE,7.4138,4.2188,36,No
F2414,34,Male,Oyo,Secondary,Married,0,Crop,1.4,5,FALSE,FALSE,TRUE,83,TRUE,TRUE,0,FALSE,2693124,Trading,FALSE,7.3014,4.6113,31,No
F1269,21,Female,Benue,Primary,Single,0,Crop,4.1,7,TRUE,FALSE,TRUE,65,TRUE,TRUE,42895.74,TRUE,5034780,Trading,TRUE,6.2662,6.6056,39,Yes
F1760,18,Male,Kaduna,Primary,Single,0,Crop,1.3,1,TRUE,TRUE,TRUE,89,TRUE,TRUE,37576.16,TRUE,5064516,Remittances,FALSE,6.7482,4.0652,37,Yes
F0416,21,Male,Benue,Secondary,Married,2,Livestock,3.1,9,TRUE,FALSE,TRUE,59,TRUE,TRUE,0,FALSE,2097603,Remittances,TRUE,9.7061,3.049,31,Yes
F2631,20,Male,Oyo,None,Married,1,Livestock,2,4,TRUE,FALSE,TRUE,26,FALSE,TRUE,0,FALSE,1872522,Remittances,TRUE,8.8204,4.1411,14,No
F2291,31,Female,Oyo,Secondary,Married,2,Crop,1.9,8,FALSE,TRUE,TRUE,40,FALSE,TRUE,86878.64,TRUE,4277133,Trading,FALSE,9.1845,4.7884,35,Yes
F0174,33,Male,Oyo,Secondary,Married,3,Crop,4.5,1,TRUE,FALSE,TRUE,54,FALSE,TRUE,62730.78,TRUE,4857345,None,FALSE,6.7545,3.5674,41,Yes
F1725,34,Female,Kano,Tertiary,Married,1,Livestock,4.3,1,TRUE,TRUE,TRUE,71,TRUE,TRUE,80187.36,TRUE,5791707,None,TRUE,6.0639,4.788,52,Yes
